"","Vehicle-6hr_Huh7_M1","Vehicle-6hr_Huh7_M2","Vehicle-6hr_Huh7_M3","Vehicle-24hr_Huh7_M1","Vehicle-24hr_Huh7_M2","Vehicle-24hr_Huh7_M3","TNFa-6hr_Huh7_M1","TNFa-6hr_Huh7_M2","TNFa-6hr_Huh7_M3","TNFa-24hr_Huh7_M1","TNFa-24hr_Huh7_M2","TNFa-24hr_Huh7_M3","ACSM5-6hr_Huh7_M1","ACSM5-6hr_Huh7_M2","ACSM5-6hr_Huh7_M3","ACSM5-24hr_Huh7_M1","ACSM5-24hr_Huh7_M2","ACSM5-24hr_Huh7_M3","TNFa-ACSM5-6hr_Huh7_M1","TNFa-ACSM5-6hr_Huh7_M2","TNFa-ACSM5-6hr_Huh7_M3","TNFa-ACSM5-24hr_Huh7_M1","TNFa-ACSM5-24hr_Huh7_M2","TNFa-ACSM5-24hr_Huh7_M3"
"CE(14:0)+NH4",22771.5826448057,16159.4234675546,35745.1656845263,47737.132152919,36300.2088191106,24863.2854853021,10626.6719759074,9755.46727930082,8884.26258269425,NA,NA,NA,NA,NA,NA,NA,NA,NA,38111.7589190978,20915.5663934647,29513.6626562812,NA,NA,NA
"CE(15:0)+NH4",57084.5629336179,53623.5892977648,50162.6156619118,NA,NA,NA,NA,NA,NA,67103.0212026494,43386.6213065803,55244.8212546148,38219.5729893356,106954.603261007,22985.762125487,87264.580869995,137077.661829371,37451.4999106189,94100.550357838,20332.130988439,15269.7386543839,30310.0768777378,75493.6454802162,11031.2013110929
"CE(16:0)+NH4",363466.205664269,460268.318198214,411867.261931241,654489.920111365,394419.8648172,524454.892464282,567257.782823378,310101.902904991,43220.3281014321,513088.96823145,245742.25124205,379415.60973675,611700.492867909,530361.523526384,571031.008197146,998596.385926646,1142756.63762725,35671.5227544408,434809.851446335,442054.265152945,51658.6038565566,627897.232628971,573247.407799312,600572.320214142
"CE(16:1)+NH4",172730.878161795,437097.572656697,32247.0034603821,362333.337045782,166523.046939159,24126.5816145618,302169.156507872,248892.935913006,30431.3468220938,49654.7566213041,87526.0211033766,41247.5215785213,191844.830700299,49486.5684604405,120665.69958037,133337.198939116,183924.817756869,158631.008347992,194739.277899952,68182.6108643065,44990.1023186377,133421.92864794,101107.667416222,37321.4505063683
"CE(18:3)+NH4",20361.250502352,26027.14015728,14695.3608474241,NA,NA,NA,30664.8238825588,49031.1506483675,12298.4971167501,NA,NA,NA,NA,NA,NA,NA,NA,NA,NA,NA,NA,NA,NA,NA
"CE(20:0)+NH4",18696.5471558107,22746.8471735228,14646.2471380985,NA,NA,NA,14799.8078282133,12852.7762627203,10905.7446972273,NA,NA,NA,NA,NA,NA,NA,NA,NA,NA,NA,NA,7023.85362554885,11207.3755676322,15390.8975097155
"CE(20:1)+NH4",25308.505769715,31460.901341256,19156.110198174,15469.0891896224,8945.08603103095,21993.0923482138,NA,NA,NA,NA,NA,NA,NA,NA,NA,NA,NA,NA,NA,NA,NA,NA,NA,NA
"CE(20:2)+NH4",NA,NA,NA,NA,NA,NA,NA,NA,NA,NA,NA,NA,NA,NA,NA,27601.9274989807,26742.3185853976,28461.5364125639,NA,NA,NA,NA,NA,NA
"CE(20:5)+NH4",NA,NA,NA,NA,NA,NA,9427.99840180417,26565.7861899698,43703.5739781355,18631.5856313527,14766.6919965172,16699.138813935,NA,NA,NA,NA,NA,NA,NA,NA,NA,NA,NA,NA
"CE(22:1)+NH4",NA,NA,NA,NA,NA,NA,NA,NA,NA,NA,NA,NA,NA,NA,NA,10641.95366699,14202.5252493923,7081.38208458766,NA,NA,NA,NA,NA,NA
"CE(22:2)+NH4",NA,NA,NA,NA,NA,NA,NA,NA,NA,NA,NA,NA,15830.0446799291,10116.6448135559,12973.3447467425,NA,NA,NA,NA,NA,NA,NA,NA,NA
"CE(22:4)+NH4",NA,NA,NA,NA,NA,NA,NA,NA,NA,NA,NA,NA,NA,NA,NA,NA,NA,NA,20667.610448408,20698.1320019935,20728.653555579,NA,NA,NA
"CE(22:5)+NH4",NA,NA,NA,NA,NA,NA,NA,NA,NA,NA,NA,NA,NA,NA,NA,NA,NA,NA,40245.9237850607,19530.6344029863,29888.2790940235,NA,NA,NA
"CE(22:6)+NH4",NA,NA,NA,NA,NA,NA,NA,NA,NA,80428.64224059,53785.3812338609,27142.1202271319,NA,NA,NA,37370.8401148915,48018.037297117,42694.4387060042,NA,NA,NA,NA,NA,NA
"CE(24:0)+NH4",NA,NA,NA,NA,NA,NA,NA,NA,NA,6112.1766164204,7408.15129114385,6760.16395378212,NA,NA,NA,NA,NA,NA,NA,NA,NA,NA,NA,NA
"CE 24:5 +NH4",23624.9435212035,36337.4318345161,10912.455207891,NA,NA,NA,NA,NA,NA,NA,NA,NA,NA,NA,NA,NA,NA,NA,NA,NA,NA,17316.5702055734,26368.5613879432,21842.5657967583
"CE 24:6 +NH4",116549.502630414,65636.5819966636,14723.6613629132,NA,NA,NA,NA,NA,NA,81123.0130269953,52618.3238050291,24113.6345830628,60599.5101953768,39578.6093853293,18557.7085752819,NA,NA,NA,NA,NA,NA,NA,NA,NA
"Cer(d18:2/14:0)+H",3269744.01509055,3066449.99377449,67490.3457299066,2986456.25961046,1499266.35778445,2242861.30869746,3144323.61400738,2444489.15050523,2794406.3822563,4797240.87233246,2553803.00230911,3675521.93732079,2835692.30040435,1831289.6329034,32932.6077226861,2086814.01735241,1844885.92330494,82697.6589075936,2714304.78254857,1949979.42589304,2332142.10422081,2100390.98145777,2198266.3849065,46889.1317530276
"Cer(d18:1/14:0)+H",6296892.43292972,6450151.25422295,6373521.84357633,4695125.1268875,3317558.70043866,4006341.91366308,5467952.22750481,4433669.88715479,42446.8555426511,7335423.87192765,5963072.35734598,22963.7362208515,7174938.73690169,5958840.62101136,6566889.67895653,4223276.6441876,4349977.72155236,4286627.18286998,6101070.27938378,6207677.75264059,6154374.01601219,5244125.90235991,4914724.44574833,43239.6178459983
"Cer(d16:1/16:0)+H",9004302.28805681,9004637.72776935,9004470.00791308,4607124.19552307,4431611.1604285,14228.9984409331,7357681.8369939,7531722.21995667,7444702.02847528,5412749.94283407,8855413.21919724,7134081.58101565,9283686.09606452,9456990.11516448,9370338.1056145,5567312.94770685,5362229.05335588,5464771.00053137,10953778.8230902,11475803.2252114,11214791.0241508,8287271.09368782,8128041.34764213,18645.1960047169
"CER(d18:0/14:0)+H",593209.637769343,579133.839378956,90274.0515277214,584237.664956209,584662.772483972,93044.7998222224,801525.067748774,699611.904243638,96971.1112788735,437406.687685355,553088.257593184,100168.227320058,861066.455663326,1014540.14705546,75850.3448191656,719569.654266904,808870.615494641,27472.4233259231,849670.665109541,197884.97004464,43997.0831372216,389415.273192261,704524.865302714,546970.069247487
"Cer(d17:1/16:0)+H",NA,NA,NA,NA,NA,NA,NA,NA,NA,NA,NA,NA,NA,NA,NA,NA,NA,NA,18890777.7172922,21543369.0754128,32881.6697268693,NA,NA,NA
"Cer(d18:2/16:0)+H",27977019.291668,28670524.7986261,16333.5339261846,20779158.8823744,16292445.8477292,30360.793312394,27032285.5766898,23209787.4443353,25121036.5105125,39874097.6163886,30523126.766672,35198612.1915303,25827611.0560892,24504223.1921902,25165917.1241397,18122528.6431989,17963581.515044,28924.5719146046,30613365.5971103,30506954.4643621,39131.4231858326,28544944.8367826,27019467.6550702,40749.4887798076
"Cer(d18:1/16:0)+H",205134718.814969,216458258.158978,80086.3719897629,149035230.85314,110331842.230101,154128.251175881,188500311.532728,168564300.794452,178532306.16359,212626946.495472,187549435.980892,212055.871303956,205189029.786777,207270899.8252,206229964.805988,158267455.943846,165035143.081027,161651299.512437,224308527.762932,214427796.290131,271836.315056241,189040188.756475,177064722.680749,318311.152393124
"CER(d18:0/16:0)+H",4511433.92368763,4845512.51950509,4678473.22159636,NA,NA,NA,NA,NA,NA,NA,NA,NA,NA,NA,NA,NA,NA,NA,NA,NA,NA,NA,NA,NA
"Cer(d18:2/17:0)+H",836445.412936546,662295.226550065,749370.319743305,220662.982838927,203561.05741885,212112.020128888,631479.821580008,508977.524158447,570228.672869227,709036.063082173,649286.041867274,679161.052474723,732884.877675261,686418.635333307,709651.756504284,372368.259355389,506766.219292061,439567.239323725,921429.902972434,766504.679055733,843967.291014083,568735.673256694,729583.299300911,649159.486278803
"Cer(d18:2/18:0)+H",10866027.7214542,11533122.6483744,11199575.1849143,6014206.06697313,5277047.57484033,5645626.82090673,9514885.16200012,8077705.05712275,8796295.10956144,12170597.6997314,11492397.1466953,11831497.4232133,10122813.073723,9089818.60775373,9606315.84073836,6641471.60337677,6867979.93952812,52056.7342916344,10387334.3385175,11164933.0019793,10776133.6702484,10569175.5380539,11461887.4914975,79970.1200300241
"CER(d18:1/18:1)+H",4574336.68976962,3746416.07027509,49542.3822557536,3225948.29776549,2273225.57934161,15663.9425714992,2813692.32216066,3634060.97509308,63640.1911760027,2162937.14921464,3945912.60975263,3054424.87948364,2085376.93257526,2364524.5836362,2224950.75810573,1884981.46975977,2007543.95502702,21897.7487522866,2326196.70008592,2905229.86766613,46820.3056170609,1546988.7204332,2101805.87360604,1824397.29701962
"Cer(d16:1/20:0)+H",NA,NA,NA,NA,NA,NA,NA,NA,NA,NA,NA,NA,NA,NA,NA,NA,NA,NA,17323.5228224279,18679.302546756,20035.0822710841,NA,NA,NA
"CER(d18:0/18:1)+H",47187.7065673816,82314.0155407938,10987.8089517782,46533.9840286833,98687.6046389211,19543.5560092381,NA,NA,NA,85221.7307841437,70305.5168525795,11760.2708021863,124639.304921807,69000.0733886395,9954.23696925494,73805.5534477323,102545.80343987,20114.7347759041,47086.0859097175,73463.877023026,20589.3503703122,137764.422539938,61341.1395386925,99552.7810393152
"CER(d18:0/18:0)+H",NA,NA,NA,97582.91691764,52393.6590600586,74988.2879888493,104733.171761584,85786.4516814426,22748.090724381,NA,NA,NA,49775.9385388665,43025.0354198145,26701.1621578707,39894.7076278781,31955.2032638626,24015.6988998471,NA,NA,NA,NA,NA,NA
"Cer(d17:1/20:0)+H",58511.612874627,36091.4181797154,66833.8957663607,78339.7821047125,86810.4928200898,34315.31322263,NA,NA,NA,30658.5809111931,18983.5015891407,42333.6602332454,35793.7846043997,79337.6143912335,57565.6994978166,61630.1432533798,56369.5809555821,66890.7055511775,NA,NA,NA,22096.5894352617,32089.34318066,42082.0969260583
"Cer(d19:1/18:0)+H",26308.7729000682,18558.8824312255,34058.6633689108,NA,NA,NA,16614.9774640302,11365.2870205839,13990.1322423071,NA,NA,NA,NA,NA,NA,12552.3107345876,20132.0181422794,25603.1679696991,NA,NA,NA,NA,NA,NA
"Cer(d18:2/20:0)+H",15858.0202134592,13352.7973052431,10847.5743970271,NA,NA,NA,NA,NA,NA,NA,NA,NA,NA,NA,NA,NA,NA,NA,NA,NA,NA,NA,NA,NA
"CER(d18:1/20:1)+H",NA,NA,NA,NA,NA,NA,28363.1742700464,33013.3024131337,23713.0461269591,26538.0560488608,20487.0283093613,14436.0005698618,NA,NA,NA,NA,NA,NA,20333.5301165651,9107.17796317962,15688.60429529,20079.432943471,12774.8452286151,27384.020658327
"CER(d18:0/20:1)+H",NA,NA,NA,17392.9557701591,26780.6075001409,15894.5430423281,NA,NA,NA,26827.9756845143,21897.00663579,31758.9447332385,NA,NA,NA,NA,NA,NA,NA,NA,NA,48647.1383759301,21159.2633493144,34903.2008626223
"Cer(d18:1/20:0)+H",NA,NA,NA,NA,NA,NA,NA,NA,NA,NA,NA,NA,NA,NA,NA,NA,NA,NA,NA,NA,NA,28528.0650665263,21156.2927071549,35899.8374258977
"Cer(d20:1/18:0)+H",9954.80333280772,9312.40648463404,8670.00963646036,NA,NA,NA,NA,NA,NA,NA,NA,NA,NA,NA,NA,7655.81740444095,11164.9454197665,14674.0734350921,NA,NA,NA,NA,NA,NA
"CER(d18:0/20:0)+H",18881.4876631532,24169.1078215813,13593.867504725,NA,NA,NA,NA,NA,NA,NA,NA,NA,18806.7421665455,16074.4231189124,17440.582642729,12282.4390839696,35119.1746257493,38294.0165011444,NA,NA,NA,23078.8269741137,31571.0467586234,40063.2665431331
"Cer(d17:1/22:0)+H",NA,NA,NA,13622.8155407669,10907.1474759339,12264.9815083504,6917.2340410181,10578.1670727236,3256.3010093126,NA,NA,NA,NA,NA,NA,NA,NA,NA,24519.5002124814,10697.059773709,17608.2799930952,NA,NA,NA
"Cer(d19:1/20:0)+ H",NA,NA,NA,NA,NA,NA,NA,NA,NA,NA,NA,NA,NA,NA,NA,47970.1522441018,74769.9213204269,21170.3831677766,33438.9529541358,28080.3554288729,52823.1164550425,NA,NA,NA
"CER(d18:0/22:1)+H",45995.0674946681,36534.8103472174,41264.9389209428,NA,NA,NA,NA,NA,NA,29738.3688140047,26699.0723278659,23659.775841727,NA,NA,NA,NA,NA,NA,NA,NA,NA,37269.8002755993,31101.2733400577,34185.5368078285
"Cer(d16:1/24:1)+H",NA,NA,NA,NA,NA,NA,NA,NA,NA,NA,NA,NA,37579.292151925,33074.2979923317,42084.2863115182,NA,NA,NA,NA,NA,NA,NA,NA,NA
"Cer(d18:2/22:0)+H",NA,NA,NA,NA,NA,NA,NA,NA,NA,NA,NA,NA,NA,NA,NA,NA,NA,NA,NA,NA,NA,17092.2260265674,9109.01730478191,13100.6216656746
"CER(d18:1/22:1)+H",23999.9078556681,104110.986648518,64055.4472520931,117909.79246604,64673.9973132239,91291.8948896319,88316.7038008669,173080.480673047,130698.592236957,62446.1165540239,61274.1773343722,38787.5366893435,189784.273510945,46969.080172398,29256.9337630503,160957.134291241,170770.470745578,165863.80251841,206196.07641598,104332.811269279,22680.1736882658,96749.5152989423,104381.65010091,100565.582699926
"Cer(d16:1/24:0)+H",295772.387899579,621275.100501352,458523.744200466,578437.058263357,501325.252110945,18330.5979408654,NA,NA,NA,15686.5755955739,37578.5549322328,26632.5652639034,400791.51006,276526.402532028,338658.956296014,607534.760847453,552950.678431761,10937.7062411692,NA,NA,NA,431259.703292467,465751.669970689,42875.5380247775
"Cer(d18:1/22:0)+H",288645.241334668,597320.08583982,442982.663587244,601881.934714677,281440.162687023,15251.176810824,373600.106672383,344880.331598134,359240.219135259,546786.483995873,367238.317151587,44897.761354508,535685.97125795,675196.241685239,605441.106471594,802791.857457396,673678.407345579,34797.3733938488,936837.789072712,477020.469303922,17203.1495351324,315649.647380314,358664.178343299,10200.9424698544
"CER(d18:0/22:0)+H",224405.839525351,317040.84756915,270723.34354725,277389.946543422,146745.753713023,212067.850128222,206661.296814117,110157.997541456,158409.647177787,154736.594801438,183119.501141099,168928.047971269,441968.692225787,428816.137582738,10764.0578912248,217692.998822298,238719.391146972,23492.6053956784,386804.140661533,481472.671001685,15426.8096070872,140799.657707057,163978.890256528,152389.273981793
"Cer(d17:1/24:1)+H",NA,NA,NA,5231.01839425551,8689.35767270421,12147.6969511529,14564.8746760703,14481.337896779,14397.8011174876,NA,NA,NA,16182.598178439,13702.951383062,11223.3045876849,NA,NA,NA,NA,NA,NA,NA,NA,NA
"Cer(d17:1/24:0)+H",NA,NA,NA,NA,NA,NA,NA,NA,NA,NA,NA,NA,NA,NA,NA,NA,NA,NA,17967.4737063419,14467.6996709118,21467.2477417721,NA,NA,NA
"Cer(d19:1/22:0)+H",NA,NA,NA,NA,NA,NA,NA,NA,NA,29919.1585716793,38256.4785592214,21581.8385841373,NA,NA,NA,NA,NA,NA,9670.43905702709,15138.2665907478,20606.0941244685,NA,NA,NA
"Cer(d18:2/24:1)+H",NA,NA,NA,28199.8190351935,67082.2672812887,47641.0431582411,69469.0000300811,26696.9756481745,30810.9744469603,NA,NA,NA,58852.5856936265,21219.9767274531,40036.2812105398,69462.4852575489,73792.4915200229,53226.9497894332,NA,NA,NA,NA,NA,NA
"Cer(d18:1/24:1)+H",3491395.73590659,4360318.55249934,3925857.14420296,4487060.88547275,2754123.58476212,3620592.23511743,1246149.0442693,2452307.50252186,39990.5860167428,4988087.7167835,2625680.52450797,3806884.12064573,4779244.64008336,5117797.29548956,4948520.96778646,5354268.0409757,4304264.83978707,4829266.44038139,5850349.95302439,4126327.64564093,4988338.79933266,3304173.08978313,4691840.14775721,3998006.61877017
"Cer(d18:2/24:0)+H",16347473.6408472,21973844.2248725,19160658.9328598,18527144.8080145,9284121.27112045,41097.7342264055,NA,NA,NA,20994083.7124011,15241430.0105633,18117756.8614822,36357.8937887459,31891.0407013485,27424.1876139511,12503701.3863357,16105319.5747998,14304510.4805677,10306309.3972591,11504225.1300207,10905267.2636399,12135520.3567924,12413792.9850616,12274656.670927
"Cer(d18:1/24:0)+H",28341358.9985874,37499386.2259459,32920372.6122666,NA,NA,NA,NA,NA,NA,24226630.7748973,12133388.0600866,40145.3452759738,37283445.8673834,26904016.7590203,32093731.3132018,30924755.0412184,39859704.5669829,10031.3257392107,37576323.636357,20845209.6985933,29210766.6674751,24711405.3086954,24993033.5641012,24852219.4363983
"Cer(d20:1/22:0)+H",145504.004905094,121954.593701919,133729.299303507,NA,NA,NA,155622.539673016,111106.076922638,133364.308297827,41541.3094813413,57573.1125812419,25509.5063814406,NA,NA,NA,218666.616899648,122315.596651282,25964.5764029163,151321.41409492,24355.6567944498,87838.5354446849,172755.380449717,21924.5285804331,12999.1367247903
"CER(d18:0/24:1)+H",2098734.23244271,2584471.58045709,2341602.9064499,2426543.6229046,1581948.87842285,12079.5235143304,2288701.0173741,1794729.67832685,14616.4648349213,1417503.63460789,1027179.62285009,28413.2695872544,4278435.18815343,4402020.22372255,57723.7353166668,2626286.13676512,3004145.28234793,20487.5192658475,2515655.9881507,2692966.1834475,2604311.0857991,2420139.08024419,1774252.79675832,14100.0357336264
"CER(d18:0/24:0)+H",1878440.02621362,2578033.64376791,2228236.83499076,1576903.87284605,1094139.31379301,1335521.59331953,10019.3489143686,2000610.09329429,1005314.72110433,2127142.78125876,1067124.8372063,7106.89315384093,2582500.05362979,2321524.73192914,22518.953154306,2020411.95035736,1704150.87429476,13986.0053909145,2305675.81028127,1667937.98826457,1986806.89927292,1762132.36806964,42091.9150586144,21370.6238523407
"Cer(d19:1/24:1)+H",NA,NA,NA,NA,NA,NA,NA,NA,NA,NA,NA,NA,NA,NA,NA,NA,NA,NA,2023055.21835651,1023129.75178913,23204.2852217487,NA,NA,NA
"Cer(d19:1/24:0)+H",1633008.85703666,2497864.08815246,2065436.47259456,2109652.8338431,1028404.56637072,1569028.70010691,2179012.5182006,1638837.08457565,9750.88619013924,2634100.8425652,982189.379368609,1808145.11096691,3841846.94863189,1973019.82170422,2907433.38516806,3858324.40613198,3894031.26190758,3876177.83401978,3279372.7602264,1855898.83076161,2567635.79549401,3042357.28952004,2731098.19673568,2886727.74312786
"Cer(d18:2/26:0)+H",1012640.03804722,1181395.53786676,1097017.78795699,720142.242151546,352930.58577961,16697.6340385555,865897.208019061,595349.115295951,730623.161657506,1316009.69115391,349617.903018859,8724.01778222061,839485.119116054,575361.195411758,707423.157263906,1017901.97208372,1256040.98032926,8792.30421062142,695071.629398011,476450.668550819,585761.148974415,504488.38785819,620131.047169001,44035.4854553418
"Cer(d20:1/24:1)+H",811881.694605359,632908.857806226,722395.276205793,NA,NA,NA,NA,NA,NA,NA,NA,NA,NA,NA,NA,1622339.62319146,2131275.02480671,1876807.32399908,965489.667453062,648861.243763404,27545.672755022,993208.986680197,1057920.65501303,12417.4926971005
"CER(d18:1/26:1)+H",5624449.46687955,5937508.9108651,30050.9402257875,NA,NA,NA,NA,NA,NA,6524446.39509253,3274710.09348732,24973.7918821164,8847212.10616814,7418015.41733758,8132613.76175286,9915797.00010308,8175189.20704158,9045493.10357233,8556274.60378004,3863880.5678878,23357.965751401,4927541.92897882,5943963.63285782,26138.9648128902
"CER(d18:0/26:1)+H",42003.0979574202,82395.572968654,24354.683408845,38776.5424666048,36054.0429848381,17900.6430314722,85056.1856429488,83577.0437068664,19967.0044016622,16575.2592923086,19544.1937011882,13606.3248834291,47421.1278795933,45115.0602238587,26965.2814700723,100457.543417524,47715.8378931058,74086.6906553149,86510.0699097324,59975.9186967323,12097.2315255941,56809.8416224242,49330.9537833606,11759.4392166531
"Cer(d18:1/26:0)+H",NA,NA,NA,NA,NA,NA,NA,NA,NA,NA,NA,NA,NA,NA,NA,NA,NA,NA,38405.7393751145,18430.0792116308,28417.9092933726,762039.260594015,12673.8810181974,18137.18459832
"CER(d18:0/26:0)+H",NA,NA,NA,NA,NA,NA,33060.301978249,38919.1191505834,35989.7105644162,48838.5893020674,14647.224911715,9514.01778342824,61981.4326484364,27411.7959011835,11082.0832906612,40307.2809220781,54516.1828226756,47411.7318723768,43792.1475687986,27344.956072475,35568.5518206368,24744.4009961364,35998.9432563658,13489.858735907
"Cer(d19:1/26:0)+H",122845.108824062,77912.0040160822,32978.8992081023,NA,NA,NA,NA,NA,NA,17278.8168178566,16117.1460488608,18440.4875868525,27793.4482047895,20950.1069662024,14106.7657276154,36959.7729499338,12592.3635526707,25184.7271053415,40707.91062897,49623.3367907158,21933.6761642829,NA,NA,NA
"Cer(d20:1/26:0)+H",NA,NA,NA,NA,NA,NA,19349.0137687678,20657.939168273,18040.0883692626,NA,NA,NA,NA,NA,NA,NA,NA,NA,NA,NA,NA,NA,NA,NA
"GlcCer(d18:0/18:0)+H",11441.4149044611,13338.7185690411,42328.8473164626,NA,NA,NA,NA,NA,NA,NA,NA,NA,30355.8189751028,13278.0278721226,21816.9234236127,22199.910748081,23911.0678468607,20488.7536493014,NA,NA,NA,NA,NA,NA
"GlcCer(d18:0/20:0)+H",NA,NA,NA,39897.6613008752,26805.3209719022,13712.9806429291,NA,NA,NA,25199.0445978072,25769.5637804062,24628.5254152082,NA,NA,NA,NA,NA,NA,NA,NA,NA,NA,NA,NA
"GlcCer(d18:0/22:0)+H",33155.3812397784,22382.8136249228,11610.2460100673,22360.728158147,37253.3567469655,29807.0424525562,22866.9062680704,30776.2762128678,14957.5363232731,13129.4107892339,21988.9761463353,30848.5415034367,27439.4672419817,18092.5213489535,22765.9942954676,NA,NA,NA,NA,NA,NA,39404.9637983568,33890.0187602069,36647.4912792819
"GlcCer(d18:0/24:0)+H",24702.2766775193,11500.6663143951,18101.4714959572,NA,NA,NA,29171.6771871811,25991.0923641961,27581.3847756886,28261.9209911557,16123.9957866058,22192.9583888808,17009.8608917484,17547.1122332076,18084.3635746667,NA,NA,NA,19684.318612709,54803.7573725837,13940.3209674614,28921.6212667548,28635.7214712154,28778.6713689851
"GlcCer(d18:0/24:1)+H",12748.0052896889,23923.3027040858,18335.6539968874,NA,NA,NA,27612.260155197,24532.7535797614,21021.077306468,37713.9717153945,16181.0707811092,26947.5212482519,24143.8350027503,45373.8863884073,34758.8606955788,NA,NA,NA,24294.8117299427,9940.52428131134,11810.7294202165,28726.8962096682,39939.1149767468,34333.0055932075
"GlcCer(d18:0/26:0)+H",NA,NA,NA,NA,NA,NA,10549.6951457325,4612.4408049287,16486.9494865362,16730.3203999847,11715.9663450851,14223.1433725349,NA,NA,NA,NA,NA,NA,NA,NA,NA,NA,NA,NA
"GlcCer(d18:0/26:1)+H",15150.8798170512,12385.9660308801,17915.7936032223,42266.0755321256,17469.7789630745,30574.9335720721,22757.2356396907,27158.4784451981,18355.9928341832,12247.8469623455,45786.9835274482,41159.356290309,NA,NA,NA,30367.1959767535,17453.8996897135,23910.5478332335,NA,NA,NA,NA,NA,NA
"GlcCer(d18:1/16:0)+H",18961.3672162214,18681.3287812324,18821.3479987269,31640.6812421024,32759.265103262,33877.8489644215,NA,NA,NA,25828.2776120976,31843.8575688101,28836.0675904539,NA,NA,NA,13907.8531791352,41568.0248402105,13694.4264085824,NA,NA,NA,NA,NA,NA
"GlcCer(d18:1/18:0)+H",NA,NA,NA,20058.8090417691,13445.5512451337,33881.8178712773,17437.3956297273,18892.3153571708,20347.2350846142,NA,NA,NA,NA,NA,NA,11960.9365014732,11311.7406557647,10662.5448100561,21315.2562264838,26831.5325795516,15798.979873416,14299.021896857,12421.8589700661,16176.1848236479
"GlcCer(d18:1/18:1)+H",NA,NA,NA,29518.4475759144,25254.6099564601,20990.7723370058,NA,NA,NA,NA,NA,NA,NA,NA,NA,32777.059999874,13660.6937562299,23218.8768780519,NA,NA,NA,21832.2536367201,16910.1303978774,18905.5498454536
"GlcCer(d18:1/20:0)+H",NA,NA,NA,NA,NA,NA,11716.5973051437,10808.7334069973,16925.9983827528,16455.1593516472,16865.674534011,10699.6537786004,8958.26099824483,6502.58751784637,11413.9344786433,NA,NA,NA,8714.21157999826,8081.40881125817,8397.81019562822,10158.6885505233,12128.1787336997,8189.19836734688
"GlcCer(d18:1/20:1)+H",NA,NA,NA,NA,NA,NA,32012.2803048851,26481.1814347474,37543.3791750228,NA,NA,NA,15985.5155016568,13795.8925079017,18175.138495412,26854.6139048025,24327.595098869,45182.9173416293,27203.3114597102,27462.226550577,27721.1416414437,NA,NA,NA
"GlcCer(d18:1/22:0)+H",NA,NA,NA,22604.3355040674,9216.26490581752,15910.3002049425,27339.1247685981,25119.562332716,19198.4693911695,NA,NA,NA,NA,NA,NA,NA,NA,NA,NA,NA,NA,NA,NA,NA
"GlcCer(d18:1/22:1)+H",NA,NA,NA,NA,NA,NA,NA,NA,NA,34491.4882252892,25735.2835369256,30113.3858811074,NA,NA,NA,31083.6758857071,15281.8930592156,23182.7844724613,NA,NA,NA,23594.8399735901,28568.9069130595,18620.7730341207
"GlcCer(d18:1/24:0)+H",25148.3683990885,17277.3779520304,21212.8731755594,NA,NA,NA,NA,NA,NA,23229.8429772734,22616.1891072861,22002.5352372988,28990.773531826,21769.5306904105,14548.2878489951,51948.2972261509,34672.4603606777,43310.3787934143,NA,NA,NA,NA,NA,NA
"GlcCer(d18:1/24:1)+H",28689.8905494362,25432.8562073358,31946.9248915366,23182.9348013886,17627.8084869396,28738.0611158376,23226.7775579413,46164.6024415481,23027.5871471083,12206.6431392007,17082.2606295623,18350.7574647073,NA,NA,NA,21165.2292484098,10258.7509225413,15711.9900854756,30877.4242931268,28360.1115693868,25842.7988456469,NA,NA,NA
"GlcCer(d18:1/26:0)+H",NA,NA,NA,52287.8093635159,35038.8597626447,43663.3345630803,NA,NA,NA,NA,NA,NA,NA,NA,NA,NA,NA,NA,NA,NA,NA,NA,NA,NA
"GlcCer(d18:1/26:1)+H",25085.4091111212,26474.6675330331,23696.1506892093,NA,NA,NA,25156.137710587,23514.9456084703,20292.5574318954,34042.0894316346,24277.9767697205,33120.9212880088,NA,NA,NA,NA,NA,NA,NA,NA,NA,NA,NA,NA
"LacCer(d18:0/18:0)+H",NA,NA,NA,NA,NA,NA,57052.3335116153,183418.023424653,120235.178468134,NA,NA,NA,NA,NA,NA,NA,NA,NA,221342.681543558,115812.433737753,10282.1859319476,25357.8126199889,24361.6608586111,26353.9643813667
"LacCer(d18:0/20:0)+H",24215.0159068035,50010.4592909533,26138.4325484494,124182.656484661,60457.1651148353,54090.4999286205,25156.8134093394,53975.1588156297,39565.9861124845,56722.4588560389,58482.7139737169,57602.5864148779,73999.0500795999,73001.7271564794,73500.3886180397,120423.196362992,62013.6847467585,91218.4405548753,105796.569952728,82265.0348749152,94030.8024138216,NA,NA,NA
"LacCer(d18:0/22:0)+H",216220.561681775,165838.244243131,191029.402962453,NA,NA,NA,234333.651490251,152000.002884204,10701.317781142,105773.702883759,194534.304242299,17013.1015252181,161591.763251849,158452.263419902,26006.2846419175,128896.281672892,141491.814520141,52582.0032059812,138864.4553876,216583.231116669,177723.843252135,98510.5743859781,85355.9386714552,15692.8615904236
"LacCer(d18:0/24:0)+H",37988.9922733289,43906.5546739353,32071.4298727225,19096.1416830213,24824.6632996573,35956.1567635093,36471.4888871662,52950.6530453876,44711.0709662769,41890.65705567,31493.6554963157,21096.6539369614,49112.4570279995,64388.6497526634,56750.5533903314,36538.6375428661,78373.7322778676,57456.1849103669,NA,NA,NA,NA,NA,NA
"LacCer(d18:0/24:1)+H",167243.02056166,270626.263650418,218934.642106039,252862.087662396,199828.09247058,226345.090066488,230506.701822279,218154.19145744,224330.446639859,236690.160581745,220150.727210138,228420.443895942,226359.329352187,184046.671469631,205203.000410909,224330.798619434,263133.990034248,243732.394326841,NA,NA,NA,201224.015317336,270513.225081553,235868.620199445
"LacCer(d18:0/26:0)+H",NA,NA,NA,76234.9638369758,59156.6925739277,42078.4213108796,40116.5493144097,45729.8706856403,34503.2279431791,52134.4538758681,75351.0264587311,29725.4758475094,8212.97246728467,48777.7118950657,28495.3421811752,143462.428583479,47518.8623499209,54660.2576407326,NA,NA,NA,77970.2198080454,64596.701187346,62888.3051662404
"LacCer(d18:0/26:1)+H",57631.3216295218,41382.8123453037,16098.704989278,43845.1474237092,28500.0104078286,13154.8733919479,NA,NA,NA,37676.939857456,23732.9122449552,13109.3165298273,38654.5630022827,25124.156585314,11593.7501683452,NA,NA,NA,16792.5552321788,24095.5635718812,9489.54689247646,40042.8444461837,45046.0124068933,35039.6764854741
"LacCer(d18:1/14:0)+H",NA,NA,NA,NA,NA,NA,NA,NA,NA,29228.3701329006,31702.4692370264,26754.2710287748,17836.6658718102,36183.094503712,54529.5231356138,NA,NA,NA,39662.5077799358,39114.511908484,38566.5160370322,NA,NA,NA
"LacCer(d18:1/16:0)+H",NA,NA,NA,NA,NA,NA,NA,NA,NA,NA,NA,NA,18550.0263884703,23566.8729036979,21058.4496460841,NA,NA,NA,33055.5592296088,41834.0328212298,37444.7960254193,23681.4867332826,34080.1306720975,21509.3892520318
"LacCer(d18:1/18:0)+H",NA,NA,NA,NA,NA,NA,NA,NA,NA,28576.6181139296,56217.4480154032,42397.0330646664,36786.6195691274,39997.5114513357,33575.727686919,NA,NA,NA,35745.5925243951,39188.5537294358,41138.8709832732,NA,NA,NA
"LacCer(d18:1/18:1)+H",NA,NA,NA,62479.5896879831,40856.4908611386,19233.3920342941,NA,NA,NA,29461.421692879,38902.0079188049,20987.3618599024,40940.3976905219,21512.7514651973,31226.5745778596,78444.8681916381,50778.7168006157,35350.431991944,41885.999532189,41887.8420077874,41886.9207699882,NA,NA,NA
"LacCer(d18:1/20:0)+H",23194.554610317,23250.0343783459,23305.5141463748,15794.4610633954,15790.694354038,15786.9276446805,34357.5944491229,30829.5016616263,14749.4605141938,NA,NA,NA,16930.8157280579,30453.1875816803,23692.0016548691,NA,NA,NA,24073.9634078697,26547.3765005107,21600.5503152288,17170.6838291172,25355.9235567587,19524.115358534
"LacCer(d18:1/20:1)+H",NA,NA,NA,12624.8710157179,33409.1645262415,23017.0177709797,36615.0678609812,27916.811599751,19218.5553385208,NA,NA,NA,NA,NA,NA,NA,NA,NA,NA,NA,NA,NA,NA,NA
"LacCer(d18:1/22:0)+H",NA,NA,NA,NA,NA,NA,NA,NA,NA,30675.9805940058,30085.5563158069,17843.6488554873,40606.4657227014,27488.8015423244,34047.6336325129,34355.8565994459,44498.5327713599,12576.365883015,41128.9206095376,35708.4409498833,30287.961290229,41685.2908426885,39428.3480939706,24159.3509315157
"LacCer(d18:1/22:1)+H",123642.953068455,43607.1212075708,83625.0371380129,30852.4068364266,41260.3691997676,36056.3880180971,120426.63258041,10941.5349011421,18360.1844293591,NA,NA,NA,124342.977739466,83485.8741296279,11316.2347587152,33117.6191494943,98126.4154344557,27425.2357324334,111382.183319496,47790.4203165466,24189.0662147873,58773.5135376965,108001.205229241,18322.4634763161
"LacCer(d18:1/24:0)+H",32331.9688612863,16243.9164350729,24287.9426481796,29671.3353502121,30847.6418297561,36389.52832813,21902.1250228064,36262.1235118916,29082.124267349,22502.865169674,42805.3354658355,32654.1003177547,43206.4124044623,43310.0686802891,23741.2887838048,28103.9786662094,53357.9803427572,40730.9795044833,43048.954273255,59594.6164984276,51321.7853858413,18122.8153984921,6991.65757475418,26365.0704267124
"LacCer(d18:1/24:1)+H",NA,NA,NA,44498.588898189,49852.319659084,47175.4542786365,27377.7715965738,38031.2220069097,16724.3211862378,46204.2626141075,51107.1623386824,41301.3628895325,37203.0100143872,27235.0560569588,32219.033035673,NA,NA,NA,NA,NA,NA,19575.1622367705,14042.9906554365,25107.3338181046
"LacCer(d18:1/26:0)+H",24249.1078015985,20372.5767210348,16496.0456404711,25398.8639164223,27050.6177248531,23747.1101079914,50509.6917419282,46365.6639020307,17040.424595172,11159.3256156986,47049.0880389038,45288.3679617527,47664.5650071581,41316.4367468205,44490.5008769893,43181.7110376414,27167.563343271,11153.4156489006,54128.4106586443,53863.1737385727,23572.2080521118,28634.163133899,34521.2315411239,10247.0700269633
"LacCer(d18:1/26:1)+H",49265.1545856928,48604.6365153739,12864.0011097111,NA,NA,NA,46091.7141269999,58410.7004628984,33772.7277911014,35164.9786589683,49934.9496604653,21748.1805178718,30355.4322444149,37974.5325980327,30988.8670650082,62849.4617581446,43261.1956767668,23672.929595389,20676.7119472158,52774.7638916718,32221.9028371684,40199.1583754596,22903.9790482585,30331.9635537252
"SM(d18:1/14:0)+H",NA,NA,NA,NA,NA,NA,NA,NA,NA,NA,NA,NA,NA,NA,NA,37629.4186865502,58919.6254840822,22590.0394671943,NA,NA,NA,43341.9494593803,69633.4216371292,17050.4772816313
"SM(d18:1/16:0)+H",35270.470177023,31369.6526987099,27468.8352203968,329735.71342655,109373.922486648,219554.817956599,121101.703558582,111271.618996618,116186.6612776,114009.766941713,108164.713525699,30317.3918010581,118181.057413157,221771.396936801,14590.7178895131,NA,NA,NA,166254.020836349,54426.1816992666,110340.101267808,70810.6699520736,109268.743874828,32352.5960293192
"SM(d18:1/18:0)+H",114251.643302016,182850.568582269,148551.105942142,224870.411740151,408416.693744848,41324.1297354549,69813.2558098426,80721.0611341733,58905.4504855118,153067.482203467,268200.559016939,37934.4053899949,111068.499740721,62606.0007147468,14143.5016887726,117553.587104182,103663.721691061,17625.3243264459,NA,NA,NA,104348.879230461,246057.000643391,175202.939936926
"SM(d18:1/18:1)+H",20063.6421177498,11271.9724403009,28855.3117951987,NA,NA,NA,43611.276761128,39288.6347708582,34965.9927805883,32136.3868690695,42754.9478924985,21517.8258456406,NA,NA,NA,33537.3689187026,37669.2564826648,41801.1440466269,NA,NA,NA,NA,NA,NA
"SM(d18:1/20:0)+H",NA,NA,NA,NA,NA,NA,NA,NA,NA,1850000.54721364,2355233.54005669,2102617.04363516,NA,NA,NA,1838199.98054552,1450770.18059504,30332.4623272521,1311834.81748333,455147.575970932,883491.196727131,1765011.03254284,919565.370428095,74119.7083133504
"SM(d18:1/20:1)+H",31471.6551432285,37948.2486323096,24995.0616541475,184335.543217191,164086.971916182,174211.257566686,182612.879312346,82912.4278170988,132762.653564722,224405.85566958,153861.015063293,34899.340412606,89650.3441220099,54978.2600832567,20306.1760445035,98693.2814447083,82807.9002604939,9370.70929612503,NA,NA,NA,178166.078125612,95074.2058143308,136620.141969971
"SM(d18:1/22:0)+H",NA,NA,NA,1602018.97739542,815763.406686523,29507.8359776265,NA,NA,NA,NA,NA,NA,298657.11012896,293327.933157079,63695.5374221131,619005.112011183,1203161.95214392,34848.2718784455,NA,NA,NA,2344280.59444923,1821860.89004688,43912.7021443202
"SM(d18:1/22:1)+H",139312.011140847,238847.44482197,39776.5774597239,2655981.7103268,1348016.1704735,40050.6306202081,NA,NA,NA,NA,NA,NA,893602.701031704,1752121.10291607,35084.2991473375,NA,NA,NA,NA,NA,NA,NA,NA,NA
"SM(d18:1/24:0)+H",1762761.91170844,1465994.38471144,23733.9778495281,5532723.18167179,3811385.35713131,19530.7326204055,2309189.91954546,2114061.01600251,22689.7418012741,4172055.35847826,2383304.09252384,3277679.72550105,2309844.13653129,2829816.22526449,18595.3838804486,5430382.37412777,3812549.05000174,15492.631698518,2368906.97920785,2113330.31283085,2241118.64601935,5423061.77496548,4969895.03216337,25360.9319137415
"SM(d18:1/26:0)+H",78911.3688908477,51642.2905139392,15173.5643691384,NA,NA,NA,118260.871170915,41462.7818037208,22247.3542909285,65832.1019355396,51527.8208570076,22240.0009311953,56810.8904535477,49705.1327606789,53258.0116071133,117787.924517744,69271.6314856903,17920.1871816836,46283.6457405045,63744.0247686441,32022.9899456828,68092.746826976,53215.2692387162,33676.1478695081
"SM(d18:1/26:1)+H",75215.8997945228,54153.655780433,64684.7777874779,145393.002940313,132495.933829874,19240.8538279519,111049.533605359,137824.520068984,14779.115291077,126765.974547823,36165.0377119722,81465.5061298976,35161.4727586771,96671.6628949615,65916.5678268193,107011.612621163,86323.3881454216,38798.6039759071,30429.4735804549,56079.5035065683,43254.4885435116,163513.162829402,92598.8105237697,21684.4582181375
"ACar 4:0",490263.296591821,416833.351920646,3418.6353395984,606124.78062156,478448.516802595,7012.61062064438,634384.012734905,287481.931034434,4348.76168799227,433338.407407506,379447.150297418,2481.10293368624,562875.602740398,629715.854228757,8717.8247910215,453530.532445016,398631.936658481,4848.48756680834,731544.915072621,417943.413856745,10131.3887047219,334333.543637242,349699.707077736,342016.625357489
"ACar 5:0",352397.261609052,351665.194554878,13808.0530820884,320295.035564317,239640.783568958,5378.12216756725,533979.290783927,694598.336936473,614288.8138602,256911.842881345,174796.767350769,5419.50168931331,912835.652066969,970122.16672449,3051.77266958703,491658.699783889,443508.726774461,7103.24303917149,1393130.40475295,905121.414511452,13946.0779471621,424252.876032188,331845.225330356,9857.38757018874
"ACar 6:2",6424.42060249958,8798.38847392918,7611.40453821438,5417.52582690015,4049.06533472254,5001.92121214011,NA,NA,NA,4169.09838131291,7634.56370381354,4214.24003236091,3543.16032132683,6549.31479887942,5046.23756010313,5061.53690595258,6446.61004835587,4960.90660724579,NA,NA,NA,5056.19199537888,4011.7360615856,6100.64792917216
"ACar 6:1",4141.22573614127,3884.88036004816,3783.8639797851,12568.4275674255,3546.15029550624,4021.4187212184,2961.49693280171,2540.58057962896,3330.08052937002,6727.04828975959,4519.08478619497,8935.01179332421,4138.98765324726,4085.42327598791,4031.85889872856,5376.88568584009,5101.74395677741,5652.02741490277,4894.70148295705,4764.86330542666,5024.53966048743,NA,NA,NA
"ACar 6:0",4882.57725894833,9907.46977615305,5420.51761037829,4703.76233674294,4085.50563738183,5322.01903610404,5290.16419249007,17195.2481927516,2937.27694874525,6983.44727990678,3974.43875362294,10652.306037126,3585.9820449538,4569.90414510889,2602.05994479871,5213.81422132504,6620.72487208749,3806.90357056259,5362.86641016484,19342.3598308503,12352.6131205076,NA,NA,NA
"ACar 7:0",5849.41694073036,4206.44224469232,5027.92959271134,5293.97423157625,4261.30902101261,3228.64381044898,7192.51367328474,4335.01080848941,4969.40089454292,10749.232438885,2622.62922517966,6685.93083203233,8337.90182510098,6762.29451908512,5186.68721306925,8309.33236071553,3586.11523891215,6879.52899817822,5842.28236559338,3747.68465462444,1653.08694365549,9138.2589179717,7318.08600035274,5497.91308273378
"ACar 8:2",6229.66742086383,5669.33378597095,6790.0010557567,NA,NA,NA,10527.981039634,4476.90433286458,4731.49259337452,9965.63352846368,10193.0301341356,9813.78232809009,8213.20403542322,9081.37206541559,7345.03600543086,5563.6431665202,6653.93522726669,7744.22728801319,14167.3038991825,6009.17945464953,8392.23212829523,6528.74636188653,5118.18531493444,7399.87892548329
"ACar 8:1",6774.93457988486,6985.48039319786,4279.37094807656,7195.08656398932,7074.92778913165,3680.92090531962,6371.43948255592,7357.82440587674,8039.69524663952,13558.1669121908,4663.89461913387,11135.9199687242,3731.39937809938,5016.46537463887,4528.66535000671,2390.57023518322,3536.10327679699,4681.63631841075,12903.2299898425,19273.9082037916,6532.55177589343,12917.9472940272,5489.21107765033,2855.41072558561
"ACar 8:0",13745.7456838059,9362.8050974636,7073.24095959444,11897.9805821429,16811.8368941674,14354.9087381552,18957.2108116802,19188.1616531635,6317.64694834442,17381.1011848955,15431.5208140606,7573.6669597298,7973.91452486582,8013.0431904881,7993.47885767696,32002.9908389662,36796.1118847277,6814.96601608935,15310.5010919612,27154.2187859758,4125.49790522327,15529.9807401846,18666.3611382888,14266.296987811
"ACar 9:1",13074.4425204513,10971.8454076055,8852.01374290368,10880.3970816974,13341.818088597,8418.97607479772,NA,NA,NA,11956.4789456594,3140.50711321803,2774.35004236838,10215.6408506151,5051.75552384838,9187.33688283974,7693.32386388248,5791.73732706993,3890.15079025738,NA,NA,NA,8861.96704280492,10086.6360771054,4491.22558674242
"ACar 9:0",13007.3483844687,6566.62484136349,18783.0360857385,23151.1271044961,31769.8764895146,8358.62811947116,51032.7532244078,47468.0458157927,6128.2149345346,NA,NA,NA,11873.4362193455,13979.6394878249,5418.56383555707,94033.3748616533,80388.8208391439,87211.0978503986,31442.0990268241,40597.2356248567,36019.6673258404,25763.7397725178,28105.984537836,5339.92123015386
"ACar 10:2",3585.70308055457,12147.9269557757,7569.16847269989,2977.53812508848,9436.24282690445,2651.36064978679,6903.90148307527,4769.18717547819,5836.54432927673,8288.87758615151,11377.5275738481,5200.22759845492,5043.98777685381,5816.0996606568,6588.21154445978,5525.5492011046,4691.97287080915,4385.38022375549,8065.06037893714,9772.92367156889,2757.439921856,6421.5365879633,10190.0550379584,2492.09018834815
"ACar 10:1",5727.91287114606,6893.77243150417,8059.63199186228,4815.43275798772,4285.93210144165,5344.93341453379,2225.31518876935,7550.35568108367,6761.53558522126,3487.03245658083,12489.5194577919,14964.2205679013,NA,NA,NA,4720.84334579598,11450.7768239856,7600.79132216468,7421.07716558847,16079.4077548422,6489.44361419901,4645.72566957365,4366.98582049936,4506.3557450365
"ACar 10:0",61123.124842086,50608.746402745,6628.68025120377,14750.098088254,21227.7723140909,14725.354168553,60212.7689316918,64283.9784451601,62248.3736884259,21797.5585444261,93039.5916049662,57418.5750746962,169266.196658875,150672.345759836,6808.00831905671,19416.0525974671,56030.505759734,17418.0132496067,76286.5176559117,80804.676146042,78545.5969009768,72134.4516194081,58619.2289008702,7388.62211018057
"ACar 11:1",NA,NA,NA,13024.7310295083,7970.03235510285,8262.30572247979,4358.22616478587,8929.17459080887,9866.2385089131,10590.4933781067,10461.902380347,10526.1978792268,11531.2721799418,7344.14694546288,3157.02171098395,6359.96219552116,7251.67630851668,5041.33117022743,NA,NA,NA,6752.79253792833,8133.75540178735,7387.23934895664
"ACar 11:0",6354.66124790558,5098.88400629187,3843.10676467816,NA,NA,NA,8528.60414938077,4401.23069824865,6081.71893207073,15179.0703656794,14100.0948104635,14639.5825880714,7054.63512301227,4664.89975830842,9122.47305604735,8444.51792771672,5150.75762769844,6797.63777770758,7490.74188232385,8638.17663646987,6343.30712817782,NA,NA,NA
"ACar 12:3",12270.3155781932,12996.1197236965,12633.2176509449,5693.19393446862,6371.44968056598,8410.68902161214,8997.09650441003,9307.96762289246,9746.16431035375,13263.7162195158,18188.6735222644,15726.1948708901,7183.7200246328,9719.11366722515,5307.41488582727,20550.9195680935,13930.3649560971,7309.8103441007,7122.29592963529,2975.82052854278,11268.7713307278,11012.9420743253,13564.9713395902,8460.91280906033
"ACar 12:2",NA,NA,NA,NA,NA,NA,NA,NA,NA,8118.57240292148,6232.05343615013,8009.32262660481,NA,NA,NA,7345.42989692665,9607.65625300507,11869.8826090835,24182.4233930483,13749.1941497864,18965.8087714173,NA,NA,NA
"ACar 12:1",NA,NA,NA,14863.5245698801,7473.20502225141,15511.4874372024,5753.3635766784,7496.25591841665,4010.47123494016,NA,NA,NA,24467.35499003,8659.86104216315,16563.6080160966,32735.2456221033,15675.0312118322,6882.07651435236,16853.648847405,11537.4265472382,7676.23233872044,12673.3941788982,8633.99997178318,8856.70063109726
"ACar 12:0",10351.0450410453,17928.6189162967,14139.831978671,22031.6191146198,16399.0862522046,19215.3526834122,11004.4550558608,11084.9227228284,10362.2301848867,NA,NA,NA,NA,NA,NA,NA,NA,NA,45472.3887303416,6633.30602284023,26052.8473765909,NA,NA,NA
"ACar 13:1",5479.86216199473,17328.8034515595,9154.3198286294,NA,NA,NA,NA,NA,NA,9811.078224881,7044.29107429421,8427.68464958761,NA,NA,NA,10850.0570263329,15781.5855220404,13315.8212741867,30633.5670872249,6869.80128274913,18751.684184987,12389.7522230473,15417.5960135499,17812.1408434524
"ACar 13:0",NA,NA,NA,22895.9050160912,29840.2760696357,36784.6471231802,NA,NA,NA,NA,NA,NA,NA,NA,NA,30726.0607767502,41889.208040482,19562.9135130184,NA,NA,NA,25814.1117475527,29750.4429106238,33686.774073695
"ACar 14:3",NA,NA,NA,6311.29217420508,12999.5437514219,9626.00479825225,8860.81816182139,9634.24507724106,6882.34172286272,14666.5880565984,6190.22993171267,9357.47327438872,10607.3242376595,9965.34201022922,3861.57414935906,4204.65611436398,13825.6501620819,8689.420697102,3845.30405008265,17770.2375575546,9254.71671680741,6002.22146394048,7431.73456949263,16474.1868487236
"ACar 14:2",18875.4262850501,9449.68227140873,4789.83362769131,7120.79667564063,8361.65385795772,4842.47418660756,5970.99205996919,6252.58795181277,5389.24542681276,7179.94007316043,10556.2005606477,9234.77138669723,NA,NA,NA,4223.75154696641,5115.05722786046,7966.89029597505,30754.3871783563,9630.01868138147,4634.26866514552,9840.56207432456,18227.3064293929,10600.8734245063
"ACar 14:1",21636.3895330602,8841.38523876471,4209.01135276173,8230.43314294979,11262.2929898973,6223.94130783919,9456.86228574241,15884.8071845437,12670.8347351431,15371.6450199538,5764.63913330012,6294.84724254752,8548.42442758948,13372.4033337233,10960.4138806564,12949.411566748,11394.1365043298,14504.6866291662,31589.015258082,6187.20555585602,8843.48286106804,10851.7301720482,10120.3389765237,10486.0345742859
"ACar 14:0",18520.215482413,13038.0702000308,14909.830989568,NA,NA,NA,11224.240013596,14995.1587086351,13109.6993611156,17238.1762942328,13930.3983662373,10622.6204382418,20027.2047845413,32599.149072807,26313.1769286742,NA,NA,NA,6427.14629466851,9890.5381611787,11895.5182650679,13989.8219632948,18968.0977470591,23946.3735308233
"ACar 15:3",NA,NA,NA,NA,NA,NA,7180.85714488119,11101.2348399308,9141.04599240599,13933.6783487013,13621.8118586459,11489.9980934433,NA,NA,NA,NA,NA,NA,24858.0343390633,17517.0108079855,25973.4856995231,NA,NA,NA
"ACar 15:2",NA,NA,NA,NA,NA,NA,11677.9008572822,12590.6691733977,10765.1325411667,NA,NA,NA,NA,NA,NA,NA,NA,NA,NA,NA,NA,15667.6231736306,11680.094902036,7692.56663044133
"ACar 15:1",NA,NA,NA,NA,NA,NA,NA,NA,NA,NA,NA,NA,NA,NA,NA,NA,NA,NA,21096.8574565244,32227.5988621011,43358.3402676777,NA,NA,NA
"ACar 15:0",23848.2697950918,12648.6591749448,35047.8804152388,NA,NA,NA,NA,NA,NA,NA,NA,NA,12736.9707806279,34601.8481951598,23669.4094878938,NA,NA,NA,NA,NA,NA,NA,NA,NA
"ACar 16:5",6724.98265039364,14911.0599405419,10818.0212954678,NA,NA,NA,10049.388632594,3934.66441451173,4983.41338440932,10557.1412138762,8324.00039185146,12790.282035901,NA,NA,NA,11448.0804494413,12379.0318296696,10517.129069213,NA,NA,NA,16085.5321032507,31094.3297109955,7614.82804981755
"ACar 16:4",28704.6458980466,13145.7429828051,5651.05196047392,15599.8449252571,25106.3365823777,20353.0907538174,18480.781738655,17183.777868855,19777.785608455,7342.09111501503,7277.98400685327,7310.03756093415,NA,NA,NA,26866.2372127638,25389.6720733555,6701.94016223834,NA,NA,NA,NA,NA,NA
"ACar 16:3",NA,NA,NA,NA,NA,NA,NA,NA,NA,NA,NA,NA,13937.0883181619,16386.4482171002,11487.7284192236,NA,NA,NA,69568.7863501596,45019.341640461,20469.8969307623,NA,NA,NA
"ACar 16:2",237106.784071269,119024.860036283,178065.822053776,90236.321853791,217967.923809868,154102.12283183,187368.802725656,164853.319275132,176111.061000394,64104.9826661948,178586.037842374,121345.510254284,281460.966431264,109333.81190513,26041.2033901817,124836.209711815,227676.145695697,11843.5421228852,109048.333583589,317293.423435557,213170.878509573,130320.293190449,73319.5079220268,10387.420543684
"ACar 16:1",NA,NA,NA,NA,NA,NA,NA,NA,NA,NA,NA,NA,NA,NA,NA,13007.6223607563,15643.6761810672,14325.6492709118,NA,NA,NA,12029.7172180873,17452.4350034824,14741.0761107849
"ACar 17:3",NA,NA,NA,NA,NA,NA,27109.5498601249,18090.3142923483,9071.07872457175,NA,NA,NA,22320.1412590926,18023.046986204,26617.2355319812,NA,NA,NA,8393.80496916775,12106.8402345807,10250.3226018742,NA,NA,NA
"ACar 17:1",NA,NA,NA,NA,NA,NA,NA,NA,NA,48316.5582426525,32434.9957399547,16553.4332372568,NA,NA,NA,NA,NA,NA,NA,NA,NA,NA,NA,NA
"ACar 17:0",NA,NA,NA,NA,NA,NA,23437.0799377507,14019.6938400209,18728.3868888858,NA,NA,NA,NA,NA,NA,NA,NA,NA,NA,NA,NA,NA,NA,NA
"ACar 18:5",13605.932204515,23704.9080377606,18655.4201211378,NA,NA,NA,NA,NA,NA,15725.62221382,13357.2448167228,18093.9996109171,NA,NA,NA,NA,NA,NA,NA,NA,NA,NA,NA,NA
"ACar 18:3",NA,NA,NA,NA,NA,NA,NA,NA,NA,29522.6293505198,26900.1530766937,24277.6768028676,NA,NA,NA,NA,NA,NA,NA,NA,NA,NA,NA,NA
"ACar 18:1",NA,NA,NA,34487.3623157696,20812.8772599051,7138.39220404058,NA,NA,NA,NA,NA,NA,NA,NA,NA,27867.4517426662,20793.8599333414,13720.2681240166,50429.2151832332,39917.2017829259,29405.1883826187,NA,NA,NA
"ACar 18:0",NA,NA,NA,NA,NA,NA,92419.3018364034,71466.9296034725,50514.5573705416,85850.5594025177,64066.6296486433,42282.6998947689,NA,NA,NA,35967.3031091494,74331.7686970402,27883.1105504992,62489.4327520624,31488.951418419,46989.1920852407,NA,NA,NA
"ACar 19:5",NA,NA,NA,NA,NA,NA,7689.31568703997,5961.14858610064,4232.98148516131,NA,NA,NA,6013.92887013434,15347.5904270238,24681.2519839132,NA,NA,NA,NA,NA,NA,5666.50513072432,17913.8355452737,18686.6702370788
"ACar 19:4",NA,NA,NA,18685.5149794828,14728.5710397781,16707.0430096305,NA,NA,NA,NA,NA,NA,NA,NA,NA,NA,NA,NA,NA,NA,NA,NA,NA,NA
"ACar 19:3",NA,NA,NA,NA,NA,NA,NA,NA,NA,NA,NA,NA,NA,NA,NA,51837.8280599549,64006.9964537605,57922.4122568577,NA,NA,NA,25596.6685148956,25912.4256236133,25280.911406178
"ACar 19:2",NA,NA,NA,31441.3669635838,22463.1163998101,24709.0585265426,NA,NA,NA,NA,NA,NA,NA,NA,NA,NA,NA,NA,NA,NA,NA,10874.4055577033,12454.4691572352,14034.5327567672
"ACar 19:1",42815.984558091,34413.3744456133,38614.6795018522,24206.7366707052,16710.1048265101,31703.3685149004,NA,NA,NA,NA,NA,NA,NA,NA,NA,NA,NA,NA,NA,NA,NA,NA,NA,NA
"ACar 19:0",NA,NA,NA,NA,NA,NA,NA,NA,NA,NA,NA,NA,64682.1819189761,205770.113907517,135226.147913247,NA,NA,NA,112374.495901194,92213.2672060595,102293.881553627,NA,NA,NA
"ACar 20:6",NA,NA,NA,NA,NA,NA,NA,NA,NA,11350.4945564721,15370.1731162291,7330.81599671508,NA,NA,NA,NA,NA,NA,NA,NA,NA,NA,NA,NA
"ACar 20:5",NA,NA,NA,30787.9616925113,9152.20262048472,19970.082156498,NA,NA,NA,NA,NA,NA,NA,NA,NA,NA,NA,NA,NA,NA,NA,34549.7155806669,12144.2413457064,23346.9784631866
"ACar 20:4",9373.06140278583,32221.6427233335,20797.3520630597,14635.3742815201,13558.9118478209,14097.1430646705,18309.5551382055,16251.0034327831,20368.106843628,NA,NA,NA,NA,NA,NA,NA,NA,NA,NA,NA,NA,NA,NA,NA
"ACar 20:3",NA,NA,NA,NA,NA,NA,NA,NA,NA,36146.4080588799,54423.9865768641,45285.197317872,NA,NA,NA,42365.0095893826,42804.7614186611,15580.4865959269,NA,NA,NA,NA,NA,NA
"ACar 20:2",65226.3772294103,12785.2428336636,39005.810031537,NA,NA,NA,12575.7682491697,16632.8569942113,20689.9457392529,NA,NA,NA,NA,NA,NA,NA,NA,NA,26583.9446674447,32497.6044204685,20670.2849144209,NA,NA,NA
"ACar 20:1",NA,NA,NA,10964.5343178529,12247.665358606,13530.7963993592,NA,NA,NA,28745.5474990829,35360.1950674994,22130.8999306664,NA,NA,NA,NA,NA,NA,8812.09658460954,12585.1546998546,10698.6256422321,NA,NA,NA
"ACar 20:0",NA,NA,NA,NA,NA,NA,36320.19329543,29227.2463144748,43413.1402763852,NA,NA,NA,NA,NA,NA,47399.3296266806,42050.5596451138,44724.9446358972,25175.1479046295,61744.8309997317,43459.9894521806,NA,NA,NA
"ACar 21:5",89042.1326291872,73163.9946005204,104920.270657854,NA,NA,NA,499640.621136554,655364.108809734,577502.364973144,46223.5124933911,48545.7979919309,47384.655242661,NA,NA,NA,NA,NA,NA,100245.930633855,57350.6933318312,14455.4560298074,NA,NA,NA
"ACar 21:4",22177.8265564665,23893.5300945103,20462.1230184227,NA,NA,NA,NA,NA,NA,NA,NA,NA,NA,NA,NA,NA,NA,NA,NA,NA,NA,11507.1507881051,11706.0190267725,11308.2825494378
"ACar 21:3",46280.7759346418,21862.620852464,34071.6983935529,NA,NA,NA,NA,NA,NA,28459.5763759361,23367.0659888858,18274.5556018356,NA,NA,NA,25395.8327444982,26807.5831173858,23984.0823716105,NA,NA,NA,NA,NA,NA
"ACar 21:1",88256.3158002103,59007.4399911128,73631.8778956615,113064.186194563,143866.49584376,128465.341019161,213807.724391225,155316.154362847,60013.7742909612,61132.2397281859,38531.0725818664,53462.2103826956,NA,NA,NA,39853.4782623647,92570.7887425793,66212.133502472,NA,NA,NA,NA,NA,NA
"ACar 22:7",10905.1401920317,11166.4856968876,11427.8312017434,NA,NA,NA,8643.49131599196,9029.39252041959,8257.59011156434,26495.6025287985,12523.4326805881,19509.5176046933,17093.9773774062,16337.6805165625,10592.267005076,NA,NA,NA,NA,NA,NA,NA,NA,NA
"ACar 22:6",NA,NA,NA,NA,NA,NA,NA,NA,NA,NA,NA,NA,NA,NA,NA,14974.1005093534,20512.0282425663,26049.9559757792,NA,NA,NA,NA,NA,NA
"ACar 22:5",NA,NA,NA,NA,NA,NA,NA,NA,NA,NA,NA,NA,11858.1801311315,13181.7882273754,10534.5720348876,NA,NA,NA,25500.5824432258,13548.6084246089,19524.5954339174,NA,NA,NA
"ACar 22:4",NA,NA,NA,NA,NA,NA,NA,NA,NA,NA,NA,NA,NA,NA,NA,NA,NA,NA,25204.1157034535,23672.6459515358,22141.1761996181,NA,NA,NA
"ACar 22:0",NA,NA,NA,68061.5385181603,35809.4366688069,13138.0852020276,NA,NA,NA,NA,NA,NA,NA,NA,NA,NA,NA,NA,NA,NA,NA,NA,NA,NA
"ACar 23:6",NA,NA,NA,24203.4132620838,35891.2699670331,30047.3416145584,NA,NA,NA,NA,NA,NA,12448.3947563162,19640.4796870321,19728.4941548214,NA,NA,NA,NA,NA,NA,NA,NA,NA
"ACar 23:5",NA,NA,NA,NA,NA,NA,NA,NA,NA,15359.5733739284,14179.4742386981,16539.6725091588,NA,NA,NA,NA,NA,NA,NA,NA,NA,NA,NA,NA
"ACar 23:4",NA,NA,NA,NA,NA,NA,NA,NA,NA,NA,NA,NA,NA,NA,NA,15387.1408368227,19533.8802894303,34475.0914231985,NA,NA,NA,20794.9554483006,15415.0848733757,10035.2142984507
"ACar 23:3",NA,NA,NA,NA,NA,NA,36731.1795061079,21563.2608492929,29147.2201777004,NA,NA,NA,NA,NA,NA,NA,NA,NA,NA,NA,NA,NA,NA,NA
"ACar 23:2",95279.6592348572,75151.9969105828,55024.3345863084,NA,NA,NA,NA,NA,NA,87373.9122826885,64471.9582550749,41570.0042274612,NA,NA,NA,85834.537349873,66893.9824426518,32522.1715280765,NA,NA,NA,NA,NA,NA
"ACar 23:1",94255.0072597808,70034.2173763217,29848.093562405,123837.410914697,146455.089911147,135146.250412922,190345.294787044,117854.386628593,37066.7537112216,NA,NA,NA,103002.098781985,62157.1332287903,82579.6160053877,183454.279418617,239897.424015226,56944.1282318693,101547.049775187,66130.4399393898,83838.7448572884,114689.256650931,146950.181193956,130819.718922443
"ACar 24:6",8900.86459298271,6092.61989798064,7496.74224548168,15880.1082498904,25501.6113062542,6258.60519352655,8848.46105369975,11695.1567850953,14541.8525164908,NA,NA,NA,6727.37071178449,7355.63712132709,7983.90353086969,15759.7554683209,18632.0996525289,21504.4438367369,NA,NA,NA,12588.4642853297,10663.8505887316,14513.0779819277
"ACar 24:5",NA,NA,NA,NA,NA,NA,172177.265726653,89737.4868181213,7297.70790958962,NA,NA,NA,154747.272975744,80814.2494791941,6881.22598264426,NA,NA,NA,NA,NA,NA,NA,NA,NA
"ACar 24:3",NA,NA,NA,NA,NA,NA,NA,NA,NA,NA,NA,NA,46657.2887000895,31272.4620330298,38964.8753665597,NA,NA,NA,NA,NA,NA,NA,NA,NA
"ACar 24:2",NA,NA,NA,NA,NA,NA,52644.3326898435,25696.9275408679,39170.6301153557,32199.1937986321,36563.5809243275,34381.3873614798,48258.8555242871,60026.4285272788,36491.2825212954,30017.662360047,51242.0526984336,51299.5911120056,29482.6402087806,20693.0077164071,18462.0074795119,NA,NA,NA
"ACar 24:0",NA,NA,NA,NA,NA,NA,NA,NA,NA,NA,NA,NA,19737.5166766405,38767.3365599242,57797.1564432079,NA,NA,NA,NA,NA,NA,38472.0004060357,39758.5090106163,41045.0176151969
"ACar 25:6",NA,NA,NA,51324.4268106659,40113.9344940924,31661.5044994308,NA,NA,NA,NA,NA,NA,22320.9605067351,34236.4817816215,28278.7211441783,NA,NA,NA,NA,NA,NA,19658.4651777291,18635.3929771047,20681.5373783535
"ACar 25:5",59334.6009661795,31089.8136381323,50318.3697383022,34100.4336468004,63518.6808517058,48809.5572492531,93568.1049637389,62672.0824509159,78120.0937073274,77119.4368831956,39637.1757318006,20018.0698289795,40143.3223888792,54154.9552153007,33904.8247151331,32025.3172099106,112524.475973956,58388.2859858629,64902.9225379744,50494.9449069413,57698.9337224578,NA,NA,NA
"ACar 25:4",52018.1618471726,80760.1609094978,66389.1613783352,77400.8265033245,60114.0742822266,42827.3220611287,NA,NA,NA,NA,NA,NA,NA,NA,NA,NA,NA,NA,55979.14798046,52035.2545394351,59923.0414214848,NA,NA,NA
"ACar 25:3",NA,NA,NA,NA,NA,NA,NA,NA,NA,27833.8454618302,45812.9427947298,36823.39412828,NA,NA,NA,30259.0328704252,42602.2404493094,17915.825291541,23816.5428450604,19293.0085186345,28340.0771714862,42201.8903081259,20456.9021064947,31329.3962073103
"ACar 25:2",NA,NA,NA,NA,NA,NA,NA,NA,NA,NA,NA,NA,32592.2551658649,33077.8454500326,33563.4357342003,NA,NA,NA,NA,NA,NA,NA,NA,NA
"ACar 25:1",69245.194017897,60522.1061350998,39093.2593863503,78120.0595721567,28001.5246309914,53060.792101574,146927.422405367,91346.9521145357,119137.187259951,82794.3851169688,73777.6552301875,28860.6955897115,38720.374607368,51115.4944630024,44917.9345351852,94362.2396985811,113330.231711978,120878.896312176,70309.7535503999,74650.5004099516,72480.1269801757,75703.4392954479,22871.5015508696,49287.4704231588
"ACar 26:7",NA,NA,NA,NA,NA,NA,18169.5212052539,21681.8704256115,14657.1719848963,NA,NA,NA,NA,NA,NA,35735.5861979071,16536.8918919394,26136.2390449233,NA,NA,NA,NA,NA,NA
"ACar 25:0",NA,NA,NA,NA,NA,NA,NA,NA,NA,19199.890452375,12224.2733344135,26175.5075703366,NA,NA,NA,NA,NA,NA,NA,NA,NA,NA,NA,NA
"ACar 26:6",NA,NA,NA,NA,NA,NA,NA,NA,NA,NA,NA,NA,29584.4919849779,17946.5913823247,23765.5416836513,NA,NA,NA,NA,NA,NA,NA,NA,NA
"ACar 26:5",3039271.55227407,2132318.20606687,42229.0536994917,1960406.78148003,1252853.24277058,1606630.0121253,2627382.37770799,1692526.44559564,2159954.41165181,1948939.70132454,1294576.5856136,35539.3973090407,1947218.46817473,1589656.78450617,1768437.62634045,1337377.34678768,1145670.20944168,1241523.77811468,1513608.9944693,1412663.3314238,1463136.16294655,1174222.49173469,1184244.76986732,1179233.63080101
"ACar 26:4",171380.125260308,202831.275309562,187105.700284935,103218.195470475,122974.307775922,13753.540384236,126380.03552018,116242.433537966,121311.234529073,131189.170830203,126414.257636464,128801.714233334,93092.9432357098,72951.537106929,83022.2401713194,139604.237575263,165737.234685626,152670.736130445,141717.797504581,90836.2843437908,116277.040924186,100014.919973263,61509.5876494223,80762.2538113426
"ACar 26:3",42535.6151659233,69190.6710834969,55863.1431247101,NA,NA,NA,62383.8373599847,39892.325435864,17400.8135117432,NA,NA,NA,NA,NA,NA,NA,NA,NA,24345.7751610174,21588.3340326407,27103.2162893941,NA,NA,NA
"ACar 26:2",NA,NA,NA,NA,NA,NA,NA,NA,NA,46145.2641829336,75658.154638261,16632.3737276062,NA,NA,NA,NA,NA,NA,NA,NA,NA,NA,NA,NA
"ACar 26:1",NA,NA,NA,NA,NA,NA,33235.4040036775,54615.7457163895,75996.0874291015,NA,NA,NA,NA,NA,NA,NA,NA,NA,NA,NA,NA,33823.5231308993,26795.2132910325,19766.9034511657
"ACar 26:0",NA,NA,NA,23983.6317494677,33348.845752645,42714.0597558223,NA,NA,NA,37558.1790496999,37159.9185075042,37956.4395918956,33596.9999657707,36625.1814986199,34951.4378773593,39194.9908721222,33360.9260762865,27526.8612804508,41570.3259205752,46064.9920329789,37075.6598081715,NA,NA,NA
"PE(P-16:0_14:0)+H",24652.9821797319,19069.9276566862,13486.8731336406,NA,NA,NA,45659.7816701234,52524.6396050815,59389.4975400396,NA,NA,NA,NA,NA,NA,NA,NA,NA,22741.4338634904,17654.6125451666,27828.2551818143,31287.8674372979,10539.5605902676,12645.4359353733
"PE(P-16:0_15:0)+H",51230.0945959919,31745.7270167705,41487.9108063812,15990.6351750802,21612.5833489546,18801.6092620174,18504.51205882,24564.737605017,30624.9631512139,32252.1026609198,38491.0256626912,37155.7087849459,NA,NA,NA,NA,NA,NA,13987.8982503727,14673.0467794708,15358.1953085689,39280.2087282577,35616.5380134749,42943.8794430406
"PE(P-16:0_16:0)+H",53943.8967865925,40035.3661397616,20600.6979571273,75604.7832595439,26063.8035464079,50834.2934029759,19331.2315628253,78339.6990712846,35309.7751563895,55828.4157123867,42575.110385119,29321.8050578514,25688.9359915979,41130.2365883401,33409.586289969,NA,NA,NA,NA,NA,NA,59108.2075503927,36792.5569227275,14476.9062950623
"PE(P-16:0_16:1)+H",NA,NA,NA,35285.8563977093,20242.5219201256,18462.8651822281,24309.6205193531,49948.6646794247,37129.1425993889,47874.2698935603,44517.854649262,46196.0622714112,NA,NA,NA,44344.1100775937,40490.9210680757,42417.5155728347,28444.7731645908,21984.8290788957,17313.9817909374,38159.082289328,28390.9430597684,18622.8038302088
"PE(P-16:0_17:0)+H",NA,NA,NA,30632.8664980077,42795.8857856957,18469.8472103197,NA,NA,NA,31232.1567104097,33962.1863295623,36692.2159487149,39033.722693847,12133.1643906626,25583.4435422548,20114.8505140286,28433.4696132651,24274.1600636469,34346.5176671425,33085.4998270552,31824.4819869678,NA,NA,NA
"PE(P-16:0_18:0)+H",42050.4087658379,31189.532959315,22888.0723263852,26972.181244232,21156.8918142062,71887.8525161479,NA,NA,NA,NA,NA,NA,NA,NA,NA,21011.1447547112,27368.9212482873,38394.4333400692,18007.0684021389,45536.5879740948,26889.2215543623,NA,NA,NA
"PE(P-16:0_18:1)+H",20511.8344759456,24162.3586352534,27812.8827945612,NA,NA,NA,NA,NA,NA,NA,NA,NA,NA,NA,NA,NA,NA,NA,NA,NA,NA,29099.6998391737,41015.3590647901,35057.5294519819
"PE(P-16:0_18:2)+H",19083.9271461785,18682.8763988803,19484.9778934767,NA,NA,NA,NA,NA,NA,NA,NA,NA,NA,NA,NA,NA,NA,NA,NA,NA,NA,29179.7406339512,31406.9488189645,26952.532448938
"PE(P-16:0_18:3)+H",17761.1816577956,13461.6797551446,22060.6835604466,NA,NA,NA,26298.4301480903,23498.3457180233,29098.5145781573,NA,NA,NA,17734.9543067997,18761.2189472472,19787.4835876948,19409.6415063569,22746.551461406,26083.4614164552,38690.5110131292,33220.4475014616,35955.4792572954,NA,NA,NA
"PE(P-16:0_19:0)+H",NA,NA,NA,NA,NA,NA,21382.5475622243,19061.6335677802,16740.719573336,57294.4055752065,37819.5631507263,18344.720726246,13810.2410262532,10099.8502573334,17520.631795173,NA,NA,NA,NA,NA,NA,NA,NA,NA
"PE(P-16:0_20:0)+H",NA,NA,NA,18645.9846027411,16712.0099041446,14778.0352055482,13940.5303501236,13416.2138947572,29648.0691806619,39685.9527606788,33715.8863278174,27745.819894956,NA,NA,NA,51767.2498629576,33918.5315117655,16069.8131605733,NA,NA,NA,27424.0062181428,18070.5525397545,22747.2793789486
"PE(P-16:0_20:1)+H",36269.251420933,41634.8559511627,30903.6468907034,NA,NA,NA,37298.7955710974,41014.0823802896,44729.3691894818,NA,NA,NA,36313.7139033905,22395.6252392622,8477.5365751339,NA,NA,NA,30082.5110871282,51019.0933516659,40550.802219397,NA,NA,NA
"PE(P-16:0_20:2)+H",37195.7861225183,28350.6334546743,19505.4807868304,NA,NA,NA,NA,NA,NA,13003.3369008621,17233.6034205385,15118.4701607003,34253.1483214561,48785.8002946541,19720.496348258,NA,NA,NA,40102.8914939006,31270.4396547948,22437.9878156891,21902.6500068859,24176.1322442884,19629.1677694834
"PE(P-16:0_20:3)+H",6409.46747161902,10166.4082930267,13923.3491144344,11562.955842195,13227.2233824914,9898.68830189857,NA,NA,NA,NA,NA,NA,NA,NA,NA,9712.30675334196,10393.9063890145,22646.6006677974,NA,NA,NA,NA,NA,NA
"PE(P-16:0_20:4)+H",NA,NA,NA,NA,NA,NA,20329.1083372569,23148.4220631499,17509.7946113639,29588.8820558332,26048.7860979305,39234.9913495303,19124.1573602097,19772.5428823383,54448.389567663,NA,NA,NA,NA,NA,NA,NA,NA,NA
"PE(P-16:0_20:5)+H",19202.4139340011,38370.5782454567,28786.4960897289,58596.1647328262,33322.1044287629,45959.1345807945,30919.2378111203,33133.6734760587,35348.1091409971,NA,NA,NA,NA,NA,NA,33569.8567964852,48555.8091019248,40755.8971083694,NA,NA,NA,39741.0905165637,24411.7546936895,32076.4226051266
"PE(P-16:0_22:4)+H",NA,NA,NA,17782.8638859018,10421.7895840183,9542.22158288386,NA,NA,NA,NA,NA,NA,23977.7539821374,21831.8124578765,19685.8709336157,NA,NA,NA,36494.6461350678,16472.3717804593,26483.5089577636,NA,NA,NA
"PE(P-16:0_22:5)+H",25866.3976728319,43511.6889342049,34689.0433035184,NA,NA,NA,NA,NA,NA,NA,NA,NA,21144.9283941192,16496.6477313096,25793.2090569288,NA,NA,NA,NA,NA,NA,NA,NA,NA
"PE(P-16:1_14:0)+H",43107.6293313532,17605.9198972574,30356.7746143053,34034.5175341381,30039.6746663467,26044.8317985553,25182.5680078073,32512.2396053512,17852.8964102635,NA,NA,NA,38593.1999713162,16806.7976362382,27699.9988037772,NA,NA,NA,NA,NA,NA,NA,NA,NA
"PE(P-16:1_15:0)+H",NA,NA,NA,NA,NA,NA,NA,NA,NA,NA,NA,NA,NA,NA,NA,NA,NA,NA,NA,NA,NA,60706.890414795,36859.1133845026,13011.3363542102
"PE(P-16:1_16:0)+H",32427.2027732709,36204.236057685,39981.2693420991,20548.5290812215,14899.0792605139,15978.1612322314,13883.7337096244,12576.0183853967,11268.3030611689,33296.4829049959,41849.897884146,50403.3128632962,NA,NA,NA,NA,NA,NA,NA,NA,NA,28481.4293155284,18666.6895205792,38296.1691104776
"PE(P-16:1_16:1)+H",49161.9778558394,37633.8366998205,26105.6955438015,27155.8044131872,16585.5744895327,58738.6182710591,NA,NA,NA,13780.8779442326,63194.2761697061,41449.3389219013,12426.0817751696,50136.1097746979,31281.0957749338,22197.2491845494,28506.5796464487,34815.910108348,NA,NA,NA,31143.8991409391,40120.5504943382,35136.6886745221
"PE(P-16:1_17:0)+H",NA,NA,NA,NA,NA,NA,NA,NA,NA,34959.8042446864,40045.0020258896,37502.403135288,22123.3892924517,25748.1551256237,23935.7722090377,15282.7882877916,19846.5527063306,10719.0238692525,NA,NA,NA,NA,NA,NA
"PE(P-16:1_18:0)+H",NA,NA,NA,10711.2040883577,21865.9983477358,15416.8673554779,34348.9644323704,38480.9536388506,36414.9590356105,27648.606458207,24690.0336599292,41387.2720456236,NA,NA,NA,52829.5084020415,26192.9883887189,39511.2483953802,26933.7232411837,38895.1966756194,32914.4599584016,NA,NA,NA
"PE(P-16:1_18:1)+H",NA,NA,NA,NA,NA,NA,NA,NA,NA,25245.6333757544,15033.9767075523,20139.8050416534,NA,NA,NA,31548.8488258461,36288.9139038123,33918.8813648292,NA,NA,NA,NA,NA,NA
"PE(P-16:1_18:2)+H",37541.5835867216,28399.4732069592,32970.5283968404,29376.5972106719,32900.1755878353,36423.7539649987,NA,NA,NA,22920.4690648623,32571.5181382623,42222.5672116623,16444.544038181,40904.0953657698,28674.3197019754,NA,NA,NA,16314.690555762,15486.4216617126,47777.7686219027,NA,NA,NA
"PE(P-16:1_18:3)+H",31914.7632979872,42014.287116793,32534.0632055846,53875.4865556692,41878.438939413,19013.8579881418,10979.7260207554,25759.616295963,18369.6711583592,33618.0830824705,24395.4479309169,56689.326900468,NA,NA,NA,NA,NA,NA,17482.1156891694,9266.51076547613,25697.7206128627,48615.7066161219,40081.4219241003,31547.1372320787
"PE(P-16:1_19:0)+H",NA,NA,NA,NA,NA,NA,NA,NA,NA,59329.5400609604,22731.0761560742,29961.8754494411,NA,NA,NA,NA,NA,NA,15605.3805905334,17469.7230261593,16537.5518083464,NA,NA,NA
"PE(P-16:1_20:0)+H",65786.3740835375,33521.3937289851,49653.8839062613,17450.5465268653,77256.7836687915,47568.2726734197,46553.2134028224,60522.5283968844,74491.8433909464,34701.6705222467,67579.296444517,39591.5687542553,21460.9001680964,38211.6561216655,29836.278144881,11141.455233662,39678.9504591562,25410.2028464091,31216.0195837246,33586.7669690861,66551.4993186896,NA,NA,NA
"PE(P-16:1_20:1)+H",NA,NA,NA,NA,NA,NA,NA,NA,NA,NA,NA,NA,42029.4629249677,58257.9816776815,25800.9441722539,30284.8613756871,14951.8809671091,45617.8417842652,NA,NA,NA,29567.1047834104,37997.7655761516,21991.2438647527
"PE(P-16:1_20:2)+H",NA,NA,NA,NA,NA,NA,NA,NA,NA,28187.9349276839,12290.0892890003,8595.68931796887,NA,NA,NA,NA,NA,NA,NA,NA,NA,34736.5306976376,23772.3508954764,12808.1710933152
"PE(P-16:1_20:3)+H",NA,NA,NA,NA,NA,NA,NA,NA,NA,NA,NA,NA,23021.8193153988,25384.1263538488,20659.5122769488,44113.2419128274,26544.1038777257,61682.3799479292,NA,NA,NA,NA,NA,NA
"PE(P-16:1_20:4)+H",11422.627827023,12472.927620537,10372.328033509,35655.325119309,16702.4279382648,26178.8765287869,NA,NA,NA,NA,NA,NA,NA,NA,NA,15988.3702479635,20701.4643266232,11275.2761693038,NA,NA,NA,NA,NA,NA
"PE(P-16:1_20:5)+H",NA,NA,NA,NA,NA,NA,NA,NA,NA,NA,NA,NA,NA,NA,NA,NA,NA,NA,NA,NA,NA,NA,NA,NA
"PE(P-16:1_22:4)+H",21243.2474377034,48719.2645857486,34981.256011726,33702.1197149854,25255.4427685909,42148.79666138,NA,NA,NA,31965.3677973545,38729.9565276353,35347.6621624949,NA,NA,NA,NA,NA,NA,NA,NA,NA,38510.5809144569,11901.5375604819,25206.0592374694
"PE(P-16:1_22:5)+H",NA,NA,NA,16164.5235072496,37077.5154172592,34285.6705158561,NA,NA,NA,86573.0624190395,43566.293768457,22705.1071066311,NA,NA,NA,32253.3784543507,36687.9290110486,34470.6537326996,42404.3636551339,27700.5906691939,35052.4771621639,19579.3500780292,17789.8797371577,21368.8204189008
"PE(P-16:1_22:6)+H",27072.5261042299,21270.8557108795,15469.1853175291,NA,NA,NA,33334.0111944174,43217.0223025286,23451.0000863062,NA,NA,NA,26800.7326842838,20240.8052710586,13680.8778578333,25046.9213868981,54463.9755510437,39755.4484689709,30109.0614720683,15765.9383660227,22937.4999190455,42384.4982444587,48157.7511559217,36611.2453329957
"PE(P-18:0_14:0)+H",25465.3064183919,33191.096613597,17739.5162231867,15724.6790634927,21500.1407708394,16534.7460775623,37732.8156562178,23716.5178025451,22060.5200481871,NA,NA,NA,NA,NA,NA,NA,NA,NA,29067.7977916769,17058.1069289893,41077.4886543644,NA,NA,NA
"PE(P-18:0_15:0)+H",59161.6320690225,56251.2529142571,57706.4424916398,31289.766001787,9615.2125149681,66751.8538545056,26825.8318346214,44164.7749878255,42151.4135734492,NA,NA,NA,26297.7599678399,29347.181835348,23248.3381003318,19403.5708787516,21746.4693460175,37480.6376928205,NA,NA,NA,NA,NA,NA
"PE(P-18:0_16:0)+H",40436.5890440543,20213.2592265636,60659.918861545,NA,NA,NA,NA,NA,NA,NA,NA,NA,30999.9195025522,33034.0916588396,32017.0055806959,13924.9336052362,28879.2606712521,43833.5877372681,30473.3622250259,21305.7524096161,25889.557317321,56539.912712433,22031.7480647042,31841.4463652069
"PE(P-18:0_16:1)+H",NA,NA,NA,NA,NA,NA,16540.0700714755,7464.83890436005,25615.301238591,NA,NA,NA,9878.24290394945,12027.30590711,7729.17990078891,6179.49015702661,6948.79965355395,7718.10915008128,NA,NA,NA,23325.9636061935,11208.6470230761,17267.3053146348
"PE(P-18:0_17:0)+H",NA,NA,NA,17122.6024572097,22387.30227432,27652.0020914303,NA,NA,NA,NA,NA,NA,21967.1543150313,21103.3516173422,22830.9570127204,NA,NA,NA,NA,NA,NA,NA,NA,NA
"PE(P-18:0_18:0)+H",33597.9117717262,39776.8632421905,10157.4672513029,NA,NA,NA,15821.5207430389,18126.6624307349,20431.8041184308,NA,NA,NA,NA,NA,NA,NA,NA,NA,NA,NA,NA,NA,NA,NA
"PE(P-18:0_18:1)+H",25169.0554455664,32600.8712726278,58664.530075435,NA,NA,NA,7180.27958864796,19554.1519162055,26125.4420448711,NA,NA,NA,26383.4075968491,36359.3232230001,16407.491970698,22146.4752957961,24330.433157766,19962.5174338262,29061.6521462879,39624.6572195315,18498.6470730442,36496.1845000948,29326.7116283877,39587.7279756764
"PE(P-18:0_18:2)+H",NA,NA,NA,NA,NA,NA,22307.7756374584,14651.0994218849,18479.4375296716,NA,NA,NA,23383.6147810616,43404.6969023818,33394.1558417217,NA,NA,NA,NA,NA,NA,NA,NA,NA
"PE(P-18:0_18:3)+H",11616.2604988918,24936.5205787848,18276.3905388383,NA,NA,NA,NA,NA,NA,17280.2124211279,7773.15575772452,12526.6840894262,NA,NA,NA,NA,NA,NA,NA,NA,NA,19223.222512404,15625.6357905249,17424.4291514645
"PE(P-18:0_19:0)+H",33082.7865761521,41015.6210085473,25149.9521437569,NA,NA,NA,30073.4336206538,26286.5448742143,32048.5459593828,24616.3987854836,32198.2406261538,29072.383660376,49369.2402963061,21312.4140515502,35340.8271739281,NA,NA,NA,21301.1510150166,20497.3984983313,38273.7388529512,NA,NA,NA
"PE(P-18:0_20:0)+H",38538.5960228986,63278.9372764751,50908.7666496868,51438.9199876949,77056.6674277056,64247.7937077002,NA,NA,NA,48567.0899785114,34413.6431650285,41490.3665717699,100406.995255502,92050.0620044583,96228.5286299802,NA,NA,NA,NA,NA,NA,50691.7502701622,32192.6690799505,17255.7596836343
"PE(P-18:0_20:1)+H",NA,NA,NA,24221.0048411411,30818.7289350335,37416.453028926,NA,NA,NA,20542.1733251809,31768.1598173735,42227.8755315098,27988.0063887374,28343.0970411009,40699.6035796531,23664.5181572504,21968.7492991183,25360.2870153825,NA,NA,NA,NA,NA,NA
"PE(P-18:0_20:2)+H",NA,NA,NA,12656.9406279143,6396.50346893012,9526.72204842221,NA,NA,NA,NA,NA,NA,22249.2323483165,14589.0716888753,18419.1520185959,NA,NA,NA,20163.1945728424,23593.3206945976,10217.117412354,20086.3447817679,8196.11878758123,14141.2317846746
"PE(P-18:0_20:3)+H",NA,NA,NA,NA,NA,NA,8602.34640843635,15100.4896474677,15951.9227461923,26558.8157794068,30310.3667057422,34061.9176320777,20897.5534437691,15733.8059241104,26061.3009634278,14294.4251292888,34324.3483569491,41724.1925772469,NA,NA,NA,30143.5287053912,13963.8336003964,22053.6811528938
"PE(P-18:0_20:4)+H",16789.5819370149,12369.3357470325,7949.08955705011,NA,NA,NA,NA,NA,NA,NA,NA,NA,NA,NA,NA,8089.97497764089,8081.32221650317,8072.66945536545,6960.93902051955,20655.7333314367,13808.3361759781,NA,NA,NA
"PE(P-18:0_20:5)+H",7646.66334227067,8409.64524751401,6883.68143702733,19787.9097879591,25665.5943649233,13910.2252109949,7822.41199975725,22201.5370845538,15011.9745421555,NA,NA,NA,NA,NA,NA,NA,NA,NA,13286.2432645147,13917.2964696471,12655.1900593823,NA,NA,NA
"PE(P-18:0_22:4)+H",NA,NA,NA,15131.4732252722,20074.8668307894,25018.2604363066,NA,NA,NA,NA,NA,NA,NA,NA,NA,20191.3439900266,19535.8545202077,20846.8334598454,NA,NA,NA,16514.8292405523,20614.8587597458,18564.844000149
"PE(P-18:0_22:5)+H",NA,NA,NA,NA,NA,NA,23714.3038359111,39123.9579625436,31419.1308992274,NA,NA,NA,35578.5893699024,22320.315954024,48836.8627857808,22016.028432843,27159.2210996475,16872.8357660386,NA,NA,NA,40929.1179060152,44872.1672207921,39622.7819157043
"PE(P-18:0_22:6)+H",36016.6127649634,35041.0727345598,34065.5327041562,92373.0610945039,86617.6037594699,98128.5184295379,38894.4682139957,15314.3407691237,27104.4044915597,NA,NA,NA,30851.1112892228,36119.4538430513,125444.485566362,17771.0545787468,47153.6962329503,32462.3754058486,NA,NA,NA,NA,NA,NA
"PE(P-18:1_14:0)+H",NA,NA,NA,18281.6640152962,9291.35640244852,37642.0605910489,NA,NA,NA,NA,NA,NA,32700.7701390672,26667.82896394,20634.8877888128,23883.2848453533,14263.6289878447,53695.3639106643,NA,NA,NA,NA,NA,NA
"PE(P-18:1_15:0)+H",15926.4856326287,19333.0464081931,22739.6071837575,13536.2193267919,17404.7001637532,21273.1810007145,29425.5062051168,31103.1268385371,27747.8855716965,NA,NA,NA,41959.5452184961,48669.5365993514,35249.5538376409,20832.9506737262,38315.9562023623,29574.4534380442,NA,NA,NA,NA,NA,NA
"PE(P-18:1_16:0)+H",122420.983227761,110958.589579603,99496.1959314452,103080.418329982,64754.636408873,83917.5273694275,112230.567654014,80843.2574058895,33881.34438728,63468.7993063239,44644.0712302526,54056.4352682883,NA,NA,NA,51755.1384895968,108332.621996899,41495.4766660388,58188.6580700618,127503.850076592,92846.2540733269,130571.759281991,49811.0516225727,90191.4054522818
"PE(P-18:1_16:1)+H",NA,NA,NA,NA,NA,NA,NA,NA,NA,43761.2382141751,66793.6390966312,20728.837331719,33958.1066624233,43208.972383152,24707.2409416947,NA,NA,NA,NA,NA,NA,NA,NA,NA
"PE(P-18:1_17:0)+H",28748.3192401708,53180.7237091397,40964.5214746553,17548.9574391371,8465.7270136181,26632.1878646561,26992.8779391406,58388.5594828795,65954.9998617863,NA,NA,NA,NA,NA,NA,45857.5956985546,26891.7237689331,21987.7268882281,42191.1657367556,39737.5135097037,44644.8179638075,42496.9141727745,28039.4815988777,13582.0490249809
"PE(P-18:1_18:0)+H",21470.5098072466,25236.0653307476,26490.9031188383,31967.350898193,33636.5414578329,30298.1603385531,43708.0515789848,56928.8339549548,30487.2692030147,NA,NA,NA,NA,NA,NA,NA,NA,NA,22144.0259275948,34875.3587738025,28509.6923506986,48628.9090469423,32946.7765309822,17264.644015022
"PE(P-18:1_18:1)+H",41587.1459319603,100647.061350899,54729.2967985135,NA,NA,NA,75107.4302624403,105724.496150617,17662.0093968967,37553.5908426917,51922.3329792605,44737.9619109761,51293.5583090749,88047.1964402832,14539.9201778666,30187.4564251368,50012.1066627499,40099.7815439433,31580.9054856082,70205.3903802521,29347.9711485613,22880.149907016,31463.9938704087,27172.0718887124
"PE(P-18:1_18:2)+H",NA,NA,NA,NA,NA,NA,19001.2397939304,38069.1134596805,28535.1766268054,16488.6354311666,18689.195538406,20642.4470228894,NA,NA,NA,NA,NA,NA,NA,NA,NA,26182.2868940742,21980.8262003407,17779.3655066072
"PE(P-18:1_18:3)+H",NA,NA,NA,NA,NA,NA,NA,NA,NA,25028.8044774288,17226.1717390498,21279.3941603648,NA,NA,NA,NA,NA,NA,NA,NA,NA,23165.4931686688,13347.8263823849,23559.1683276573
"PE(P-18:1_19:0)+H",27671.0698950898,30057.7462251038,24835.943954865,NA,NA,NA,24854.7582250428,24777.1313181058,24932.3851319798,NA,NA,NA,13464.8963482585,19669.7640967612,32106.4833190354,37292.1236285906,40627.3806825971,29139.1419997393,12479.1421097812,21541.7082745639,17296.2552923995,NA,NA,NA
"PE(P-18:1_20:0)+H",NA,NA,NA,33623.7130810837,16055.6378012156,47883.7952311135,NA,NA,NA,30423.2032076853,23853.1976703672,30904.1152759647,38853.2350050212,19062.6878159439,26293.9170499452,14495.2805404893,40386.3763491677,27440.8284448285,NA,NA,NA,NA,NA,NA
"PE(P-18:1_20:1)+H",42418.7765425383,44465.0621162377,46062.7116356485,43970.5046954467,32217.9425446914,20465.3803939361,NA,NA,NA,41687.9081110066,38578.0947933934,44797.7214286198,35648.3863518799,35497.596898868,35799.1758048918,NA,NA,NA,16084.4775574577,27151.7686657532,21618.1231116055,NA,NA,NA
"PE(P-18:1_20:2)+H",21178.728335359,13418.8618969153,32664.489702536,NA,NA,NA,19692.2035991148,15461.5800902562,11230.9565813976,19865.0755500566,25456.3503643108,31047.6251785651,NA,NA,NA,50589.044670711,46196.5820862151,54981.5072552068,NA,NA,NA,24561.859160723,26373.017045694,22750.701275752
"PE(P-18:1_20:3)+H",14234.6543024705,21009.4897271664,17622.0720148184,NA,NA,NA,45570.6047203721,73890.9346385359,17250.2748022084,15938.1987893422,13928.3117411733,11918.4246930045,NA,NA,NA,NA,NA,NA,31678.7243274422,23327.6863248477,49438.4893402819,23923.4054865204,16359.2492463277,20141.3273664241
"PE(P-18:1_20:4)+H",NA,NA,NA,27647.9236015425,24873.6065029918,22099.2894044411,26109.1601389569,24732.7299161842,18000.8847101306,18247.8562766592,13477.6151916162,23018.0973617022,NA,NA,NA,NA,NA,NA,35100.0418666652,26686.8872942738,31112.7718981651,NA,NA,NA
"PE(P-18:1_20:5)+H",NA,NA,NA,NA,NA,NA,NA,NA,NA,18440.8746315766,17908.0303510293,18973.7189121239,NA,NA,NA,54599.1369033694,30465.0431817029,42532.0900425361,NA,NA,NA,NA,NA,NA
"PE(P-18:1_22:4)+H",31316.0403777146,16425.5422073267,29608.9569411377,NA,NA,NA,NA,NA,NA,40196.3285066701,38673.2180643376,37150.1076220052,28761.9826888141,36769.8006392742,44777.6185897342,15037.1590698805,13621.1237148968,16453.1944248641,NA,NA,NA,41902.7622644384,19577.9872257166,42624.2749133039
"PE(P-18:1_22:5)+H",85204.313227773,44094.0409668818,64649.1770973274,22662.8229447837,63378.6238572848,72096.3478372266,70630.7807636196,37966.2909370842,103295.270590155,NA,NA,NA,72574.5798977939,28554.4999622083,60387.2439826306,17462.944362048,41579.8837899928,29521.4140760204,NA,NA,NA,33846.1846662315,41745.3261099551,49644.4675536787
"PE(P-18:1_22:6)+H",119015.79804693,150083.913322735,150499.200389795,NA,NA,NA,NA,NA,NA,59256.1841370004,185819.833868194,122538.009002597,NA,NA,NA,NA,NA,NA,169267.567961099,128344.222647876,159107.68256555,61304.8543240381,73084.6935761709,84864.5328283038
"PE(P-20:0_14:0)+H",NA,NA,NA,NA,NA,NA,NA,NA,NA,NA,NA,NA,NA,NA,NA,36730.5170735899,34670.1503985284,35700.3337360591,NA,NA,NA,NA,NA,NA
"PE(P-20:0_15:0)+H",NA,NA,NA,20292.8823397101,20139.3530424475,20446.4116369727,NA,NA,NA,NA,NA,NA,47773.4527397349,47206.4319223773,46639.4111050198,NA,NA,NA,32821.5443867636,44080.1467463666,38450.8455665651,NA,NA,NA
"PE(P-20:0_16:0)+H",19048.9953614238,84177.7277992423,51613.361580333,NA,NA,NA,46272.0137886695,58346.5030691387,34197.5245082002,NA,NA,NA,NA,NA,NA,NA,NA,NA,54504.0667423679,60669.2579817353,23435.2078889832,NA,NA,NA
"PE(P-20:0_16:1)+H",19995.1645664552,20111.2771552498,20227.3897440445,29039.0166955163,47157.3497522293,65275.6828089422,41392.1526220152,39781.5513405042,43002.7539035262,34630.6455284906,44287.3493158353,18166.3960242765,NA,NA,NA,69255.5157092247,12627.2768579618,40941.3962835932,29945.9430056796,44737.9858849831,37254.572490523,NA,NA,NA
"PE(P-20:0_17:0)+H",12400.8598147771,20419.9547842789,26562.3803152035,NA,NA,NA,NA,NA,NA,23453.3923413982,17012.8314609301,20233.1119011641,NA,NA,NA,34567.5871038798,27476.656830429,41658.5173773306,24513.7725909166,26646.4665258557,18506.4505520955,NA,NA,NA
"PE(P-20:0_18:0)+H",NA,NA,NA,42856.565257931,61153.2080598923,24559.9224559698,NA,NA,NA,NA,NA,NA,NA,NA,NA,57961.9316284348,72539.589507303,43384.2737495666,NA,NA,NA,NA,NA,NA
"PE(P-20:0_18:1)+H",NA,NA,NA,NA,NA,NA,41600.6404004499,28006.2239366055,34803.4321685277,28704.7764051866,28353.4849696871,28002.1935341877,33130.632997293,27684.7546560484,30407.6938266707,NA,NA,NA,15536.195262105,19761.0664197097,23985.9375773144,26610.7318647847,43988.1526385894,35299.442251687
"PE(P-20:0_18:2)+H",25896.2408802278,19070.3556112697,22483.2982457487,NA,NA,NA,22511.5425304761,35456.136686511,48400.7308425458,NA,NA,NA,NA,NA,NA,NA,NA,NA,NA,NA,NA,21316.0740844663,34486.3162860887,28454.230289706
"PE(P-20:0_18:3)+H",NA,NA,NA,NA,NA,NA,23308.5243329089,14373.0925413948,32243.9561244231,NA,NA,NA,NA,NA,NA,33544.5519535935,9643.8959962754,21594.2239749345,NA,NA,NA,NA,NA,NA
"PE(P-20:0_19:0)+H",151060.368548826,126822.258730634,102584.148912441,NA,NA,NA,NA,NA,NA,NA,NA,NA,20058.4844106112,28619.8801154806,37181.2758203501,NA,NA,NA,NA,NA,NA,32407.9162498772,21831.2439565753,27119.5801032262
"PE(P-20:0_20:0)+H",NA,NA,NA,17346.4810236823,37372.6076080057,27359.544315844,NA,NA,NA,NA,NA,NA,NA,NA,NA,NA,NA,NA,NA,NA,NA,NA,NA,NA
"PE(P-20:0_20:1)+H",NA,NA,NA,NA,NA,NA,NA,NA,NA,20082.9446050505,18730.3322446509,17377.7198842513,9644.01286866991,11292.0792379405,12940.1456072111,11488.2358253013,5447.64837274074,17528.8232778618,NA,NA,NA,NA,NA,NA
"PE(P-20:0_20:2)+H",NA,NA,NA,NA,NA,NA,48116.7993331392,45398.6924170666,42680.585500994,31064.754138731,36524.347516271,33794.550827501,NA,NA,NA,NA,NA,NA,NA,NA,NA,NA,NA,NA
"PE(P-20:0_20:3)+H",61057.9813277659,18939.1385182087,39998.5599229873,30748.4135008838,20215.8450448154,25482.1292728496,21037.8621992658,27118.3123394626,24078.0872693642,49354.9021029695,51143.7755197663,50249.3388113679,NA,NA,NA,NA,NA,NA,14654.7239668002,23830.1527194559,33005.5814721116,51651.9924733927,50872.7827570912,52431.2021896942
"PE(P-20:0_20:4)+H",19176.0753367035,31942.5874438886,44709.0995510737,58712.4441304947,25638.8423551323,42175.6432428135,26980.6300575524,22261.731967905,31699.5281471998,NA,NA,NA,40337.4648684524,29370.3748576947,51304.5548792101,NA,NA,NA,NA,NA,NA,NA,NA,NA
"PE(P-20:0_20:5)+H",19556.196338527,19005.5169835277,19280.8566610273,20784.9923019566,26508.9745400303,23646.9834209934,NA,NA,NA,44101.4524504907,27116.730369619,10132.0082887473,16102.3095427871,14831.9842230577,43678.1692526124,31047.8608522935,27295.0418962629,23542.2229402322,NA,NA,NA,NA,NA,NA
"PE(P-20:0_22:4)+H",NA,NA,NA,22633.903723117,18743.8646188555,20688.8841709862,30879.7198558214,37069.052716116,24690.3869955268,14391.423966802,19020.8367636771,30490.5267005328,NA,NA,NA,NA,NA,NA,10848.9307035313,22487.8034858724,44802.2851492421,34780.4711365504,26051.4328398462,17322.394543142
"PE(P-20:0_22:5)+H",52314.1498473412,24653.6223732675,38483.8861103044,90006.2707799581,55024.4443356897,24578.0313479267,64515.2240393129,44442.2562590724,54478.7401491927,67392.2536515527,25567.0957235516,46479.6746875521,NA,NA,NA,NA,NA,NA,NA,NA,NA,NA,NA,NA
"PE(P-20:0_22:6)+H",36192.7520998101,23730.4717111201,11268.1913224301,NA,NA,NA,30700.7158184526,39179.5852881316,22221.8463487735,NA,NA,NA,NA,NA,NA,NA,NA,NA,31884.6870364554,12972.2119860074,50797.1620869035,NA,NA,NA
"PE(P-20:1_14:0)+H",16785.9360073762,33558.5153394483,25172.2256734122,31461.4149740867,19731.7654266986,25596.5902003926,49127.956879863,72169.0214650071,37086.892699702,25344.6490420019,30684.6800654605,15976.2046649715,97484.3184189709,54530.2144700045,25611.1328463992,NA,NA,NA,35434.677175995,103737.088522733,16863.7011652699,40203.5750248922,60517.8466697939,19889.3033799905
"PE(P-20:1_15:0)+H",NA,NA,NA,NA,NA,NA,NA,NA,NA,23102.1171040536,18685.9266709486,8422.18093158749,NA,NA,NA,NA,NA,NA,NA,NA,NA,NA,NA,NA
"PE(P-20:1_16:0)+H",29205.2608674926,37185.2477284022,43614.1859452021,17877.6086231491,16693.1601985373,17285.3844108432,24284.8734305361,32850.9819817516,39414.5094918719,52025.8142969526,28612.7572915313,40319.285794242,NA,NA,NA,NA,NA,NA,62535.6283175281,42947.3918130887,23359.1553086494,24470.4302446374,59251.6050505936,33303.923931524
"PE(P-20:1_16:1)+H",NA,NA,NA,44737.0094408131,44924.4292570813,19050.0370261949,29611.7573399987,17262.9161301597,11526.5384342665,NA,NA,NA,NA,NA,NA,19763.5152166915,23901.8628961046,15625.1675372784,29956.3063239968,21494.2394151053,38418.3732328883,10416.5191457238,31129.1162701786,24647.5168821845
"PE(P-20:1_17:0)+H",9513.01024826737,24016.9127931663,16764.9615207168,NA,NA,NA,NA,NA,NA,NA,NA,NA,NA,NA,NA,NA,NA,NA,NA,NA,NA,25655.2221154922,33107.5477099471,18202.8965210373
"PE(P-20:1_18:0)+H",87223.302085291,97657.3946124862,39433.3096067186,45201.9823756749,19555.4763819881,70848.4883693616,NA,NA,NA,29392.8623751005,30397.1764442258,31401.4905133511,NA,NA,NA,NA,NA,NA,NA,NA,NA,NA,NA,NA
"PE(P-20:1_18:1)+H",15627.6933714242,18275.5002226393,12979.8865202092,23727.0693402588,23109.5343650831,23418.3018526709,NA,NA,NA,NA,NA,NA,34205.5540604169,44920.8462519743,23490.2618688595,20504.708757258,33060.0341741621,26782.37146571,NA,NA,NA,23432.5198244397,27285.5194872843,25359.019655862
"PE(P-20:1_18:2)+H",22669.6687688513,39833.0910473386,31251.379908095,98562.3817407079,35445.6878328519,65732.276609794,NA,NA,NA,29992.8217020928,46038.5853846805,38015.7035433866,NA,NA,NA,40420.2398124356,31218.0714057015,49622.4082191697,16996.4214382729,36532.3275444471,26764.37449136,NA,NA,NA
"PE(P-20:1_19:0)+H",NA,NA,NA,NA,NA,NA,NA,NA,NA,35451.5644518886,33625.210804159,13681.4673091914,NA,NA,NA,NA,NA,NA,65689.7661812712,37793.6926790576,57196.7733110632,21172.218477577,10370.3846776242,46640.029653635
"PE(P-20:1_20:0)+H",NA,NA,NA,14510.2576427074,9966.26071781018,11133.2235934897,NA,NA,NA,NA,NA,NA,11268.313898281,8283.3824088432,14253.2453877188,NA,NA,NA,8894.39587391205,16132.5747267603,23370.7535796086,24363.7788117662,13460.2884273761,35267.2691961563
"PE(P-20:1_20:1)+H",NA,NA,NA,NA,NA,NA,NA,NA,NA,35887.7660652318,30067.8069801863,32977.7865227091,27076.2918259665,23470.7427577977,26635.9837342768,18477.7447749025,67671.9361705733,43074.8404727379,16101.5439643365,41270.1760932454,33765.912799084,25088.0777144284,30542.4337174544,35996.7897204803
"PE(P-20:1_20:2)+H",14918.0724840792,54911.5232303307,32673.2505046223,NA,NA,NA,NA,NA,NA,NA,NA,NA,19796.9066919997,42069.2223473007,30933.0645196502,27849.9176475393,23464.722729214,32235.1125658646,NA,NA,NA,NA,NA,NA
"PE(P-20:1_20:3)+H",32120.2292038651,29795.6933020868,27413.7204999136,20880.3275424941,45953.3973152551,33416.8624288746,31345.5973057133,50141.4425932797,12549.752018147,33463.0301188302,44057.1120306841,22868.9482069763,NA,NA,NA,NA,NA,NA,NA,NA,NA,38661.2757782643,59926.8368764436,49294.056327354
"PE(P-20:1_22:4)+H",21091.6796957601,20356.6935230826,19621.7073504051,NA,NA,NA,28788.6594408845,29879.9587842841,27697.3600974849,29449.393595567,32870.7007552208,26028.0864359131,NA,NA,NA,28533.4898781176,13146.10955387,20839.7997159938,NA,NA,NA,NA,NA,NA
"PE(P-20:1_22:5)+H",NA,NA,NA,19999.2144760487,36053.7384061906,23567.5457303074,30506.7766083644,29791.691164753,31221.8620519758,NA,NA,NA,22358.6193004016,18187.9347259658,35633.2610470961,41884.2450251599,39147.9215687808,36411.5981124017,NA,NA,NA,NA,NA,NA
"PE(P-20:1_22:6)+H",NA,NA,NA,24163.6471617375,26018.7097319956,27873.7723022537,NA,NA,NA,30077.5581994693,32561.6520915312,27593.4643074073,NA,NA,NA,16279.5433439527,18134.3781895536,17206.9607667531,NA,NA,NA,NA,NA,NA
"LPC(15:0)+AcO",16962.9864087265,44137.7319490383,30550.3591788824,39073.7463222765,15197.0008977903,27135.3736100334,15662.7989479815,46653.1314650416,31157.9652065116,16933.2100499247,35272.4347591116,26102.8224045181,41621.7473955159,26142.123157711,33881.9352766134,NA,NA,NA,40936.722821258,17695.1617294551,29315.9422753565,NA,NA,NA
"LPC(16:0)+AcO",NA,NA,NA,NA,NA,NA,NA,NA,NA,NA,NA,NA,NA,NA,NA,NA,NA,NA,446118.278304762,249849.526850192,347983.902577477,NA,NA,NA
"LPC(16:1)+AcO",3561419.52357047,2905813.10130983,3233616.31244015,3578785.19028212,2005478.56029679,2792131.87528946,4286237.86703605,3000585.90011917,3643411.88357761,2881360.40145221,1943655.28519771,2412507.84332496,3004914.4346738,2083707.89344051,2544311.16405716,2122977.4384235,1966418.54146331,2044697.9899434,3226028.23087443,2341950.95196079,13802.9926295288,2166243.7754782,1765045.02191242,1965644.39869531
"LPC(18:2)+AcO",170089.95236239,102759.085608038,136424.518985214,255655.246990719,128373.344404823,192014.295697771,131279.800055286,415255.87239488,273267.836225083,146829.169407616,162910.534294628,154869.851851122,151705.078585917,267645.760753153,209675.419669535,467381.423946988,119461.457022585,293421.440484787,197621.473612738,178102.055408222,10131.7800760441,116065.059180446,86896.8714969146,101480.96533868
"LPC(18:3)+AcO",157968.781632535,160366.296615783,159167.539124159,107151.095067492,101746.759598284,104448.927332888,209501.579642016,160651.751233492,185076.665437754,139394.032949518,69034.3983880572,104214.215668788,122405.237254455,63379.6005960178,92892.4189252364,63961.6760553779,61131.0119663291,62546.3440108535,113080.26478781,75167.0066733788,94123.6357305944,83201.571567872,72386.3097601666,77793.9406640193
"LPC(19:0)+AcO",449041.513100662,431091.606101572,440066.559601117,359679.433845464,247481.748905784,303580.591375624,669341.93581408,497105.559398313,583223.747606196,328395.333549501,203865.770471643,266130.552010572,649456.358143472,350881.626572476,500168.992357974,362290.115587136,387386.059860406,374838.087723771,610340.891740974,383975.86470794,497158.378224457,484761.286118368,313479.564741474,399120.425429921
"LPC(20:0)+AcO",NA,NA,NA,NA,NA,NA,NA,NA,NA,NA,NA,NA,NA,NA,NA,NA,NA,NA,NA,NA,NA,31179.3221720546,33110.0179105712,32144.6700413129
"LPC(20:4)+AcO",192326.295548647,131280.327301239,161803.311424943,117638.852676692,27106.2297476075,72372.5412121498,188102.93275637,113618.164775327,150860.548765849,40594.8773912859,86363.6696848813,63479.2735380836,341435.093872336,194513.599460585,267974.346666461,100155.366189527,84230.9373264823,92193.1517580046,322319.655928754,207355.558929298,264837.607429026,96930.6051214864,39916.9957978487,68423.8004596675
"LPC(20:5)+AcO",7542.41920685493,10888.7026671134,9215.56093698417,NA,NA,NA,22714.5797907204,3943.33517597096,13328.9574833457,NA,NA,NA,12782.6332628307,12613.0433586059,12697.8383107183,5814.3348430978,5064.44820843907,5439.39152576843,NA,NA,NA,NA,NA,NA
"LPC(22:5)+AcO",NA,NA,NA,NA,NA,NA,NA,NA,NA,NA,NA,NA,28426.0112423388,9767.94280279962,19096.9770225692,8725.65617463605,11207.4223990581,9966.53928684707,NA,NA,NA,NA,NA,NA
"LPC(22:6)+AcO",18418.2556006338,20071.1760571415,19244.7158288876,28180.9787622653,13544.3589844986,20862.668873382,42546.8730346148,43655.3542013076,43101.1136179612,NA,NA,NA,31554.5870392958,29405.4877712287,30480.0374052623,7171.27778780565,9584.55833852983,8377.91806316774,39332.0368961374,33470.7197783406,36401.378337239,12107.3672490272,27801.2499957149,19954.308622371
"LPG(14:0)-H",NA,NA,NA,3842.89913949779,4018.09565017462,4193.29216085145,NA,NA,NA,NA,NA,NA,NA,NA,NA,NA,NA,NA,NA,NA,NA,NA,NA,NA
"LPG(16:0)-H",NA,NA,NA,NA,NA,NA,NA,NA,NA,NA,NA,NA,NA,NA,NA,6666.04305398849,6451.96791394261,6237.89277389673,NA,NA,NA,NA,NA,NA
"LPG(17:0)-H",NA,NA,NA,NA,NA,NA,NA,NA,NA,NA,NA,NA,NA,NA,NA,NA,NA,NA,4271.62220443657,3902.54000744016,3533.45781044375,NA,NA,NA
"LPG(18:1)-H",NA,NA,NA,NA,NA,NA,NA,NA,NA,NA,NA,NA,NA,NA,NA,NA,NA,NA,NA,NA,NA,17545.4790018091,7447.76903678099,12496.624019295
"LPG(18:2)-H",5464.94673253343,4555.42882718836,5010.18777986089,NA,NA,NA,NA,NA,NA,NA,NA,NA,NA,NA,NA,NA,NA,NA,NA,NA,NA,NA,NA,NA
"LPI(14:0)-H",NA,NA,NA,NA,NA,NA,NA,NA,NA,NA,NA,NA,3479.97317812693,2913.97079909718,3196.97198861206,NA,NA,NA,NA,NA,NA,NA,NA,NA
"LPI(18:3)-H",NA,NA,NA,NA,NA,NA,NA,NA,NA,NA,NA,NA,NA,NA,NA,6943.76832932794,5420.32950726224,3896.89068519655,NA,NA,NA,NA,NA,NA
"LPI(19:0)-H",NA,NA,NA,NA,NA,NA,NA,NA,NA,NA,NA,NA,NA,NA,NA,NA,NA,NA,11172.8069628783,8771.99327164013,9972.40011725921,NA,NA,NA
"LPI(22:5)-H",NA,NA,NA,NA,NA,NA,NA,NA,NA,NA,NA,NA,NA,NA,NA,NA,NA,NA,3361.73849268822,3169.99058547019,3553.48639990625,NA,NA,NA
"LPS(14:0)-H",3988.21719629435,4107.21556526935,3869.21882731936,NA,NA,NA,NA,NA,NA,NA,NA,NA,NA,NA,NA,6627.67021818745,4014.82459955569,5321.24740887157,NA,NA,NA,NA,NA,NA
"LPS(15:0)-H",NA,NA,NA,NA,NA,NA,NA,NA,NA,3629.98028081451,4764.73672722233,4197.35850401842,NA,NA,NA,NA,NA,NA,NA,NA,NA,NA,NA,NA
"PC(14:0_16:0)+AcO",27630071.2571247,17193433.7127093,20954.5775001682,57366636.8879217,25998601.0866025,42245.8407626065,31052107.5186116,17029676.0512987,39565.2428175591,37733387.6446833,29284607.9681253,62404.7129949927,16755919.2672357,13646622.5619272,21990.5508581491,27735695.2038383,24416448.8683202,26437.9141752804,23714195.894983,20017672.0267235,35075.1002493308,19841044.3205381,29838139.9184572,79183.5867291487
"PC(14:0_16:1)+AcO",NA,NA,NA,48974900.1572757,32549392.3968145,40762146.2770451,34301109.0703917,32791388.7607975,33546248.9155946,NA,NA,NA,NA,NA,NA,NA,NA,NA,26146708.9272543,19115645.2981665,22631177.1127104,NA,NA,NA
"PC(14:0_17:0)+AcO",439112.074710178,313889.85986666,376500.967288419,NA,NA,NA,320980.393349386,323703.07567654,322341.734512963,458805.729955615,343259.306832875,401032.518394245,328653.00680542,346065.752645507,337359.379725464,NA,NA,NA,338753.603211405,256956.409234153,297855.006222779,NA,NA,NA
"PC(14:0_18:1)+AcO",NA,NA,NA,12809.7352496716,15330.4087130833,10289.0617862599,86775.2014525331,21256.9390101917,54016.0702313624,17771.9535816168,23447.6335727842,20609.7935772005,20891.6756599305,13316.524877858,17104.1002688942,522891.75899366,298799.959762721,410845.85937819,NA,NA,NA,NA,NA,NA
"PC(14:0_18:3)+AcO",74086.2018417764,66604.4627688598,70345.3323053181,147365.072235606,65244.1450444891,106304.608640048,89850.0840035124,93371.2645708,91610.6742871562,58018.6072282699,41899.4392855311,49959.0232569005,89775.0124116763,125759.707259357,107767.359835517,94610.5362333752,101303.436525861,97956.9863796181,48482.1952665375,140612.966064611,94547.5806655743,91047.3811379393,55180.8437497282,73114.1124438338
"PC(14:0_20:2)+AcO",362001.982557409,331977.021836175,346989.502196792,630292.691487027,357523.215126348,493907.953306687,390644.913675784,444188.439054331,417416.676365057,415859.884717627,215602.694358794,315731.28953821,281592.742249331,314376.619025978,297984.680637654,454953.99494536,239752.151280162,347353.073112761,426300.966608668,312260.334709652,369280.65065916,398737.656821379,352332.714317046,375535.185569212
"PC(14:0_20:3)+AcO",5407223.3899344,4289473.56546027,4848348.47769734,8010269.43524649,4040606.74164095,6025438.08844372,6272238.31679311,4233384.82421723,5252811.57050517,5353688.71483879,4390310.85988056,4871999.78735968,3278487.3614542,2789567.33836484,3034027.34990952,5206710.46741152,4261809.38177328,4734259.9245924,3892380.4503324,2343911.20620859,3118145.82827049,3478761.87674853,3994686.00600571,27618.2251600755
"PC(14:0_22:5)+AcO",137847.986411458,229701.254670482,183774.62054097,191831.700921496,180725.348954428,186278.524937962,250357.174624739,232812.338224224,241584.756424481,324243.729048859,156419.638045882,240331.683547371,226436.306570909,246678.275782085,236557.291176497,170531.369000942,282113.973647723,226322.671324333,232085.812708222,156812.937554222,194449.375131222,213360.907977102,184688.544244314,199024.726110708
"PC(15:0_16:0)+AcO",NA,NA,NA,NA,NA,NA,NA,NA,NA,NA,NA,NA,NA,NA,NA,23009.1814361961,8330.84065164992,15670.011043923,NA,NA,NA,NA,NA,NA
"PC(15:0_17:0)+AcO",NA,NA,NA,NA,NA,NA,NA,NA,NA,NA,NA,NA,NA,NA,NA,9936.68945866123,10894.674349843,10415.6819042521,NA,NA,NA,NA,NA,NA
"PC(15:0_18:1)+AcO",NA,NA,NA,NA,NA,NA,NA,NA,NA,NA,NA,NA,NA,NA,NA,NA,NA,NA,NA,NA,NA,14481.9844338861,20564.9549874724,17523.4697106792
"PC(15:0_18:3)+AcO",305415.486930335,326147.461271129,315781.474100732,310132.170691571,230605.295892831,270368.733292201,330197.332689361,290338.292517399,24471.5380527978,312324.236875332,273446.450002409,292885.343438871,172928.3809576,107471.07295632,140199.72695696,232908.411003134,174727.333662291,203817.872332712,177533.622092938,168930.149334465,173231.885713701,182075.009458493,221785.701115116,201930.355286804
"PC(15:0_20:3)+AcO",NA,NA,NA,NA,NA,NA,13559.7803227047,13342.3626392031,13124.9449557016,NA,NA,NA,NA,NA,NA,NA,NA,NA,NA,NA,NA,NA,NA,NA
"PC(15:0_22:6)+AcO",NA,NA,NA,NA,NA,NA,NA,NA,NA,10898.186458595,7548.92141619504,9223.55393739502,NA,NA,NA,NA,NA,NA,NA,NA,NA,NA,NA,NA
"PC(16:0_16:0)+AcO",NA,NA,NA,94858.9330486433,56509.6685694354,17507.8384480005,NA,NA,NA,NA,NA,NA,NA,NA,NA,NA,NA,NA,NA,NA,NA,NA,NA,NA
"PC(16:0_16:1)+AcO",34964.7468196636,93198.1469977255,25279.3327323188,283755.280616441,206906.823526087,245331.052071264,NA,NA,NA,234234.497316069,127393.651079267,12902.6484102547,44261.4359543731,36147.4099910324,40204.4229727027,266375.561315038,181719.902763531,23504.4423914293,NA,NA,NA,198484.117892312,264223.921220731,7707.16009235921
"PC(16:0_17:0)+AcO",NA,NA,NA,NA,NA,NA,NA,NA,NA,NA,NA,NA,NA,NA,NA,NA,NA,NA,NA,NA,NA,23736.4493130143,13701.5281076502,18718.9887103323
"PC(16:0_18:0)+AcO",NA,NA,NA,NA,NA,NA,NA,NA,NA,29006.9927510722,12730.0715465604,15767.4280672844,NA,NA,NA,NA,NA,NA,NA,NA,NA,22869.0992607582,62535.2551920229,42702.1772263906
"PC(16:0_18:1)+AcO",119055020.298081,2863170.08395308,852073.414325673,181143339.448432,145082090.448619,1739543.65077283,139956986.861364,121605937.032542,491145.901810481,159233405.948901,141300552.241295,1463409.88763159,137633234.177843,117215934.018484,517133.012998732,200318393.715378,171492959.307988,805092.425307082,126598803.032208,112873362.512667,2007879.32454303,151232033.321129,127919926.410179,2472875.27462264
"PC(16:0_18:2)+AcO",NA,NA,NA,NA,NA,NA,104858.378019929,137828.010030103,121343.194025016,NA,NA,NA,NA,NA,NA,NA,NA,NA,NA,NA,NA,NA,NA,NA
"PC(16:0_18:3)+AcO",149596.558784013,87238.7210578668,118417.63992094,NA,NA,NA,73449.8172494819,49377.5662861826,61413.6917678322,NA,NA,NA,148322.236122651,114838.602568257,131580.419345454,73579.9891671105,38691.2470484637,56135.6181077871,135140.692101711,101066.780095214,118103.736098462,61871.0312792909,100775.400566967,81323.215923129
"PC(16:0_19:0)+AcO",65015.1106984086,56281.6424444,60648.3765714043,NA,NA,NA,58113.135539176,66357.7468782874,62235.4412087317,24820.3143477697,77785.6092794539,51302.9618136118,NA,NA,NA,120555.453586901,74117.3829211844,97336.4182540427,NA,NA,NA,99829.1655655868,92633.2616826634,96231.2136241251
"PC(16:0_20:2)+AcO",NA,NA,NA,35399.4353646541,33592.8607362642,34496.1480504592,NA,NA,NA,31622.9288918076,26333.7303390316,28978.3296154196,NA,NA,NA,70397.3226041106,20323.2397053858,45360.2811547482,NA,NA,NA,35938.9189005843,56492.0602070084,46215.4895537964
"PC(16:0_20:4)+AcO",NA,NA,NA,NA,NA,NA,NA,NA,NA,NA,NA,NA,NA,NA,NA,NA,NA,NA,NA,NA,NA,32431.6200257731,22416.8679908679,27424.2440083205
"PC(16:0_20:5)+AcO",46955.3285561637,68359.8107521092,57657.5696541365,44742.7195663983,47090.2467075261,45916.4831369622,NA,NA,NA,49835.3233812345,41455.2194225194,14650.4133680508,34649.8576386209,57012.7307314716,45831.2941850463,49579.044908659,42846.5553255061,46212.8001170826,87791.0821734828,57498.6865799392,72644.884376711,56821.2633324619,64460.2497678506,60640.7565501562
"PC(16:1_16:1)+AcO",1447673.50427137,1140235.84699973,1293954.67563555,NA,NA,NA,NA,NA,NA,NA,NA,NA,NA,NA,NA,NA,NA,NA,NA,NA,NA,NA,NA,NA
"PC(16:1_18:1)+AcO",107565.725955395,40299.6450758643,13333.209272198,NA,NA,NA,NA,NA,NA,NA,NA,NA,105760.890729003,145264.366943628,125512.628836316,227692.342617298,239830.97216585,233761.657391574,167796.396309885,151141.962341037,159469.179325461,156136.741412197,150105.186752868,153120.964082533
"PC(16:1_18:3)+AcO",406664.876180963,306086.026945129,356375.451563046,340414.804871644,244806.11180319,292610.458337417,400135.943838649,338058.530130336,369097.236984493,336568.540801089,402490.132331916,369529.336566503,438241.86327183,508577.226153921,473409.544712876,413376.196219442,237489.219986379,325432.70810291,535190.11858057,351930.108856007,443560.113718288,355905.72849334,423250.691338547,389578.209915944
"PC(16:1_19:0)+AcO",NA,NA,NA,NA,NA,NA,NA,NA,NA,NA,NA,NA,NA,NA,NA,NA,NA,NA,NA,NA,NA,103385.419405824,57678.2942718765,80531.8568388502
"PC(16:1_20:0)+AcO",NA,NA,NA,12288.5809863728,14490.0672612032,10087.0947115424,NA,NA,NA,13486.3541637743,6348.65002917588,9917.50209647509,NA,NA,NA,NA,NA,NA,NA,NA,NA,NA,NA,NA
"PC(16:1_20:1)+AcO",2850480.57373918,2860649.0118431,2855564.79279114,3134664.10523121,2701973.27545526,46171.2842169446,2986040.6912443,2688414.64466702,2837227.66795566,3440010.87065226,2655283.30723696,3047647.08894461,2904756.35422863,2784787.43122848,2844771.89272856,3247026.3903378,3589221.24533277,35815.1457221825,2515106.96013094,2966926.61412468,2741016.78712781,3089545.01978451,2937398.01713135,33389.0179882197
"PC(16:1_20:5)+AcO",NA,NA,NA,60345.0633532532,22031.6120123597,41188.3376828065,NA,NA,NA,NA,NA,NA,NA,NA,NA,NA,NA,NA,NA,NA,NA,NA,NA,NA
"PC(16:1_22:4)+AcO",159879.00069569,531941.571109778,345910.285902734,141234.147864674,104718.522657298,15092.9751905338,138820.362438554,133987.757836809,136404.060137681,NA,NA,NA,NA,NA,NA,128381.390563379,99049.8613582727,113715.625960826,NA,NA,NA,NA,NA,NA
"PC(16:1_22:5)+AcO",3349774.07569719,3374094.3057463,3361934.19072175,1916572.51390958,3013004.88740685,2464788.70065822,4852340.7373376,3893406.63748192,4372873.68740976,4398132.1619431,2895505.19340642,3646818.67767476,3910448.57824189,2874565.88640693,3392507.23232441,3508367.46781717,3736707.6811061,3622537.57446164,4252404.40914692,3416056.67764869,17407.7843048136,3585498.75015538,1220793.8620424,2403146.30609889
"PC(16:1_22:6)+AcO",NA,NA,NA,NA,NA,NA,NA,NA,NA,NA,NA,NA,NA,NA,NA,90327.7337828727,74044.6236580854,82186.178720479,NA,NA,NA,NA,NA,NA
"PC(17:0_18:0)+AcO",9963.73207214243,24343.8859445514,17153.8090083469,NA,NA,NA,NA,NA,NA,NA,NA,NA,NA,NA,NA,NA,NA,NA,NA,NA,NA,16896.2840582716,31855.7241761146,24376.0041171931
"PC(17:0_18:3)+AcO",270427.790410665,306181.231843385,288304.511127025,305154.439157838,189153.979206605,247154.209182222,325859.252107806,106138.681099547,215998.966603676,84327.6547294985,80542.4840875457,82435.0694085221,254475.989569956,98357.9527968485,176416.971183402,209719.36355316,156325.19087126,183022.27721221,175372.166956183,68596.6721850606,121984.419570622,76383.7237206109,212929.482937532,144656.603329072
"PC(17:0_19:0)+AcO",NA,NA,NA,NA,NA,NA,19882.3046529097,11436.2822674755,15659.2934601926,NA,NA,NA,NA,NA,NA,NA,NA,NA,NA,NA,NA,NA,NA,NA
"PC(17:0_20:0)+AcO",11336.0694208527,11667.8106674532,11501.940044153,NA,NA,NA,NA,NA,NA,24560.8011779296,17160.6791961528,20860.7401870412,23043.8398108687,8424.84474138655,15734.3422761276,NA,NA,NA,13119.2116349887,19588.2092464573,16353.710440723,25513.356451883,13866.6772364319,19690.0168441574
"PC(17:0_20:3)+AcO",691402.456915685,754910.918311483,723156.687613584,714338.756884292,644512.106209994,679425.431547143,748609.513715064,533164.557767719,15294.679785795,730283.76948118,564671.988625457,647477.879053319,761186.945744443,672430.819579797,716808.88266212,922107.268950974,659457.110777036,790782.189864005,632796.490370497,641661.771494642,637229.13093257,715015.66521482,655726.679179174,685371.172196997
"PC(17:0_20:4)+AcO",95956.5834719758,81155.6881456006,88556.1358087882,132756.250602787,48848.9493220098,90802.5999623984,130442.677133847,110178.544945822,120310.611039835,163786.140299587,111970.217027721,137878.178663654,141950.920418351,75347.3975396291,108649.15897899,119390.306646565,90083.3015519498,104736.804099257,141521.383316657,83195.0881436443,112358.235730151,167321.123044169,153779.757308799,160550.440176484
"PC(17:0_20:5)+AcO",385757.823720021,388802.915840064,387280.369780042,365273.872826541,164717.178239921,264995.525533231,409455.581681752,342985.936204402,376220.758943077,338537.80023541,586338.73835891,462438.26929716,489380.756054946,298139.52150627,18179.9309983025,447211.086833488,491305.844270549,469258.465552018,505953.766042554,315246.978696583,410600.372369569,420934.021859052,550928.863042987,485931.442451019
"PC(17:0_22:4)+AcO",NA,NA,NA,NA,NA,NA,NA,NA,NA,NA,NA,NA,NA,NA,NA,29821.7717329324,22489.6499722198,26155.7108525761,18567.9631073731,16774.0644929699,17671.0138001715,NA,NA,NA
"PC(18:0_18:0)+AcO",92655.9137055177,114979.416829896,103817.665267707,17530.0713691878,41739.0619299404,29634.5666495641,97297.6700032687,86747.9251029256,92022.7975530971,36691.1826508016,60015.6589166083,48353.4207837049,132928.052889364,139051.76991893,135989.911404147,97111.9218379609,73703.4051907414,85407.6635143512,123154.941788938,101981.678293147,112568.310041042,53821.1390607139,85605.3232245105,69713.2311426122
"PC(18:0_18:1)+AcO",67773.6946335921,59616.6777105173,63695.1861720547,NA,NA,NA,NA,NA,NA,86006.6418538356,70620.8086886063,35039.4490668045,NA,NA,NA,48480.1906907121,77822.0130872994,19138.3682941247,NA,NA,NA,NA,NA,NA
"PC(18:0_18:2)+AcO",191460.853859872,164313.168693127,177887.0112765,293606.515330801,167535.497542035,230571.006436418,302129.88625508,164185.448953268,233157.667604174,186510.302960612,207085.325152781,196797.814056696,NA,NA,NA,130184.729065971,160370.708381668,145277.71872382,175877.076224498,236072.831364333,205974.953794415,218839.613800315,213597.88414548,216218.748972898
"PC(18:0_20:0)+AcO",951671.604630541,119568.051938901,535619.828284721,574311.781991838,409922.422760313,9844.61868850493,1025837.79926584,826516.945812752,926177.372539296,576068.016307204,363314.63282296,469691.324565082,602558.127419426,580339.867310486,12443.7080498,447173.926963279,430607.467584747,438890.697274013,689501.210021554,510048.761641659,599774.985831607,438385.635223814,363985.893055377,401185.764139595
"PC(18:0_22:5)+AcO",NA,NA,NA,NA,NA,NA,NA,NA,NA,NA,NA,NA,NA,NA,NA,NA,NA,NA,43487.2456074753,11119.2027697244,27303.2241885998,NA,NA,NA
"PC(18:1_18:2)+AcO",NA,NA,NA,NA,NA,NA,NA,NA,NA,NA,NA,NA,16148.5115403323,17185.8537396905,15111.1693409741,NA,NA,NA,NA,NA,NA,NA,NA,NA
"PC(18:1_18:3)+AcO",NA,NA,NA,NA,NA,NA,NA,NA,NA,NA,NA,NA,NA,NA,NA,NA,NA,NA,NA,NA,NA,62336.6193396307,23494.9783842426,42915.7988619367
"PC(18:1_20:0)+AcO",1213330.22342023,927854.13392878,1070592.17867451,1495374.08212816,792256.586481399,1143815.33430478,1204193.83513259,1014844.08943354,1109518.96228307,1096201.94760871,979768.38215881,1037985.16488376,1645792.19135617,1160541.29458665,1403166.74297141,1727184.08455139,824060.380780307,1275622.23266585,1440555.75175769,1012117.85553274,1226336.80364521,1715130.65389996,1430428.2060218,20719.2879614428
"PC(18:1_20:3)+AcO",39367641.8588033,41134094.6933731,153329.649679348,37722528.8600839,38013344.3639589,223336.588619719,46315866.5088526,40000059.0740046,106328.536892961,44592191.8411373,38889823.5450275,175474.261844403,41908928.9165282,36873381.8922687,93014.8428489751,44401546.8489597,42554376.5644802,129121.59169362,41104552.2251417,38519251.7416064,458320.768709759,44538751.0300476,38279005.5068307,445531.568564925
"PC(18:1_22:4)+AcO",575498.427479847,658167.890538618,616833.159009232,548727.455909912,538549.753561813,543638.604735862,686787.085476608,583403.104748704,635095.095112656,520339.646291435,519432.373978492,11574.7508651844,616403.654124711,553036.574080057,584720.114102384,578838.463411963,745276.190768797,662057.32709038,618510.937378645,594941.519662142,24616.135397427,517786.079264438,579595.683952623,548690.881608531
"PC(18:1_22:5)+AcO",3241854.89386564,3312398.39222832,23148.4645976319,2644984.01549785,2433193.6653842,2539088.84044102,3522591.53267638,3078386.86685807,3300489.19976722,3098765.47301718,3059866.90305284,52203.9280669718,3328607.43395081,3291934.54641904,3310270.99018493,2935634.37720627,2987099.89583083,2961367.13651855,3890648.45021508,3373099.36802269,18649.2180527292,3163128.12901459,3185843.72795676,3174485.92848567
"PC(18:1_22:6)+AcO",7515468.63304973,6351543.6592476,30711.8793899923,6953556.13359316,6997318.11989875,60526.1023232379,9086410.85663267,8054735.05552079,8570572.95607673,7486370.74660824,6010476.01461607,49603.1824714174,7564465.36880059,7029837.60539565,7297151.48709812,7648926.98649964,8625752.54363937,37785.1524956293,10118036.0558783,7364267.35283261,68389.9277183426,9648403.70296119,9163103.51206353,58526.4199755565
"PC(18:2_18:2)+AcO",33300273.5085042,28424905.4701083,34129.0476548495,36792186.2755365,28643276.0484484,46756.076081243,30643550.0604997,34520246.579137,32581898.3198184,33432721.4809238,24908344.3141561,47105.7396429422,28834339.1632972,16856154.2276194,22845246.6954583,32162147.2535122,25614967.3336011,28888557.2935566,30426502.8317845,22422272.659513,66847.5086031008,22604300.9490829,19939509.4936515,57526.4584749725
"PC(18:2_18:3)+AcO",5316497.86790821,5330603.09936856,5323550.48363839,5522696.79108259,4472525.2713335,4997611.03120804,5808249.36290048,4893481.3791498,5350865.37102514,5336194.47017101,4275835.5428692,4806015.00652011,3215515.32666856,2278100.81546661,2746808.07106759,3298435.33764175,3058051.4931603,3178243.41540103,3288443.72600894,1958966.04426353,2623704.88513624,2422318.42716067,2198411.71789559,2310365.07252813
"PC(18:2_20:2)+AcO",NA,NA,NA,NA,NA,NA,NA,NA,NA,NA,NA,NA,13234.957097181,12877.4336972157,13592.4804971463,NA,NA,NA,NA,NA,NA,12808.9674093075,24890.2521878563,18849.6097985819
"PC(18:2_20:4)+AcO",12053104.5257674,13491857.9502827,16014.9283772395,10034111.1685184,8551121.92576615,9292616.54714227,12624818.5954929,14036508.1232766,25966.3324907859,14264472.3425236,9442036.04088022,25710.3942505543,10099368.7299583,7086046.99776705,8592707.86386267,8696047.67625177,9682927.04272117,9189487.35948647,11697864.4573792,7421331.82571401,9559598.14154661,10542459.7311535,8075607.14315464,41278.5732507307
"PC(18:2_20:5)+AcO",1534025.48847381,1692403.84072791,1613214.66460086,2112526.15040542,1116075.1208994,1614300.63565241,2368404.4388635,1495440.70944311,1931922.57415331,2076842.89347955,1418777.77769105,1747810.3355853,1766853.58958748,1297124.65887589,1531989.12423168,1375678.6103697,1423039.58250432,1399359.09643701,1628128.82367216,1286221.29124906,1457175.05746061,1576634.45090041,1250974.47926933,1413804.46508487
"PC(18:2_22:4)+AcO",NA,NA,NA,NA,NA,NA,NA,NA,NA,20999.5104110727,10224.9955310949,15612.2529710838,NA,NA,NA,NA,NA,NA,NA,NA,NA,NA,NA,NA
"PC(18:2_22:5)+AcO",1190369.83981764,1543944.40356279,1367157.12169022,1043876.12338514,943808.150568866,993842.136977003,1716769.30071814,1690503.96744086,1703636.6340795,1451633.93969061,991717.313916493,1221675.62680355,1324768.69721254,1165169.42077975,1244969.05899614,1387803.81964239,1102549.05905057,1245176.43934648,1945473.87896278,1089303.81794269,1517388.84845273,1253136.98271971,1143427.1008777,1198282.04179871
"PC(18:2_22:6)+AcO",3319436.04361157,3156172.03596796,3237804.03978977,4036521.10777423,3334682.47258634,3685601.79018028,3688799.66073788,3668731.57404142,3678765.61738965,4292050.17576273,2985009.28333506,3638529.72954889,3429786.73704875,2945032.87488768,3187409.80596822,3891941.37575836,3832344.58489551,3862142.98032694,3854231.87283333,3068726.78575526,3461479.3292943,4171396.90122423,3863538.87091223,19627.7568978321
"PC(18:3_19:0)+AcO",NA,NA,NA,18360.5172394622,15192.9196059857,12025.3219725092,NA,NA,NA,NA,NA,NA,NA,NA,NA,NA,NA,NA,NA,NA,NA,NA,NA,NA
"PC(18:3_20:0)+AcO",53736.4079931626,33769.1965345177,43752.8022638402,29329.7219928534,27905.4146236901,28617.5683082718,28633.0129900194,22426.0597182817,25529.5363541506,27708.9966190481,38150.4270700829,32929.7118445655,41265.2543377364,28038.5248618826,34651.8895998095,NA,NA,NA,NA,NA,NA,32912.1061133371,15674.8682803101,24293.4871968236
"PC(18:3_20:1)+AcO",309687.852095649,233401.040238829,271544.446167239,279921.313806966,248463.121788775,264192.217797871,290252.66260204,211970.199944868,251111.431273454,278502.416238692,204766.268851937,241634.342545314,137320.411413286,146623.863498315,141972.1374558,139929.232658597,150602.367222009,145265.799940303,189069.262111472,195680.467638141,192374.864874806,198382.568304332,182066.368749474,190224.468526903
"PC(18:3_20:5)+AcO",16972.6297282043,18854.7162202506,17913.6729742275,NA,NA,NA,NA,NA,NA,NA,NA,NA,NA,NA,NA,NA,NA,NA,NA,NA,NA,NA,NA,NA
"PC(18:3_22:4)+AcO",NA,NA,NA,NA,NA,NA,NA,NA,NA,NA,NA,NA,20292.1955397049,31557.6863406087,25924.9409401568,NA,NA,NA,40619.4578012173,27835.0378211057,34227.2478111615,NA,NA,NA
"PC(18:3_22:5)+AcO",299443.97390757,412618.601779151,356031.287843361,258863.156982898,113635.541223755,186249.349103327,441604.419175229,339644.909563852,390624.664369541,164017.089556908,115865.955376404,139941.522466656,202746.358801672,170918.047132384,186832.202967028,32695.3538985322,69744.7879037585,51220.0709011453,289665.148363997,208113.045781471,248889.097072734,54304.8480106362,58582.0855023017,56443.4667564689
"PC(19:0_20:4)+AcO",NA,NA,NA,NA,NA,NA,NA,NA,NA,NA,NA,NA,NA,NA,NA,NA,NA,NA,NA,NA,NA,11795.4512181781,14130.0471728672,12962.7491955227
"PC(19:0_22:5)+AcO",NA,NA,NA,NA,NA,NA,NA,NA,NA,NA,NA,NA,NA,NA,NA,19281.5879559659,28768.7349143768,24025.1614351714,NA,NA,NA,NA,NA,NA
"PC(20:0_20:0)+AcO",NA,NA,NA,27865.0574469594,13796.4706204326,20830.764033696,19945.5019474467,8798.70713711653,14372.1045422816,NA,NA,NA,NA,NA,NA,NA,NA,NA,NA,NA,NA,NA,NA,NA
"PC(20:0_20:1)+AcO",NA,NA,NA,15808.8419562286,22038.5034345818,18923.6726954052,15417.3582467455,16068.9539323942,15743.1560895698,40994.2807398838,20751.4158651315,30872.8483025076,10842.4974082704,38509.3118137403,24675.9046110053,50980.4779122371,24618.7717940476,37799.6248531423,11353.9646113036,12622.7537195118,11988.3591654077,64211.8216161401,50119.3432807933,57165.5824484667
"PC(20:0_20:2)+AcO",84147.2204677546,64477.4116920426,74312.3160798986,121034.551219048,72293.3276568524,19102.8295698897,66832.7860105581,56017.579715726,61425.1828631421,94445.938518375,79849.4263531037,87147.6824357393,NA,NA,NA,143762.282523118,172157.159396135,157959.720959626,102501.135524647,10695.2519143037,56598.1937194754,139991.636488395,102901.330900044,121446.483694219
"PC(20:1_20:2)+AcO",724850.188190115,662417.712658361,693633.950424238,1080702.25702427,570692.302418247,825697.279721258,850781.48847419,544688.113817962,697734.801146076,856483.737497407,763108.412736778,809796.075117093,1213926.35943674,895377.690692876,1054652.02506481,1206285.64234941,1541140.16439079,1373712.9033701,660578.241212142,767295.609972117,713936.92559213,1805217.07317349,1270669.34693767,1537943.21005558
"PC(20:1_20:3)+AcO",NA,NA,NA,NA,NA,NA,NA,NA,NA,NA,NA,NA,NA,NA,NA,460167.630993916,407878.921522503,434023.276258209,NA,NA,NA,517404.048030371,574734.359357343,18966.0697502065
"PC(20:1_22:5)+AcO",NA,NA,NA,NA,NA,NA,NA,NA,NA,137988.594909922,93348.6344652561,115668.614687589,NA,NA,NA,111795.572023597,72556.1271782229,92175.8496009099,93403.8860667381,126469.163976959,109936.525021849,NA,NA,NA
"PC(20:2_20:3)+AcO",1687580.62478606,1354807.3513671,1521193.98807658,2123236.24966946,1232327.73777913,1677781.99372429,1856376.92505603,1708523.90129584,1782450.41317593,2248146.91027046,1365455.61991803,30225.5495228381,1634742.15184548,1563998.04041044,1599370.09612796,1953547.01229702,1222549.68201328,13529.0204224378,1404772.19615645,1487690.91597743,36871.069130997,2288468.92414357,1463043.72795864,1875756.32605111
"PC(20:2_20:4)+AcO",1622491.9990932,1666252.58941169,1644372.29425244,1203476.79513034,1065992.33283262,1134734.56398148,1515145.69838262,1612343.18863829,1563744.44351046,1468354.7290397,1335499.41040233,1401927.06972101,1573932.58222737,1575477.6599117,1574705.12106953,1566968.93620094,1417481.50587018,1492225.22103556,1897207.61775093,1545053.74652532,1721130.68213812,1595549.34479807,1316772.83060527,1456161.08770167
"PC(20:2_22:4)+AcO",NA,NA,NA,27054.91085633,21582.8660617794,16110.8212672287,NA,NA,NA,NA,NA,NA,NA,NA,NA,NA,NA,NA,NA,NA,NA,NA,NA,NA
"PC(20:2_22:5)+AcO",NA,NA,NA,NA,NA,NA,16878.3510361054,40330.1624001681,28604.2567181367,NA,NA,NA,NA,NA,NA,NA,NA,NA,NA,NA,NA,NA,NA,NA
"PC(20:3_20:5)+AcO",419717.959131702,469502.705046081,20913.800407535,483757.616082087,401827.486904775,442792.551493431,600175.591645981,686031.916200018,643103.753922999,461350.014986346,399304.58053182,430327.297759083,538482.656316566,358486.393922127,448484.525119347,514408.24900347,400280.175238527,457344.212120998,529189.451827408,358620.902844658,443905.177336033,400817.016193958,278414.384906647,339615.700550303
"PC(20:3_22:4)+AcO",34661.4108192314,95965.8435113009,65313.6271652662,42512.6128528774,77983.0622482863,60247.8375505818,24822.6218481697,94209.9777043556,59516.2997762626,27536.7442572142,70231.050369064,48883.8973131391,34878.3012139824,54681.0548242584,44779.6780191204,24798.0947626697,66718.0078788814,45758.0513207756,109131.392071549,69513.9121104119,89322.6520909804,27157.9901410424,20904.7192272029,24031.3546841226
"PC(20:3_22:5)+AcO",311722.773660786,464661.734948939,388192.254304863,248657.018986344,241357.900777529,245007.459881936,608732.355579968,459256.055217087,533994.205398527,169506.610447322,40241.4774830978,104874.04396521,444465.663016551,372461.61180792,408463.637412235,158906.718060742,181213.630122218,18027.3445034845,587956.454415666,236604.524833644,412280.489624655,138284.849138118,152429.944316677,145357.396727398
"PC(20:4_20:4)+AcO",1376815.71357984,1290542.77532624,24212.5376364683,961674.44337841,774609.113432375,868141.778405393,1492708.4492853,1229145.3833407,1360926.916313,1086698.84321904,508849.078053643,797773.960636341,1409274.52363559,1426250.66762623,1417762.59563091,758026.136326096,708301.011588507,733163.573957301,1450817.55719679,1059512.86311995,1255165.21015837,725979.034623194,523264.668688118,624621.851655656
"PE(14:0_16:0)-H",NA,NA,NA,166233.63720233,73233.6738607234,119733.655531527,16856.1089961791,29410.6261595548,23133.3675778669,102053.792459009,121786.505049182,111920.148754095,NA,NA,NA,NA,NA,NA,NA,NA,NA,NA,NA,NA
"PE(14:0_16:1)-H",29581.7385860476,42735.6498314193,36158.6942087334,32923.7146257697,34229.2932314635,33576.5039286166,50532.740093045,34152.4271639388,42342.5836284919,43689.4451678766,14435.8433436199,29062.6442557483,NA,NA,NA,NA,NA,NA,NA,NA,NA,41588.7556399239,22168.7920601065,31878.7738500152
"PE(14:0_17:0)-H",NA,NA,NA,NA,NA,NA,NA,NA,NA,NA,NA,NA,NA,NA,NA,41510.3489766128,30204.4893015182,35857.4191390655,NA,NA,NA,NA,NA,NA
"PE(14:0_18:1)-H",NA,NA,NA,NA,NA,NA,NA,NA,NA,NA,NA,NA,NA,NA,NA,NA,NA,NA,NA,NA,NA,16686.247807004,29735.6955263669,23210.9716666855
"PE(14:0_20:3)-H",NA,NA,NA,NA,NA,NA,NA,NA,NA,14308.3621406692,14583.8600995499,14446.1111201096,NA,NA,NA,NA,NA,NA,NA,NA,NA,NA,NA,NA
"PE(15:0_16:1)-H",20879.8440849258,14961.7039764226,17920.7740306742,NA,NA,NA,21030.5499786735,15238.299149704,18134.4245641888,NA,NA,NA,NA,NA,NA,19059.8526748698,24429.5858941608,21744.7192845153,NA,NA,NA,NA,NA,NA
"PE(15:0_20:1)-H",75353.1526834772,100571.177598207,87962.1651408421,37333.5159926613,113232.051580795,75282.7837867281,135330.508125745,64897.1424594157,13698.2020301322,98412.6677702218,53966.8577142151,76189.7627422184,42310.0876549839,76251.3387431591,59280.7131990715,138243.038715541,151461.018562295,144852.028638918,143040.846073972,170309.110016487,156674.97804523,217681.674014308,100211.288571373,158946.481292841
"PE(15:0_20:2)-H",88483.6396998761,132990.495980124,110737.06784,139225.385440274,59942.4884224651,99583.9369313695,101975.238636749,130456.460980732,116215.849808741,115739.269852178,65734.0770980311,90736.6734751046,132705.625054112,90251.5755240047,111478.600289058,251960.876870563,125071.202547884,188516.039709223,87875.9239288615,98443.7284465474,93159.8261877045,21890.3427129696,53417.6732815133,37654.0079972415
"PE(15:0_20:3)-H",NA,NA,NA,NA,NA,NA,NA,NA,NA,NA,NA,NA,NA,NA,NA,6887.16474440184,16003.547325874,11445.3560351379,NA,NA,NA,NA,NA,NA
"PE(15:0_22:4)-H",662574.699148469,661695.826225288,662135.262686878,746171.407310787,339396.486193319,542783.946752053,765642.318663692,512178.53604579,638910.427354741,482736.452556704,583267.95564612,533002.204101412,516180.826277771,359029.734492105,437605.280384938,715544.380124432,617289.131878811,666416.756001621,507758.204832357,575161.476948618,541459.840890487,456097.477501675,353313.932592378,404705.705047027
"PE(15:0_22:5)-H",1255205.09346027,1357170.8862257,1306187.98984299,2514071.8442795,1558328.47785879,2036200.16106914,1447036.32007283,1299962.78089857,1373499.5504857,1774222.35414148,1420014.36251377,18864.1530512138,1074677.8219007,1043068.7679962,1058873.29494845,1855883.36857712,1964366.34172554,1910124.85515133,1218828.17378838,711476.922473863,965152.548131122,1441582.24533953,1373124.51975541,1407353.38254747
"PE(16:0_16:0)-H",1825372.07329008,1957581.12587323,1891476.59958166,4445200.23513859,1982788.33519494,3213994.28516677,2134591.28164578,2253880.56673093,2194235.92418835,3122163.79837193,2101755.52615832,2611959.66226513,1157137.35641286,1211638.80943799,1184388.08292542,1305062.03322779,2714803.23652831,2009932.63487805,1284127.1664909,751805.28699568,1017966.22674329,1857379.34493925,1807349.27478917,1832364.30986421
"PE(16:0_16:1)-H",114939.246843414,129689.333603761,122314.290223587,NA,NA,NA,NA,NA,NA,NA,NA,NA,87390.6065652249,161984.725563551,124687.666064388,NA,NA,NA,NA,NA,NA,NA,NA,NA
"PE(16:0_20:3)-H",NA,NA,NA,151518.00492109,91206.7903075347,121362.397614312,20677.6409035304,32201.3860111165,26439.5134573234,259741.121764806,78479.6839857053,169110.402875256,16098.3584754175,17410.3687315186,14786.3482193164,116664.568971824,103374.574740731,110019.571856278,29201.8591263737,32348.9427851094,30775.4009557415,NA,NA,NA
"PE(16:0_20:5)-H",57233.4962173059,25801.3438191152,41517.4200182106,126003.345605299,104034.879289951,115019.112447625,NA,NA,NA,122599.491611639,56534.1354835129,89566.8135475759,30948.1938413511,52806.5800885095,41877.3869649303,88919.0236350053,46250.3109020573,67584.6672685313,35660.8804978048,14842.264958174,25251.5727279894,115078.119628781,92020.132151015,103549.125889898
"PE(16:0_22:4)-H",14968.1711706809,15265.7270537585,15563.2829368361,NA,NA,NA,NA,NA,NA,NA,NA,NA,NA,NA,NA,NA,NA,NA,NA,NA,NA,NA,NA,NA
"PE(16:0_22:5)-H",NA,NA,NA,NA,NA,NA,NA,NA,NA,9080.54844201049,7479.89968009338,10681.1972039276,8102.42922248795,10039.1313330156,6165.7271119603,NA,NA,NA,6314.83508388828,7188.55782445,5441.11234332655,NA,NA,NA
"PE(17:0_18:0)-H",NA,NA,NA,NA,NA,NA,NA,NA,NA,NA,NA,NA,NA,NA,NA,147890.60181492,21013.4911743148,84452.0464946174,NA,NA,NA,NA,NA,NA
"PE(17:0_19:0)-H",NA,NA,NA,NA,NA,NA,47975.6723188,19964.2039910759,33969.9381549379,NA,NA,NA,16217.1139862342,15621.6857180092,15919.3998521217,NA,NA,NA,15096.2511652992,32924.5400567951,24010.3956110472,29286.6247390296,27789.5658650289,28538.0953020293
"PE(17:0_20:0)-H",NA,NA,NA,NA,NA,NA,NA,NA,NA,NA,NA,NA,NA,NA,NA,NA,NA,NA,5931.57526166404,7887.61457055121,6909.59491610763,NA,NA,NA
"PE(17:0_20:1)-H",231735.230256259,244041.111794754,237888.171025507,247615.347616346,181864.801932062,214740.074774204,132357.005381086,248575.391623327,190466.198502207,273237.078463048,201153.66566689,237195.372064969,369861.56674207,226230.921494155,298046.244118112,183972.380670483,256562.227244126,220267.303957305,172348.717680611,126472.287540137,149410.502610374,241155.759703295,190092.542020793,215624.150862044
"PE(17:0_20:2)-H",44705.8364275477,60680.3688748343,52693.102651191,45333.0262468033,79916.895984653,62624.9611157281,34350.7666956745,57730.5967083097,46040.6817019921,79113.3266137163,54968.1723837091,67040.7494987127,77566.6884827771,112575.913144834,95071.3008138055,76774.4313185133,16629.6149787943,46702.0231486538,35794.515595563,64840.9625354443,50317.7390655037,113723.945573626,31793.2619740209,72758.6037738234
"PE(17:0_22:6)-H",69418.3184579341,94636.0081274748,82027.1632927044,173992.30302138,84406.6632210852,129199.483121233,85684.6133731273,74937.9084029675,80311.2608880474,110486.746087485,51260.9022338388,80873.8241606619,61889.1077865245,46769.0938798927,54329.1008332086,110956.956776212,93919.8709631285,102438.41386967,44838.903722012,98575.9636641067,71707.4336930594,83189.9068644033,37321.1881146899,60255.5474895466
"PE(18:0_18:1)-H",NA,NA,NA,NA,NA,NA,NA,NA,NA,NA,NA,NA,NA,NA,NA,NA,NA,NA,13583.009398543,11448.9320804316,12515.9707394873,17882.2210940184,19730.2815204548,18806.2513072366
"PE(18:0_18:2)-H",11414.1850498054,17755.1496164492,14584.6673331273,NA,NA,NA,NA,NA,NA,NA,NA,NA,NA,NA,NA,NA,NA,NA,NA,NA,NA,NA,NA,NA
"PE(18:0_20:1)-H",116967.83210623,53716.8985650283,85342.3653356291,103004.453843005,111899.849875122,10720.8682492652,125758.440376235,163469.995673654,144614.218024945,101954.338286843,14507.2177294829,58230.778008163,84779.8722115496,90596.7106583614,87688.2914349555,69287.6478925627,68604.5519532376,68946.0999229001,93446.8166329894,56462.8704756474,74954.8435543184,61318.6117278678,46332.1031641101,53825.3574459889
"PE(18:0_20:2)-H",NA,NA,NA,11765.0476539271,17770.7319010316,14767.8897774793,NA,NA,NA,NA,NA,NA,NA,NA,NA,NA,NA,NA,NA,NA,NA,NA,NA,NA
"PE(18:0_20:3)-H",20393.297420201,45019.5691594645,32706.4332898327,67724.9554551933,41597.6421430827,54661.298799138,NA,NA,NA,105868.148897042,38184.7554612554,72026.4521791487,NA,NA,NA,147711.94346921,103824.975200564,125768.459334887,20408.0005070957,12247.1965637461,16327.5985354209,126921.443426279,148057.890037266,137489.666731773
"PE(18:2_20:0)-H",NA,NA,NA,NA,NA,NA,NA,NA,NA,NA,NA,NA,6093.43672654694,5874.18131248238,5654.92589841782,NA,NA,NA,NA,NA,NA,NA,NA,NA
"PE(18:2_20:3)-H",NA,NA,NA,93816.8682278979,119674.289956819,106745.579092358,34898.4344449475,13704.6997977071,24301.5671213273,83592.2722633112,52026.1688716314,67809.2205674713,NA,NA,NA,110014.350439852,168788.555956053,139401.453197953,32605.3870801118,28181.2279870423,30393.3075335771,209806.209853676,216923.636714701,213364.923284188
"PE(18:2_20:4)-H",31249.5939117735,21214.8472253157,26232.2205685446,388493.702286689,262785.262620503,325639.482453596,NA,NA,NA,290877.924266281,286057.35000059,288467.637133436,NA,NA,NA,397884.89822736,263469.453635494,330677.175931427,41097.8960851826,50108.5093458676,45603.2027155251,350382.62477905,187350.999697184,268866.812238117
"PE(18:2_20:5)-H",NA,NA,NA,NA,NA,NA,NA,NA,NA,NA,NA,NA,NA,NA,NA,NA,NA,NA,NA,NA,NA,20124.7530249421,20078.7016673306,20101.7273461364
"PE(18:2_22:5)-H",NA,NA,NA,30747.3766521085,17920.5062904778,24333.9414712932,NA,NA,NA,24490.971467735,30166.6811046377,27328.8262861864,NA,NA,NA,51593.260841704,48211.3076788661,49902.2842602851,NA,NA,NA,36174.9765685949,40921.133378607,38548.054973601
"PE(18:2_22:6)-H",NA,NA,NA,42365.6972322346,42966.9995420594,42666.348387147,NA,NA,NA,79968.3344622761,24398.8560368855,52183.5952495808,27058.1054441919,26611.5222260738,26834.8138351328,81829.4141169445,64180.134187422,73004.7741521833,NA,NA,NA,55746.755000129,50036.4603179273,52891.6076590282
"PE(19:0_20:4)-H",21333.5135024349,23407.1951680285,22370.3543352317,NA,NA,NA,NA,NA,NA,NA,NA,NA,NA,NA,NA,1149176.76075221,494501.298950248,821839.029851229,17610.194092539,21877.2336502153,19743.7138713771,154462.303457364,282526.506861994,218494.405159679
"PE(19:0_20:5)-H",NA,NA,NA,NA,NA,NA,NA,NA,NA,NA,NA,NA,NA,NA,NA,NA,NA,NA,NA,NA,NA,15046.3729373318,44955.3338589286,30000.8533981302
"PE(19:0_22:5)-H",NA,NA,NA,NA,NA,NA,NA,NA,NA,NA,NA,NA,NA,NA,NA,296818.674230515,253410.456172583,275114.565201549,NA,NA,NA,93296.2462962621,59825.5481885793,76560.8972424207
"PE(20:0_22:5)-H",11096.1493190963,12099.0241622946,11597.5867406954,NA,NA,NA,NA,NA,NA,NA,NA,NA,NA,NA,NA,NA,NA,NA,NA,NA,NA,NA,NA,NA
"PE(20:0_22:6)-H",NA,NA,NA,NA,NA,NA,NA,NA,NA,40421.7619174572,47635.8376228038,44028.7997701305,22466.1901214032,23449.4270126418,22957.8085670225,19366.4515373567,33543.0136360145,26454.7325866856,NA,NA,NA,28337.5698298246,22074.2947850743,25205.9323074494
"PE(20:1_20:2)-H",60959.9860103375,13182.3922487383,37071.1891295379,28595.3223631694,26685.3877877953,27640.3550754823,19382.5422939578,41784.6302366402,30583.586265299,26089.0783939824,12827.7335268607,19458.4059604216,37786.110951108,17972.5977811791,27879.3543661436,NA,NA,NA,NA,NA,NA,NA,NA,NA
"PE(20:1_20:3)-H",1574292.65904555,922619.329034735,1248455.99404014,1303169.59326522,1225707.01601755,1264438.30464139,1165365.84051396,1199739.01565426,1182552.42808411,1022471.50940381,737289.58058192,879880.544992865,1019502.21073193,719930.229331921,869716.220031925,1640418.27899467,1360646.42088591,1500532.34994029,756021.07347702,1050687.72027182,903354.39687442,729266.359328377,1317741.9283739,14565.4993764335
"PE(20:1_20:4)-H",614234.593198106,471619.012628936,542926.802913521,647749.73463695,227211.140897317,437480.437767134,434565.724242745,984280.339293492,709423.031768118,932251.985603615,382614.393982805,657433.18979321,517348.952781249,518190.177983098,517769.565382174,850272.553821614,365679.798729891,607976.176275752,562855.249159021,347125.420119327,454990.334639174,595920.555154454,494927.874155839,545424.214655146
"PE(20:1_20:5)-H",NA,NA,NA,NA,NA,NA,NA,NA,NA,NA,NA,NA,138779.627768741,232084.278280582,185431.953024661,212769.408407004,157679.704502311,185224.556454657,NA,NA,NA,NA,NA,NA
"PE(20:1_22:5)-H",79502.5462600895,19946.8247956305,49724.68552786,100842.754283451,36069.1531461045,68455.9537147777,38605.4387334009,103183.148511151,70894.2936222759,29128.4681179484,54680.0122014177,19423.8668639677,99718.9501724756,34807.6343122154,67263.2922423455,51250.8905876047,31132.1178104646,41191.5041990347,30070.6351484245,66507.3457062708,48288.9904273476,21926.7975004546,24899.1991357124,23412.9983180835
"PE(20:1_22:6)-H",123565.628686362,112175.207409601,117870.418047981,189960.364097836,122946.249929145,156453.30701349,72965.6829759232,97238.0471399028,85101.865057913,195087.94232786,106909.604083478,150998.773205669,97277.5007363182,174085.143661189,135681.322198754,237719.183479992,185577.569693431,14379.639765373,160553.922984343,210965.182256962,185759.552620653,148135.379123755,201362.931471991,174749.155297873
"PE(20:2_20:2)-H",107085.791352771,76480.2752583025,91783.0333055368,99485.405086022,89475.068308017,94480.2366970195,143006.135517827,175739.869431538,159373.002474682,95550.3625481902,60781.5573127644,78165.9599304773,182188.111086197,70396.6304037553,126292.370744976,144472.994342257,47735.8357472066,96104.4150447318,31921.3074653143,110009.098988659,70965.2032269866,32176.489244201,54768.374228434,43472.4317363175
"PE(20:2_20:3)-H",355411.618665522,380045.05762529,367728.338145406,285815.215726496,180286.829065696,233051.022396096,224867.334385231,247207.242301934,236037.288343583,206993.560102075,170870.391264502,188931.975683289,432872.23011047,286520.706619362,359696.468364916,180411.525521279,314530.683829238,247471.104675259,134777.879875207,256080.60033246,195429.240103833,273080.205512206,118381.970821978,195731.088167092
"PE(20:2_20:4)-H",89259.1623511899,151322.105117412,120290.633734301,260281.046184956,91374.947953523,175827.997069239,224279.543685231,162097.507237846,193188.525461538,155726.384682427,136697.878863917,146212.131773172,106246.171861933,160337.646152259,133291.909007096,183889.507345152,171734.54906734,177812.028206246,220620.358115299,192769.819590093,206695.088852696,152236.940596575,73621.6332798411,112929.286938208
"PE(20:2_20:5)-H",29073.630714488,29923.0537418361,29498.3422281621,NA,NA,NA,NA,NA,NA,NA,NA,NA,30281.8280479385,30853.8093775564,30567.8187127474,NA,NA,NA,NA,NA,NA,NA,NA,NA
"PE(20:3_20:5)-H",58328.7556718267,51580.4103506701,54954.5830112484,99510.5565106639,58712.8538215483,79111.7051661061,65000.9776825324,87657.3343645807,76329.1560235566,31722.0035938742,40537.5372808595,36129.7704373669,39241.9568659131,90729.5563513187,64985.7566086159,57688.0205850672,62358.3576353871,60023.1891102271,75087.2724490849,63021.0563719574,69054.1644105212,95320.4749008197,74918.6116047458,11326.3784714706
"PE(20:4_20:5)-H",NA,NA,NA,NA,NA,NA,NA,NA,NA,NA,NA,NA,NA,NA,NA,14251.9342497218,16102.554339593,12401.3141598507,NA,NA,NA,NA,NA,NA
"PE(20:5_20:5)-H",14665.5128867988,32279.1061718861,49892.6994569733,36508.0011487724,31234.2518287244,41781.7504688203,13094.9077219213,44378.9305113995,28736.9191166604,NA,NA,NA,24770.1728297597,50763.6604597924,14179.1870151488,37945.307353107,33604.0568604798,21981.4964597549,32249.7800352484,33059.196145758,32654.4880905032,29235.4760798823,16604.707104567,14891.7038485216
"PE(22:4_22:5)-H",NA,NA,NA,NA,NA,NA,NA,NA,NA,NA,NA,NA,30451.4742490314,41188.4482013372,35819.9612251843,NA,NA,NA,NA,NA,NA,NA,NA,NA
"PE(22:4_22:6)-H",NA,NA,NA,NA,NA,NA,NA,NA,NA,151990.792741206,116826.116715483,134408.454728345,NA,NA,NA,143454.969540401,118585.618156094,131020.293848248,NA,NA,NA,NA,NA,NA
"PE(22:5_22:5)-H",173619.212630908,185457.486961522,179538.349796215,245829.195411148,163225.248813786,204527.222112467,323634.240921199,226702.413371445,275168.327146322,308419.325018799,221456.424423969,264937.874721384,189900.325641021,112856.982528077,151378.654084549,235973.916040718,181193.180921438,208583.548481078,201526.292883134,200317.073745236,200921.683314185,219294.804346082,208183.965691127,213739.385018604
"PE(22:5_22:6)-H",608905.570493593,450527.912857242,529716.741675418,984748.184999867,694168.306055579,839458.245527723,575138.630343625,598447.884406382,586793.257375004,1110692.20436556,598961.542560234,854826.873462897,583721.806099133,329229.638253563,456475.722176348,813071.086801774,757116.006789713,785093.546795744,589127.106503929,461562.670301152,525344.88840254,917876.742377715,578677.657510693,748277.199944204
"PE(22:6_22:6)-H",NA,NA,NA,NA,NA,NA,NA,NA,NA,NA,NA,NA,NA,NA,NA,NA,NA,NA,22464.5842373524,11829.42352187,17147.0038796112,NA,NA,NA
"PE(O-16:0_16:1)-H",NA,NA,NA,NA,NA,NA,NA,NA,NA,93237.8684772321,48656.279564139,70947.0740206855,NA,NA,NA,NA,NA,NA,16063.1276635964,36685.1665112546,26374.1470874255,NA,NA,NA
"PE(O-16:0_18:1)-H",NA,NA,NA,NA,NA,NA,NA,NA,NA,NA,NA,NA,27983.8756546509,20484.1607255414,24234.0181900962,16672.9125153637,21566.4887721427,19119.7006437532,NA,NA,NA,NA,NA,NA
"PE(O-18:0_16:0)-H",235451.917368455,1392596.00337409,814023.960371273,146081.594299962,791794.462416248,468938.028358105,176519.526649339,2241969.70815532,1209244.61740233,345120.379371623,1538796.22956977,941958.304470696,286693.469866095,257365.417184279,272029.443525187,519739.606391282,1213964.75076946,866852.178580371,1682510.68175772,1235619.02404123,1459064.85289948,292539.317897056,308608.01438351,300573.666140283
"PE(O-18:0_16:1)-H",1434873.39127894,1265565.27160314,1350219.33144104,1617206.70017763,1202990.17739206,1410098.43878484,705281.302999238,1696301.13849836,1200791.2207488,1586857.00645283,694546.421600227,1140701.71402653,1057244.47206866,757451.073751415,907347.772910038,627050.392160379,1060091.02390423,843570.708032304,1023692.75995835,1122458.57254996,1073075.66625416,930525.715523789,1181629.74195267,1056077.72873823
"PE(O-18:0_18:0)-H",NA,NA,NA,NA,NA,NA,NA,NA,NA,7463.08639200666,8844.16341469813,10225.2404373896,NA,NA,NA,18568.0218419779,8509.56106089197,13538.7914514349,NA,NA,NA,NA,NA,NA
"PE(O-18:0_18:1)-H",128968.079288384,446848.918615286,287908.498951835,344623.540340201,399410.46912362,372017.00473191,440974.69125166,854404.347573591,647689.519412626,434850.027488651,640731.234373308,537790.63093098,487383.008742768,525216.554534247,506299.781638507,413525.195106918,349485.865763532,381505.530435225,488372.323038572,243326.164779027,365849.243908799,567751.009432455,279439.975943078,16340.6238238378
"PE(O-18:0_18:3)-H",NA,NA,NA,22221.2097006638,21686.5189695265,21953.8643350951,20338.2947560276,53400.8286424003,36869.5616992139,NA,NA,NA,NA,NA,NA,NA,NA,NA,29307.1941793268,24640.186729433,26973.6904543799,21077.6880660637,30050.1102360579,25563.8991510608
"PE(O-18:0_20:2)-H",13401.909728786,22068.5551046808,17735.2324167334,NA,NA,NA,NA,NA,NA,25593.2329903233,25058.8439146948,25326.038452509,NA,NA,NA,14976.2101639842,24768.9002624653,19872.5552132248,NA,NA,NA,28058.0023320609,30735.7637522587,29396.8830421598
"PE(O-18:0_20:3)-H",36640.1596083181,146102.979478599,91371.5695434586,55800.1558289128,79740.0879997646,67770.1219143387,74430.4530868475,98017.9436549974,86224.1983709224,147884.038164542,135346.585712951,141615.311938747,131297.015536746,62241.8946137389,96769.4550752425,71361.0595153466,75015.8092297323,73188.4343725395,146128.347635937,40835.3064244691,93481.8270302031,95215.9645650817,61484.7438972222,78350.354231152
"PE(O-18:0_20:4)-H",47144.7327345903,31537.2291346367,39340.9809346135,NA,NA,NA,28665.8143328696,33827.79066647,31246.8024996698,NA,NA,NA,57585.7606873796,52571.7765393049,55078.7686133422,79605.5387186803,20102.1318322235,49853.8352754519,32152.8738657881,21382.5795273303,26767.7266965592,73301.7211547302,47312.6937547374,60307.2074547338
"PE(O-18:0_22:6)-H",NA,NA,NA,53679.0982836916,39780.2093152594,46729.6537994755,31032.4216964322,14656.3381737209,22844.3799350766,19854.3047879794,23466.2005286989,21660.2526583391,16858.1649994141,25251.7429020325,21054.9539507233,NA,NA,NA,NA,NA,NA,15733.2748706249,61848.6907241412,38790.982797383
"PG(14:0_14:0)-H",NA,NA,NA,NA,NA,NA,NA,NA,NA,NA,NA,NA,NA,NA,NA,12088.5244487386,23271.369025423,17679.9467370808,NA,NA,NA,NA,NA,NA
"PG(14:0_16:0)-H",NA,NA,NA,80248.312687856,13811.5924058097,47029.9525468329,NA,NA,NA,NA,NA,NA,NA,NA,NA,48871.8147670035,50597.1247950837,49734.4697810436,NA,NA,NA,NA,NA,NA
"PG(14:0_17:0)-H",NA,NA,NA,NA,NA,NA,NA,NA,NA,NA,NA,NA,NA,NA,NA,29966.8465448062,52580.2226052015,41273.5345750038,NA,NA,NA,NA,NA,NA
"PG(14:0_18:0)-H",NA,NA,NA,NA,NA,NA,NA,NA,NA,NA,NA,NA,NA,NA,NA,NA,NA,NA,NA,NA,NA,110581.737051285,17921.6206514825,64251.6788513838
"PG(14:0_18:1)-H",NA,NA,NA,NA,NA,NA,NA,NA,NA,NA,NA,NA,13773.3368521312,19106.4623126338,20574.1110585081,NA,NA,NA,NA,NA,NA,NA,NA,NA
"PG(14:0_19:0)-H",NA,NA,NA,NA,NA,NA,NA,NA,NA,NA,NA,NA,NA,NA,NA,44483.1425172338,40088.8418203935,42285.9921688137,NA,NA,NA,NA,NA,NA
"PG(14:0_20:2)-H",45884.7342707247,22329.1527602325,34106.9435154786,53971.8445225684,42942.3767781882,20727.3132336335,NA,NA,NA,86939.7322371905,56806.2960189939,71873.0141280922,20419.5475890231,30979.466372044,25699.5069805336,82146.6840390931,44497.6621804927,63322.1731097929,NA,NA,NA,70841.859527044,53061.2264267283,61951.5429768862
"PG(14:0_20:5)-H",NA,NA,NA,NA,NA,NA,NA,NA,NA,NA,NA,NA,NA,NA,NA,44232.4054205818,49124.5282737639,46678.4668471729,17129.7242439952,22530.324403293,19830.0243236441,NA,NA,NA
"PG(14:0_22:5)-H",NA,NA,NA,NA,NA,NA,NA,NA,NA,NA,NA,NA,NA,NA,NA,15316.4410982093,15184.505902134,15250.4735001717,NA,NA,NA,NA,NA,NA
"PG(14:0_22:6)-H",NA,NA,NA,NA,NA,NA,NA,NA,NA,NA,NA,NA,NA,NA,NA,NA,NA,NA,16029.5388018599,29304.4950603626,22667.0169311113,NA,NA,NA
"PG(15:0_16:0)-H",NA,NA,NA,NA,NA,NA,NA,NA,NA,NA,NA,NA,NA,NA,NA,NA,NA,NA,NA,NA,NA,14346.6183370003,14862.264403469,14604.4413702347
"PG(15:0_17:0)-H",50095.24958338,17449.8456955559,30395.2517335804,23461.048489894,45179.3963416506,13559.5628240672,42187.5914211873,48257.2229226608,45222.4071719241,14195.2725027044,20944.0759517215,7446.46905368732,26827.8354385115,27161.0251382933,26494.6457387298,16097.1524950982,13722.9256146718,14910.039054885,20022.7079930394,18719.8256574119,24020.1315347194,52002.2325817099,16146.5702058721,34074.401393791
"PG(15:0_18:2)-H",NA,NA,NA,NA,NA,NA,NA,NA,NA,NA,NA,NA,NA,NA,NA,NA,NA,NA,NA,NA,NA,16810.8663023507,32612.7094599229,24711.7878811368
"PG(15:0_18:3)-H",25711.0491694337,58668.187333818,42189.6182516258,21605.8461767189,13761.9726028859,17683.9093898024,43477.1464903475,47072.5939238669,45274.8702071072,NA,NA,NA,24985.389141206,41081.3652464897,33033.3771938479,64710.1700861094,25417.0555075503,45063.6127968299,37619.8839576727,31973.2381637568,34796.5610607147,19851.2215213659,93846.3682610986,56848.7948912323
"PG(15:0_19:0)-H",NA,NA,NA,NA,NA,NA,NA,NA,NA,NA,NA,NA,NA,NA,NA,59893.3427293094,39014.677833655,14923.7884838297,47269.471384242,20509.3270931425,33889.3992386922,46006.7049903935,46798.957617472,46402.8313039327
"PG(15:0_20:0)-H",56540.5182861733,33183.9823614867,44862.25032383,38701.9515069623,27677.4270158678,33189.689261415,61037.2805188268,62599.2417402933,61818.2611295601,48486.7245732024,63268.0234215542,55877.3739973783,48092.4518319214,39195.8783942628,43644.1651130921,57677.9127746793,35633.4140334857,46655.6634040825,67084.3900362181,34836.2489106558,50960.319473437,64861.0411074464,50977.036437347,57919.0387723967
"PG(15:0_20:1)-H",23108.0274108009,33567.1211857399,28337.5742982704,NA,NA,NA,49606.0469322006,19967.535401662,34786.7911669313,NA,NA,NA,27960.9610735992,18988.2857594088,23474.623416504,63111.2136488648,54751.9174224977,58931.5655356812,29244.5315731713,40417.8044896967,34831.168031434,36362.4395788005,49802.5656622575,43082.502620529
"PG(15:0_20:2)-H",20203.3558742983,25804.1243018203,23003.7400880593,50168.6205815846,30643.4523457684,40406.0364636765,NA,NA,NA,NA,NA,NA,30133.2441668143,16616.2825983284,23374.7633825713,54971.8590822612,54233.0979146819,15238.1994277757,24375.5512012649,46632.214905215,35503.88305324,34686.1162477515,30538.6939651007,32612.4051064261
"PG(15:0_20:3)-H",NA,NA,NA,NA,NA,NA,NA,NA,NA,NA,NA,NA,NA,NA,NA,24818.5555075804,27158.1536637322,25988.3545856563,13192.7629178462,43072.3950692544,28132.5789935503,NA,NA,NA
"PG(15:0_22:5)-H",NA,NA,NA,31325.5901292221,34198.0171555905,32761.8036424063,NA,NA,NA,NA,NA,NA,NA,NA,NA,25410.5090400338,31800.5050326879,19020.5130473797,22568.5220382588,21255.5984650253,21912.0602516421,18697.1764733531,40517.5664226703,29607.3714480117
"PG(16:0_16:0)-H",NA,NA,NA,NA,NA,NA,48592.6588267224,28014.4753743763,38303.5671005493,74899.3940187206,57493.3011775,66196.3475981103,NA,NA,NA,87528.3356870897,49106.8768951752,68317.6062911325,NA,NA,NA,40442.8773570842,49386.9009550728,44914.8891560785
"PG(16:0_16:1)-H",181571.853818557,186577.945868155,184074.899843356,932875.890822839,566233.148992816,749554.519907827,333307.998891973,214600.621370192,273954.310131082,783192.494776553,458514.543874731,620853.519325642,174928.581304554,118123.728428306,146526.15486643,558799.715374855,436822.377660183,497811.046517519,180223.282686004,232114.011350907,206168.647018455,427816.267268969,484793.301778932,456304.78452395
"PG(16:0_18:0)-H",NA,NA,NA,NA,NA,NA,NA,NA,NA,NA,NA,NA,NA,NA,NA,NA,NA,NA,NA,NA,NA,43358.0798550781,15577.0093700464,29467.5446125623
"PG(16:0_18:1)-H",40664.0808754976,26811.2689068191,33737.6748911583,NA,NA,NA,NA,NA,NA,16713.0306833783,15667.3964748859,14621.7622663935,NA,NA,NA,NA,NA,NA,NA,NA,NA,NA,NA,NA
"PG(16:0_18:3)-H",NA,NA,NA,25519.1515378287,25438.9630674617,25479.0573026452,NA,NA,NA,29579.6239272153,19568.7276882121,24574.1758077137,NA,NA,NA,NA,NA,NA,20067.6649475636,14580.3471328088,17324.0060401862,NA,NA,NA
"PG(16:0_19:0)-H",NA,NA,NA,NA,NA,NA,15194.4699063489,18564.2361800984,16879.3530432237,NA,NA,NA,NA,NA,NA,22195.2120640198,21349.7154214036,21772.4637427117,NA,NA,NA,NA,NA,NA
"PG(16:0_20:0)-H",NA,NA,NA,NA,NA,NA,NA,NA,NA,NA,NA,NA,NA,NA,NA,12579.3898583764,14737.0520540941,13658.2209562352,NA,NA,NA,NA,NA,NA
"PG(16:0_20:3)-H",104393.188006715,148610.974789905,126502.08139831,299547.457227899,162917.149787706,231232.303507803,129521.712429652,109656.354558182,119589.033493917,373269.539381371,176863.054502262,275066.296941817,72371.5985272944,47348.4050389903,59860.0017831423,280471.856513728,217665.228287644,249068.542400686,84817.4866622159,72181.3662836266,78499.4264729212,105467.374124966,151362.954713687,128415.164419326
"PG(16:0_20:4)-H",NA,NA,NA,91472.7415345458,64378.8713084797,77925.8064215128,32015.0738357763,53480.8426963981,42747.9582660872,118200.701366741,75656.9509148531,12193.7801474773,NA,NA,NA,98281.6547828334,61125.6333886314,79703.6440857324,56809.5163086217,27748.6344010326,42279.0753548272,56277.1582548043,68551.5620445344,13245.4087415122
"PG(16:0_22:4)-H",NA,NA,NA,NA,NA,NA,NA,NA,NA,41744.7591376677,17672.0900686661,29708.4246031669,NA,NA,NA,23313.2022560163,32016.690176889,27664.9462164526,NA,NA,NA,39085.500265259,23578.554486958,31332.0273761085
"PG(16:0_22:5)-H",82496.0029527514,32202.5441378656,57349.2735453085,158335.593240489,144057.306545644,151196.449893067,81474.907126063,86516.2446743748,83995.5759002189,49454.8330075033,56637.9007368622,53046.3668721827,38129.0485157893,63926.0381984706,51027.54335713,128636.990596814,99177.0687619453,113907.02967938,63168.6052434284,55956.9917693524,59562.7985063904,99987.0982976214,66673.2456664694,83330.1719820454
"PG(16:1_16:1)-H",882394.06618158,724587.373720641,803490.71995111,3451291.91771549,1615943.24204666,2533617.57988107,1430337.3165278,1008291.88249998,1219314.59951389,4191140.38557877,1848299.54813772,3019719.96685824,926262.650712935,496408.97944211,711335.815077523,3261814.60842398,2389808.47117667,2825811.53980032,1392230.80679541,477225.463044331,934728.134919871,2653754.29713829,1832216.95505298,2242985.62609563
"PG(16:1_18:2)-H",1309756.9744313,1133058.86287665,1221407.91865398,3680657.33694952,2193907.21766729,2937282.2773084,1912513.68948788,919785.059958448,1416149.37472316,4024510.82813461,3713620.35591029,3869065.59202245,879557.125402019,800190.972016561,839874.04870929,1877089.76508295,2229485.63142395,2053287.69825345,912475.941752072,862139.805584956,887307.873668514,2688052.71888313,1811973.83355162,2250013.27621737
"PG(16:1_20:0)-H",817115.302501575,940997.324450421,879056.313475998,1093234.61195462,582720.162148423,837977.387051522,910578.904942687,873203.39682935,891891.150886019,912703.510616512,881844.518842331,897274.014729422,NA,NA,NA,952409.83664746,494172.982169436,723291.409408448,NA,NA,NA,740877.522654928,729665.28893898,735271.405796954
"PG(16:1_20:1)-H",NA,NA,NA,116830.019502488,35560.1589783577,76195.0892404229,NA,NA,NA,97285.6910195526,85177.7545552735,91231.722787413,21578.8623067234,33270.3407628355,27424.6015347794,106904.56342916,103413.27462608,105158.91902762,NA,NA,NA,89571.5933959117,71785.9999106304,80678.796653271
"PG(17:0_20:0)-H",NA,NA,NA,NA,NA,NA,15542.7603604328,18905.9827812681,17224.3715708504,NA,NA,NA,NA,NA,NA,NA,NA,NA,NA,NA,NA,NA,NA,NA
"PG(17:0_20:2)-H",NA,NA,NA,NA,NA,NA,NA,NA,NA,NA,NA,NA,NA,NA,NA,24618.4695323059,19708.8137703917,14799.1580084774,NA,NA,NA,NA,NA,NA
"PG(17:0_22:6)-H",165733.54081389,192969.254630048,179351.397721969,425443.069921801,331835.129543691,378639.099732746,178004.518174896,100966.392158739,139485.455166817,407461.827032618,166383.134925568,286922.480979093,158768.021340822,151748.828910995,155258.425125909,357660.569984244,308493.165236506,333076.867610375,252903.434889008,109360.995314973,181132.21510199,340988.684787344,208964.833750603,274976.759268973
"PG(18:0_18:0)-H",NA,NA,NA,NA,NA,NA,NA,NA,NA,NA,NA,NA,25835.1461816923,21119.8767338831,23477.5114577877,19566.3534452519,38538.8951122692,29052.6242787606,22697.9835578735,25536.4769337885,24117.230245831,NA,NA,NA
"PG(18:0_18:1)-H",NA,NA,NA,NA,NA,NA,55242.9471099061,22242.4410094957,38742.6940597009,NA,NA,NA,35245.5261192814,63550.0221030224,49397.7741111519,67350.0784253708,96674.389476281,82012.2339508259,NA,NA,NA,101583.379773219,28871.463638606,65227.4217059125
"PG(18:0_18:2)-H",25028.0203067728,16009.4028084001,20518.7115575865,NA,NA,NA,NA,NA,NA,NA,NA,NA,NA,NA,NA,NA,NA,NA,NA,NA,NA,NA,NA,NA
"PG(18:0_19:0)-H",NA,NA,NA,NA,NA,NA,NA,NA,NA,NA,NA,NA,NA,NA,NA,328566.122106915,535351.258416161,431958.690261538,NA,NA,NA,150330.755410883,108582.806170727,129456.780790805
"PG(18:0_20:0)-H",12378.2835282538,53330.4484950871,32854.3660116704,19245.3770458,10927.3382822702,15086.3576640351,NA,NA,NA,NA,NA,NA,NA,NA,NA,NA,NA,NA,NA,NA,NA,NA,NA,NA
"PG(18:0_20:4)-H",NA,NA,NA,NA,NA,NA,NA,NA,NA,NA,NA,NA,NA,NA,NA,NA,NA,NA,17119.1046306603,13762.1762864742,20476.0329748463,NA,NA,NA
"PG(18:0_22:4)-H",NA,NA,NA,17141.2287349064,23267.3462212178,14949.8313998194,NA,NA,NA,NA,NA,NA,NA,NA,NA,25972.4694883594,16190.2432864382,21081.3563873988,NA,NA,NA,21123.3647347059,17813.928448058,19468.6465913819
"PG(18:1_18:2)-H",1646080.97923076,1619624.97304331,1632852.97613704,5242816.16555151,3001382.8275419,4122099.4965467,2013127.2652753,1373600.83146485,1693364.04837007,6830437.9876374,2955647.44839024,4893042.71801382,1429419.59091162,1130828.86154288,1280124.22622725,3585449.33325442,3541152.43310236,3563300.88317839,1781480.12234046,1017807.93592756,1399644.02913401,4006851.87389251,2610107.55191712,3308479.71290482
"PG(18:1_18:3)-H",111411.384386738,105482.282861919,108446.833624329,344586.443842378,234504.2139441,289545.328893239,94925.5756632299,138139.526768271,116532.55121575,429520.129801751,194773.999610627,312147.064706189,108555.204119437,61415.2901100472,84985.2471147421,128953.367051713,270157.864434728,199555.61574322,111550.123858428,82983.5781050941,97266.8509817611,185040.352773097,140494.912350395,162767.632561746
"PG(18:1_19:0)-H",NA,NA,NA,NA,NA,NA,NA,NA,NA,NA,NA,NA,NA,NA,NA,47540.7015456311,52446.821928708,49993.7617371696,NA,NA,NA,13713.4572293967,18170.0135605714,15941.7353949841
"PG(18:1_20:3)-H",744105.989428024,796256.743762509,770181.366595267,2775463.29417813,1357304.76257775,2066384.02837794,968497.76688805,832368.879386502,19995.9582818643,2715785.35438659,1192879.11115427,1954332.23277043,393231.155990114,359741.313283718,376486.234636916,1631036.71099207,1446495.49251319,1538766.10175263,607707.795065142,621699.100663228,614703.447864185,1661994.14517434,1221644.90164772,1441819.52341103
"PG(18:1_20:4)-H",190552.588423299,267054.577453215,228803.582938257,942968.752540889,351369.770512215,647169.261526552,295351.833092248,240010.721526922,267681.277309585,851266.468152498,351088.209797475,601177.338974986,253006.935479274,173585.449182949,213296.192331111,372250.562953728,467973.980436554,420112.271695141,208559.179831237,197801.054477727,203180.117154482,467162.40050184,432864.382631998,450013.391566919
"PG(18:1_22:4)-H",72568.6964681064,110112.359599857,91340.5280339817,490054.674989046,202605.371502755,346330.023245901,138026.820071846,74529.966525388,106278.393298617,299504.541771435,262098.621131702,280801.581451569,130122.515208324,90176.7537068576,110149.634457591,378979.675519877,409556.9092236,394268.292371739,135171.825400692,118713.655060582,126942.740230637,339345.802637986,286386.035851699,312865.919244842
"PG(18:1_22:5)-H",433873.456956257,325577.832385834,379725.644671045,1460927.09092193,996706.019075413,1228816.55499867,515212.440197732,478476.109293717,496844.274745725,1540113.352672,739070.751125863,1139592.05189893,398261.293446257,329860.228191591,364060.760818924,1082682.49623946,875288.27181196,978985.38402571,424777.107006121,376385.650309402,400581.378657761,952729.284299405,906035.257076386,929382.270687895
"PG(18:1_22:6)-H",2771762.97882232,2680861.77993244,2726312.37937738,10252248.4680325,5427601.99141384,23294.5169623293,3568146.41209427,3083374.02775087,3325760.21992257,9703254.9580861,3473371.91794904,6588313.43801757,3494242.96729729,1958314.47329732,14620.4926330076,6280052.44875933,7559129.05617124,6919590.75246529,2812890.18456722,1586220.5353553,2199555.35996126,6156528.86375163,4701793.04106116,5429160.9524064
"PG(18:2_20:1)-H",NA,NA,NA,78456.2467428918,46927.9752698226,62692.1110063572,48211.8182114048,13017.559135599,30614.6886735019,95695.2936305905,102768.027418523,99231.6605245567,55824.5760183941,35045.6821339078,45435.129076151,110873.234376719,94182.5590919836,102527.896734351,47618.3179650818,54467.438130803,51042.8780479424,136770.635034166,78399.0366210452,107584.835827606
"PG(18:2_20:3)-H",484823.928439787,522603.491662646,503713.710051216,938422.004654976,540282.94097543,739352.472815203,635034.363983727,411546.137722586,523290.250853156,1232756.85656398,558853.867654284,895805.362109132,273535.179605702,197277.04053123,235406.110068466,604953.957917801,641150.141669333,623052.049793567,296203.629686265,193757.835809682,244980.732747973,592860.747060579,457272.872818308,525066.809939443
"PG(18:2_22:4)-H",NA,NA,NA,NA,NA,NA,NA,NA,NA,NA,NA,NA,NA,NA,NA,NA,NA,NA,13278.8840843448,14084.4186460635,12473.3495226261,NA,NA,NA
"PG(18:2_22:6)-H",1111879.52607186,1451541.08378936,1281710.30493061,5668610.11695155,2602061.1499242,4135335.63343788,2549283.46992774,1711606.4550371,2130444.96248242,5013026.23858789,3864124.50198123,4438575.37028456,1460632.83490322,1247903.08939643,1354267.96214982,2787321.64152469,5289547.21760892,4038434.4295668,1560339.96585084,1300575.41128352,1430457.68856718,4010188.1279106,1793928.42039764,2902058.27415412
"PG(18:3_20:0)-H",NA,NA,NA,21246.1293589726,29541.4423897659,12950.8163281794,NA,NA,NA,NA,NA,NA,NA,NA,NA,NA,NA,NA,NA,NA,NA,NA,NA,NA
"PG(18:3_20:2)-H",NA,NA,NA,26808.1463661384,23351.6602284513,25079.9032972949,35531.4579327535,20734.5435277479,28133.0007302507,39855.2120193216,26567.3488910875,33211.2804552045,28486.2795108472,22486.289116787,25486.2843138171,NA,NA,NA,NA,NA,NA,36087.2008747428,39574.4397496745,37830.8203122086
"PG(18:3_20:3)-H",27697.3513109769,60776.9848181612,44237.1680645691,64564.4634822505,40210.5341302864,52387.4988062685,48703.3100109127,85397.1303470385,67050.2201789756,199207.770037766,53453.3016167458,126330.535827256,NA,NA,NA,18269.6723596155,46467.578717436,32368.6255385258,13050.9959786064,14925.2598978731,13988.1279382397,51617.1102253732,53814.4021484213,52715.7561868973
"PG(19:0_19:0)-H",NA,NA,NA,NA,NA,NA,40578.9697356035,36586.2673329488,38582.6185342762,NA,NA,NA,NA,NA,NA,3012161.23006777,2557487.85255377,2784824.54131077,NA,NA,NA,565630.191676127,571446.617437485,568538.404556806
"PG(19:0_20:0)-H",NA,NA,NA,12615.2746958861,12740.2003977191,12490.3489940532,NA,NA,NA,NA,NA,NA,NA,NA,NA,NA,NA,NA,NA,NA,NA,NA,NA,NA
"PG(19:0_20:3)-H",NA,NA,NA,NA,NA,NA,NA,NA,NA,NA,NA,NA,NA,NA,NA,72339.5582269716,80916.7142112869,76628.1362191293,NA,NA,NA,37321.561685963,30313.4634470587,33817.5125665108
"PG(19:0_20:5)-H",NA,NA,NA,NA,NA,NA,NA,NA,NA,NA,NA,NA,NA,NA,NA,23008.9364497365,15766.3120937253,19387.6242717309,NA,NA,NA,NA,NA,NA
"PG(19:0_22:6)-H",NA,NA,NA,23789.9232613555,34428.4978471163,29109.2105542359,NA,NA,NA,NA,NA,NA,27904.1322911762,21595.8350325524,24749.9836618643,NA,NA,NA,NA,NA,NA,NA,NA,NA
"PG(20:0_20:0)-H",NA,NA,NA,NA,NA,NA,40350.3008677353,29679.238281762,35014.7695747487,NA,NA,NA,30897.5294777988,24115.8446774897,27506.6870776442,44158.8075606094,40700.6496918332,42429.7286262213,NA,NA,NA,NA,NA,NA
"PG(20:0_20:1)-H",NA,NA,NA,NA,NA,NA,NA,NA,NA,NA,NA,NA,14930.2069989181,12034.8720470134,13482.5395229657,NA,NA,NA,NA,NA,NA,NA,NA,NA
"PG(20:0_20:2)-H",NA,NA,NA,NA,NA,NA,NA,NA,NA,NA,NA,NA,NA,NA,NA,21397.8672326321,28892.6600760945,13903.0743891697,18971.3455498845,29956.0424486813,24463.6939992829,NA,NA,NA
"PG(20:0_20:3)-H",204098.92882462,208491.955106409,206295.441965515,123130.362981921,127468.47814075,125299.420561336,236438.13838694,138876.7589026,187657.44864477,133543.606445435,168412.103554607,150977.855000021,174185.618711151,148405.4844819,161295.551596526,156329.178691352,116424.628069378,136376.903380365,222939.409378274,117461.792193488,170200.600785881,160924.799709364,105425.720079925,133175.259894644
"PG(20:0_20:4)-H",NA,NA,NA,55342.3953466144,49382.7578255102,52362.5765860623,NA,NA,NA,82950.8458857099,40543.4848732738,61747.1653794919,NA,NA,NA,39872.7014861018,39578.3086308389,39725.5050584704,73653.2703026722,24069.6697589918,48861.470030832,NA,NA,NA
"PG(20:0_20:5)-H",35778.0457053468,29094.589009567,32436.3173574569,31156.1391848722,13296.5560249539,22226.3476049131,NA,NA,NA,NA,NA,NA,29099.9498121395,25786.6248336484,27443.2873228939,29617.4030100112,17437.8117353188,23527.607372665,29600.1866408078,57575.4025652609,43587.7946030343,34037.7253493702,22418.4379072277,28228.081628299
"PG(20:0_22:5)-H",79806.5694661573,89404.6136948895,16481.8652017947,28745.9780795352,70507.8533516118,49626.9157155735,98998.5553311576,67320.450833632,83159.5030823948,48172.8825971671,49199.5568345371,48686.2197158521,128356.162917307,70856.0558053685,99606.1093613377,62975.7051027236,66088.7238699243,64532.214486324,110203.830519198,116238.376699153,113221.103609175,58142.1404159499,46380.5838703398,52261.3621431448
"PG(20:0_22:6)-H",NA,NA,NA,NA,NA,NA,NA,NA,NA,NA,NA,NA,16534.8750076081,23404.0465280775,19969.4607678428,NA,NA,NA,NA,NA,NA,NA,NA,NA
"PG(20:1_20:3)-H",84699.6965339347,113054.08307628,98876.8898051073,97291.9387813057,129447.107584034,113369.52318267,81198.6411256026,122056.562372305,101627.601748954,110322.771330796,42861.6730987051,76592.2222147505,94631.3634309139,73735.7872571783,84183.5753440461,110881.738165963,54654.0059270053,82767.8720464841,71171.2025664165,37697.489682498,54434.3461244573,77080.9467317014,100990.905328109,89035.9260299052
"PG(20:1_20:5)-H",18616.4550697802,22100.6970095699,20358.576039675,NA,NA,NA,38153.8448033548,18441.3195321443,28297.5821677496,41155.0395864715,26361.9124925386,33758.476039505,NA,NA,NA,NA,NA,NA,NA,NA,NA,NA,NA,NA
"PG(20:2_20:4)-H",NA,NA,NA,NA,NA,NA,NA,NA,NA,NA,NA,NA,NA,NA,NA,NA,NA,NA,NA,NA,NA,9243.69655669168,13201.7233345856,10726.8742184082
"PG(20:3_20:4)-H",49313.3265891477,83534.1560564994,66423.7413228236,127195.819932521,89615.1179301023,108405.468931312,92538.874421511,66724.1721902405,79631.5233058757,NA,NA,NA,NA,NA,NA,NA,NA,NA,NA,NA,NA,NA,NA,NA
"PG(20:3_22:5)-H",96872.4460712581,99242.0745236155,98057.2602974368,264752.188283711,149377.818542135,207065.003412923,119627.184425104,127265.313297144,123446.248861124,343471.284879758,171099.422690986,257285.353785372,112411.831155767,47929.267509021,80170.549332394,161866.906321283,135732.344585666,148799.625453474,97600.4912267565,45843.9869389704,71722.2390828635,211050.607330559,118704.036740835,164877.322035697
"PG(20:3_22:6)-H",972203.623476695,679519.094238339,17707.8618837098,2214889.82400096,864445.879511581,1539667.85175627,814950.364417106,723854.614851444,769402.489634275,2067497.06694455,1356742.13918327,1712119.60306391,702665.906166683,282965.828293359,492815.867230021,1224142.9841965,1012833.75828447,1118488.37124048,619475.622426566,531087.664092044,575281.643259305,1387105.00663223,1115073.81106812,1251089.40885018
"PG(20:4_20:4)-H",30342.7697264819,31543.9810700429,30943.3753982624,87030.3674166944,49362.9684346289,68196.6679256616,51604.7194850802,41788.5307060281,46696.6250955541,166647.231774354,103570.945381736,135109.088578045,NA,NA,NA,43667.6003334805,44479.4349099815,44073.517621731,37222.2146924734,33191.0230513164,35206.6188718949,83196.5900246895,70875.0950985251,77035.8425616073
"PG(20:4_22:4)-H",16232.7497125088,20847.3272359959,16808.0865016544,37173.345721114,18845.1005194585,28009.2231202862,NA,NA,NA,NA,NA,NA,NA,NA,NA,21647.3341117705,22833.9790531276,22240.656582449,14812.7794025361,33057.6512972555,23935.2153498958,37134.6422410215,27386.9542413733,32260.7982411974
"PG(20:5_22:4)-H",NA,NA,NA,NA,NA,NA,NA,NA,NA,NA,NA,NA,NA,NA,NA,NA,NA,NA,NA,NA,NA,13318.395108867,16497.3868566329,10139.4033611012
"PG(22:4_22:4)-H",NA,NA,NA,NA,NA,NA,NA,NA,NA,15282.8649301376,20250.2423496236,17766.5536398806,NA,NA,NA,NA,NA,NA,NA,NA,NA,NA,NA,NA
"PG(22:4_22:5)-H",NA,NA,NA,NA,NA,NA,NA,NA,NA,91018.1662607578,63611.8291061698,77314.9976834638,22545.2641102047,20669.0806481444,20365.5659852118,93855.1467288032,59374.9750798293,76615.0609043163,NA,NA,NA,54094.5448627637,51599.7997535722,52847.172308168
"PG(22:4_22:6)-H",240917.744383872,187505.549179584,214211.646781728,553971.149098647,331623.147510344,442797.148304495,271063.531632023,262019.749142671,266541.640387347,610166.306765894,378861.675178578,494513.990972236,240894.166759789,143377.160040156,192135.663399972,453071.895037985,512471.569953593,482771.732495789,209709.672045594,213043.140003433,211376.406024514,405644.810645761,423976.040245721,414810.425445741
"PG(22:6_22:6)-H",16494584.2195084,10763720.5213937,13629152.370451,31084638.2738266,19598624.7502541,33509.5518214372,16802975.6557217,10720502.1728846,13761738.9143032,33187328.9015255,27709948.4655208,30448638.6835231,11923224.1204861,8190959.97825944,10057092.0493728,32141022.0103622,25038036.5270842,28589529.2687232,9321125.87643204,8502159.78018267,20172.6923097126,31546551.0607604,22513197.1069802,15620.2637348419
"PI(14:0_14:0)-H",13415.9055698222,11489.2930963809,12452.5993331016,NA,NA,NA,NA,NA,NA,NA,NA,NA,NA,NA,NA,NA,NA,NA,NA,NA,NA,NA,NA,NA
"PI(14:0_18:0)-H",NA,NA,NA,54014.6500840311,20199.7594570546,37107.2047705428,NA,NA,NA,32903.1174192812,29743.4959079057,31323.3066635934,NA,NA,NA,NA,NA,NA,NA,NA,NA,NA,NA,NA
"PI(14:0_18:1)-H",NA,NA,NA,81424.4848695304,20444.7101857128,50934.5975276216,NA,NA,NA,NA,NA,NA,NA,NA,NA,83237.1450350967,115240.786268825,99238.9656519609,NA,NA,NA,NA,NA,NA
"PI(14:0_18:2)-H",NA,NA,NA,NA,NA,NA,NA,NA,NA,NA,NA,NA,NA,NA,NA,NA,NA,NA,NA,NA,NA,17272.0340231967,14235.8215553749,15753.9277892858
"PI(14:0_18:3)-H",127324.586177692,167148.132616186,147236.359396939,174769.970961724,135351.860511974,155060.915736849,205499.344420828,166652.160540694,186075.752480761,200039.305740696,312678.255896213,256358.780818455,196287.220565685,211325.824550515,203806.5225581,243008.369604852,153434.803061253,198221.586333052,166166.796346384,153682.855277032,159924.825811708,522651.208426149,317360.588760189,420005.898593169
"PI(15:0_15:0)-H",22555.7190402686,26126.6732972839,29697.6275542992,16881.5299633347,58187.2301237227,37534.3800435287,NA,NA,NA,NA,NA,NA,NA,NA,NA,39336.1654839863,26057.0637692711,32696.6146266287,NA,NA,NA,33455.9825278615,18981.1806776225,26218.581602742
"PI(15:0_16:1)-H",NA,NA,NA,17916.7306261205,15093.914317413,16505.3224717668,NA,NA,NA,NA,NA,NA,NA,NA,NA,NA,NA,NA,NA,NA,NA,NA,NA,NA
"PI(15:0_20:0)-H",96620.9643310806,170151.535304252,133386.249817666,206701.367526618,101382.054625333,154041.711075976,167255.897398727,161633.101400578,164444.499399653,243929.69736503,175462.12395157,209695.9106583,150638.953202262,153194.614448243,151916.783825252,250690.831543101,180777.901007231,215734.366275166,169187.498515453,146901.918401231,158044.708458342,212851.857021199,215403.904834588,214127.880927894
"PI(15:0_20:1)-H",18468.4947461864,17966.7714056701,18217.6330759283,NA,NA,NA,NA,NA,NA,NA,NA,NA,NA,NA,NA,NA,NA,NA,NA,NA,NA,NA,NA,NA
"PI(16:0_16:0)-H",89498.2701274552,70062.2401941108,79780.255160783,106092.754423997,74179.1144032553,90135.9344136261,114679.484458554,113009.248916878,113844.366687716,77064.3846031726,43189.5922167747,60126.9884099737,NA,NA,NA,NA,NA,NA,109195.403696856,63341.1975842537,86268.3006405549,NA,NA,NA
"PI(16:0_16:1)-H",NA,NA,NA,237897.542908745,121598.861476169,179748.202192457,NA,NA,NA,NA,NA,NA,NA,NA,NA,171411.516598932,209538.633307398,190475.074953165,NA,NA,NA,88703.2155752679,70096.5673190073,14337.6371537541
"PI(16:0_18:0)-H",80196.7656675337,67377.0326257178,73786.8991466257,47281.7802584693,49744.3046964552,48513.0424774623,77809.2682626081,34898.6312530242,56353.9497578162,69538.4091388435,52482.7020693867,61010.5556041151,55971.1618822767,29299.926128459,42635.5440053678,30671.7944027749,69107.7195097785,49889.7569562767,32567.0072798813,36183.8226124065,34375.4149461439,68144.803893402,38299.619876921,53222.2118851615
"PI(16:0_18:1)-H",62596.4232631407,57898.2828376826,60247.3530504116,125279.518271762,71591.0187382745,98435.2685050183,80064.1000670738,36008.4363402326,58036.2682036532,43616.0482523072,58224.9639737763,50920.5061130418,58635.1463864538,55195.6307192199,56915.3885528369,242824.621888,188071.216622159,215447.919255079,64307.6972965225,44131.908430257,54219.8028633897,153030.451576665,126602.557431479,139816.504504072
"PI(16:0_18:3)-H",NA,NA,NA,5297.41026241743,12670.2559602481,8983.83311133277,12697.1512102886,11060.3025401841,11878.7268752364,NA,NA,NA,NA,NA,NA,NA,NA,NA,NA,NA,NA,NA,NA,NA
"PI(16:0_20:3)-H",NA,NA,NA,NA,NA,NA,53982.109166653,68707.3376839327,61344.7234252928,NA,NA,NA,34773.8898214659,34138.1663153579,34456.0280684119,70070.2179701093,72731.4764724791,71400.8472212942,NA,NA,NA,NA,NA,NA
"PI(16:0_20:4)-H",NA,NA,NA,9743.8357035976,12363.7429035646,7123.92850363059,NA,NA,NA,NA,NA,NA,NA,NA,NA,NA,NA,NA,NA,NA,NA,15880.7258081925,12111.4247737145,8342.12373923644
"PI(16:0_20:5)-H",NA,NA,NA,NA,NA,NA,9261.43530145933,7966.8486338432,10408.5141644818,NA,NA,NA,NA,NA,NA,NA,NA,NA,NA,NA,NA,NA,NA,NA
"PI(16:1_16:1)-H",NA,NA,NA,NA,NA,NA,NA,NA,NA,NA,NA,NA,NA,NA,NA,NA,NA,NA,12887.257195426,12443.4207653585,11999.5843352909,NA,NA,NA
"PI(16:1_18:3)-H",NA,NA,NA,NA,NA,NA,NA,NA,NA,NA,NA,NA,NA,NA,NA,28397.9056384188,38129.7938158515,18666.0174609861,NA,NA,NA,NA,NA,NA
"PI(16:1_20:0)-H",NA,NA,NA,NA,NA,NA,NA,NA,NA,NA,NA,NA,NA,NA,NA,NA,NA,NA,14627.6626622552,13249.7636391466,16005.5616853638,NA,NA,NA
"PI(16:1_20:3)-H",NA,NA,NA,NA,NA,NA,NA,NA,NA,NA,NA,NA,NA,NA,NA,18320.2814547788,18501.1320754261,18681.9826960734,NA,NA,NA,NA,NA,NA
"PI(16:1_22:6)-H",NA,NA,NA,NA,NA,NA,NA,NA,NA,NA,NA,NA,NA,NA,NA,NA,NA,NA,NA,NA,NA,15341.493530147,18019.2881881578,16680.3908591524
"PI(17:0_20:0)-H",152417.148355686,228123.52493509,190270.336645388,251574.878928325,149524.878262346,200549.878595335,186725.26028663,171741.160118138,179233.210202384,176001.061668946,199764.651285252,187882.856477099,258357.941093134,237040.045661887,247698.99337751,277408.459830372,240236.390293853,258822.425062113,235109.950736188,175763.807534971,205436.87913558,226487.263675902,184825.447808304,205656.355742103
"PI(18:0_18:1)-H",107538.298462378,107805.361157958,12176.0184261061,163214.733814893,98905.3678601209,131060.050837507,93395.2733940751,73277.8166778777,83336.5450359764,71821.2375641377,95648.4485724738,83734.8430683058,134218.874942047,72375.1282680947,10531.3815941425,126659.781129837,101130.230952885,113895.006041361,118921.571327271,56719.5178334205,87820.5445803457,72078.7935990225,75985.7689099737,74032.2812544981
"PI(18:0_18:2)-H",NA,NA,NA,20791.5289417966,50306.27908766,35548.9040147283,27342.5275575824,34298.4642845186,30820.4959210505,34036.8984155021,48027.3079038352,21590.0376394306,56554.6230568205,41308.4417463381,48931.5324015793,27104.4422430496,47418.7474127005,37261.5948278751,NA,NA,NA,57595.6730965343,65772.8965385325,61684.2848175334
"PI(18:0_18:3)-H",56383.3803497307,33008.7635750421,44696.0719623864,25898.4581922628,26260.0177939188,26079.2379930908,26474.7422772627,29476.4671575114,27975.6047173871,NA,NA,NA,32268.0683574627,14236.1849181323,23252.1266377975,27906.2062994528,26952.0018092754,27429.1040543641,30753.8594276158,28890.3727878674,29822.1161077416,23175.5665737987,38760.2112277834,30967.8889007911
"PI(18:0_20:0)-H",NA,NA,NA,NA,NA,NA,12806.9758804933,19472.230998668,22265.2233694377,NA,NA,NA,NA,NA,NA,20433.9690144997,11371.2283374137,15284.1629543294,NA,NA,NA,19770.9427207255,14922.490624189,10074.0385276526
"PI(18:0_20:1)-H",NA,NA,NA,NA,NA,NA,NA,NA,NA,NA,NA,NA,NA,NA,NA,NA,NA,NA,NA,NA,NA,42672.438913371,56527.8600673075,49600.1494903392
"PI(18:0_20:3)-H",17301.1040124559,18255.8798996803,19210.6557869048,NA,NA,NA,NA,NA,NA,NA,NA,NA,NA,NA,NA,NA,NA,NA,NA,NA,NA,NA,NA,NA
"PI(18:0_20:4)-H",27760.1821645276,18367.7224906029,23063.9523275653,NA,NA,NA,NA,NA,NA,NA,NA,NA,NA,NA,NA,NA,NA,NA,NA,NA,NA,NA,NA,NA
"PI(18:0_22:6)-H",NA,NA,NA,NA,NA,NA,NA,NA,NA,NA,NA,NA,NA,NA,NA,NA,NA,NA,17127.4282825484,26062.0754750779,21594.7518788131,19283.0502823234,20247.4575159322,21211.8647495411
"PI(18:1_18:1)-H",42481.3273542102,69439.5584242621,55960.4428892361,NA,NA,NA,47801.4345254186,64955.2324595053,56378.3334924619,NA,NA,NA,NA,NA,NA,NA,NA,NA,57880.8937528191,40219.7689724917,49050.3313626554,NA,NA,NA
"PI(18:1_18:3)-H",136680.046732488,151312.829763132,143996.43824781,254610.481903366,137362.012532139,195986.247217753,91085.8790120615,41489.6205849883,66287.7497985249,289323.643051781,171743.950818112,230533.796934946,197742.378151698,162400.83754013,180071.607845914,247963.718273423,207595.007001657,227779.36263754,233494.46707042,134053.215279122,183773.841174771,717133.334630619,437164.073438706,577148.704034663
"PI(18:1_19:0)-H",NA,NA,NA,NA,NA,NA,NA,NA,NA,NA,NA,NA,NA,NA,NA,217395.780167545,272289.37436317,244842.577265358,NA,NA,NA,57605.9586969631,61185.1881383375,59395.5734176503
"PI(18:2_18:3)-H",NA,NA,NA,NA,NA,NA,NA,NA,NA,NA,NA,NA,NA,NA,NA,NA,NA,NA,NA,NA,NA,25727.5933366823,29886.9340347378,27807.2636857101
"PI(18:2_20:0)-H",NA,NA,NA,NA,NA,NA,NA,NA,NA,NA,NA,NA,NA,NA,NA,63647.8722475388,44739.4155752892,54193.643911414,NA,NA,NA,46461.3374594939,32101.3054809495,39281.3214702217
"PI(18:2_20:4)-H",NA,NA,NA,NA,NA,NA,NA,NA,NA,NA,NA,NA,NA,NA,NA,11116.6741100985,17234.4301293396,14175.5521197191,NA,NA,NA,NA,NA,NA
"PI(19:0_20:0)-H",NA,NA,NA,NA,NA,NA,26871.4511737574,21940.9899634764,24406.2205686169,34857.4268355778,23676.721465739,29267.0741506584,37190.5098576634,58907.7830949966,48049.14647633,37990.2126271815,80639.4222239012,59314.8174255413,NA,NA,NA,NA,NA,NA
"PI(20:0_20:0)-H",NA,NA,NA,NA,NA,NA,NA,NA,NA,NA,NA,NA,13085.749538486,15257.6310705119,14171.690304499,18424.2877057275,20209.0279225018,16639.5474889532,NA,NA,NA,NA,NA,NA
"PI(20:0_20:1)-H",31426.3038894116,19635.6993175454,25531.0016034785,25183.1349074851,75095.4340000034,50139.2844537443,NA,NA,NA,76154.9459275034,75992.9967851266,76073.971356315,55076.4752749041,42363.9176500829,48720.1964624935,53356.1628984427,84770.0616703541,69063.1122843984,100242.406973881,95118.3809558918,97680.3939648864,84519.0483834104,101842.743390213,93180.8958868117
"PI(20:0_20:2)-H",174662.33783552,126347.758054261,150505.047944891,155518.535423115,186183.923677225,170851.22955017,133523.002678481,125862.767608594,129692.885143537,171993.736685946,209226.079394753,190609.908040349,206754.884568117,202055.136615877,204405.010591997,221292.946576262,200628.938719558,210960.94264791,285160.613099797,150466.199645093,217813.406372445,318697.584730133,232467.092630832,275582.338680483
"PI(20:0_20:3)-H",1329655.3330763,1142317.40808707,1235986.37058169,2023510.78984601,1043408.41709483,1533459.60347042,1126210.583013,1331727.48433133,1228969.03367216,1175224.02720171,1053787.53864499,1114505.78292335,2251393.54477289,1053062.4921373,1652228.01845509,1421157.1684048,1456012.55306236,1438584.86073358,1534729.15788088,1592425.23952072,1563577.1987008,1311508.99312802,913948.658450976,1112728.8257895
"PI(20:0_22:4)-H",NA,NA,NA,NA,NA,NA,18787.4963507414,17835.5129295612,18311.5046401513,NA,NA,NA,23331.0715902513,15846.1746425038,19588.6231163775,38047.1493661937,17353.9892247017,27700.5692954477,40758.3729345927,24909.502187275,32833.9375609339,32661.9664015429,25236.8922524451,28949.429326994
"PI(20:1_20:3)-H",19844.4883321401,12514.2869114257,16179.3876217829,NA,NA,NA,NA,NA,NA,14237.0090896281,25677.6299596399,19957.319524634,36170.3334471175,53533.2694143278,44851.8014307226,22335.2555175383,36658.3661403026,29496.8108289205,NA,NA,NA,16958.7678550588,20727.4620990792,18843.114977069
"PI(20:1_20:5)-H",NA,NA,NA,NA,NA,NA,NA,NA,NA,NA,NA,NA,NA,NA,NA,29958.6924213218,46150.6434090799,13766.7414335637,NA,NA,NA,NA,NA,NA
"PI(20:1_22:6)-H",NA,NA,NA,NA,NA,NA,NA,NA,NA,NA,NA,NA,NA,NA,NA,61431.1102353555,51095.1789837577,56263.1446095566,NA,NA,NA,20534.1249427456,14185.0670826961,17359.5960127208
"PI(20:2_20:3)-H",NA,NA,NA,NA,NA,NA,NA,NA,NA,NA,NA,NA,44622.4228422482,24236.316102292,34429.3694722701,NA,NA,NA,17985.5050951517,28701.655435914,23343.5802655329,NA,NA,NA
"PI(20:5_22:5)-H",NA,NA,NA,13498.996938839,14512.5583595969,12485.435518081,NA,NA,NA,NA,NA,NA,NA,NA,NA,NA,NA,NA,NA,NA,NA,NA,NA,NA
"PS(14:0_20:3)-H",NA,NA,NA,NA,NA,NA,NA,NA,NA,7583.28553877191,8712.39376497917,8147.83965187554,NA,NA,NA,NA,NA,NA,NA,NA,NA,NA,NA,NA
"PS(15:0_20:4)-H",NA,NA,NA,NA,NA,NA,NA,NA,NA,NA,NA,NA,7072.27861521818,9924.39456936104,12776.5105235039,NA,NA,NA,NA,NA,NA,NA,NA,NA
"PS(16:1_17:0)-H",NA,NA,NA,NA,NA,NA,NA,NA,NA,NA,NA,NA,45037.832377791,29185.8609565572,13030.1829818946,NA,NA,NA,NA,NA,NA,NA,NA,NA
"PS(18:0_22:6)-H",NA,NA,NA,NA,NA,NA,20909.678737091,27306.4698939712,14512.8875802107,18586.4579388904,19070.7978626963,19555.1377865022,NA,NA,NA,NA,NA,NA,NA,NA,NA,NA,NA,NA
"PS(15:0_20:3)-H",NA,NA,NA,NA,NA,NA,18168.4011263532,12470.0325941283,15319.2168602407,17512.758285603,22469.0501901155,12556.4663810904,NA,NA,NA,18775.9882848185,19062.4694300879,18919.2288574532,NA,NA,NA,14950.7990268801,19625.7074484518,17288.253237666
"PS(18:1_18:1)-H",NA,NA,NA,NA,NA,NA,40749.3254916714,30043.0378513371,17655.6711204661,NA,NA,NA,NA,NA,NA,NA,NA,NA,NA,NA,NA,NA,NA,NA
"PS(16:0_18:1)-H",35980.148676641,18723.9218376642,27352.0352571526,NA,NA,NA,NA,NA,NA,NA,NA,NA,NA,NA,NA,NA,NA,NA,NA,NA,NA,NA,NA,NA
"PS(15:0_18:0)-H",NA,NA,NA,NA,NA,NA,26200.0984665669,21726.6067483749,23963.3526074709,NA,NA,NA,NA,NA,NA,NA,NA,NA,24102.8097349373,15930.7031422314,20016.7564385844,NA,NA,NA
"PS(17:0_20:3)-H",11365.1414532721,13186.8236629671,12275.9825581196,29733.7075510727,25974.7588306068,27854.2331908398,NA,NA,NA,35462.3355223311,13074.4067935913,24268.3711579612,42407.2634784829,21059.9708898663,31733.6171841746,69958.7646707042,24993.9036941594,47476.3341824318,26440.8358165537,23826.8889703155,25133.8623934346,25789.795716412,22745.5498364697,24267.6727764408
"PS(20:5_22:5)-H",NA,NA,NA,NA,NA,NA,NA,NA,NA,NA,NA,NA,NA,NA,NA,13445.8439703041,29702.0731203153,21573.9585453097,NA,NA,NA,NA,NA,NA
"PS(20:5_22:6)-H",NA,NA,NA,NA,NA,NA,NA,NA,NA,NA,NA,NA,NA,NA,NA,14977.3795700808,10788.0007665863,12882.6901683336,NA,NA,NA,NA,NA,NA
"PS(16:0_18:0)-H",24316.5540839999,136446.927387901,46055.0573537384,44434.1493027228,45029.8275530019,44731.9884278624,47374.7953038602,31615.6106084202,39495.2029561402,57114.3355056822,50000.1567584108,53557.2461320465,72102.3260862429,55443.0913171256,19587.4654540045,96647.2902904953,84332.8862407924,13933.0748830719,40096.4896517734,39555.4197348478,39825.9546933106,72289.6997454628,68001.1553684806,70145.4275569717
"PS(14:0_18:0)-H",111249.858205232,503447.940535566,229181.789250533,225423.8553289,164485.612597786,29888.1716984102,166314.718062785,124859.832604505,36768.4911217824,192085.362246975,129555.26929975,25308.1893866213,213722.580367767,169630.595256751,45491.1605027052,261218.990145928,355665.00633366,38007.6733877968,40510.5604685937,134716.458807338,13345.9469294887,219419.691943025,195712.814952486,28866.4870086532
"PS(17:0_20:2)-H",NA,NA,NA,12101.8210298187,19761.3072157793,15931.564122799,NA,NA,NA,NA,NA,NA,NA,NA,NA,NA,NA,NA,NA,NA,NA,NA,NA,NA
"PS(15:0_20:0)-H",13163.9209674154,19186.0412282744,16174.9810978449,NA,NA,NA,NA,NA,NA,NA,NA,NA,NA,NA,NA,NA,NA,NA,NA,NA,NA,12867.3359301631,12723.4447983556,12795.3903642594
"PS(18:1_20:0)-H",NA,NA,NA,NA,NA,NA,NA,NA,NA,12312.5665459861,12335.086986511,12290.0461054611,NA,NA,NA,NA,NA,NA,NA,NA,NA,NA,NA,NA
"PS(19:0_22:5)-H",NA,NA,NA,NA,NA,NA,NA,NA,NA,NA,NA,NA,NA,NA,NA,17213.1177678266,29736.5340517521,23474.8259097893,NA,NA,NA,NA,NA,NA
"PS(20:0_20:1)-H",123794.081056381,148578.848848521,17322.1555424588,177639.685968531,136490.695141359,157065.190554945,182582.616713124,165503.008477324,174042.812595224,197906.845064231,131983.09954054,164944.972302385,186768.074465224,190487.989722641,188628.032093933,242660.183652907,213498.176454333,228079.18005362,129711.457828707,155226.534683749,142468.996256228,156294.978959722,133996.169843982,145145.574401852
"PS(20:0_20:2)-H",556805.569940539,694243.211179531,625524.390560035,840458.734841928,460308.220799294,650383.477820611,765981.965502165,719726.264861825,742854.115181995,739719.90870467,509426.430384898,624573.169544784,547816.510083106,526397.644982308,537107.077532707,637208.751676272,682588.284794581,659898.518235427,692245.383383557,636679.511666645,664462.447525101,431748.522230148,626913.358921126,529330.940575637
"PS(20:0_22:6)-H",4222813.27767276,4652528.91263143,4437671.09515209,5483650.27294073,4634212.41733218,5058931.34513645,5993560.682071,4942613.52797556,5468087.10502328,7023932.12967759,4991814.92054845,6007873.52511302,5184957.66242046,3921567.58297017,4553262.62269531,5975473.74125967,5164623.29226977,5570048.51676472,4924050.13786481,3970096.78203036,4447073.45994759,5569296.73686262,4755682.43354114,23184.5656383723
"PS(20:1_20:5)-H",23063.7639672017,42275.5208925528,32669.6424298773,NA,NA,NA,44784.564102083,28879.3301228991,13534.9493302204,32223.0868765915,23913.7764547695,28068.4316656805,NA,NA,NA,42689.0299109029,32148.4150240372,37418.72246747,NA,NA,NA,NA,NA,NA
"PS(20:1_22:6)-H",54908.907995576,49507.154253144,52208.03112436,117216.069934057,30830.3647745841,74023.2173543205,98925.8000007289,63105.9112624191,81015.855631574,87994.5598284864,35864.1191830836,61929.339505785,51584.3153839105,46677.1015352162,49130.7084595633,37496.8117249812,70789.6706424676,54143.2411837244,94524.6277523433,51622.1027296268,73073.365240985,NA,NA,NA
"PS(20:2_20:2)-H",NA,NA,NA,19093.0595002224,19928.2434788972,19510.6514895598,NA,NA,NA,43501.8837650849,14806.6112428435,29154.2475039642,NA,NA,NA,NA,NA,NA,NA,NA,NA,NA,NA,NA
"PS(20:2_20:4)-H",NA,NA,NA,NA,NA,NA,15318.8506791311,18272.8710020441,16795.8608405876,NA,NA,NA,16697.2837511137,21023.7183553308,18860.5010532223,52235.3639757254,22904.259809869,37569.8118927972,NA,NA,NA,25238.2281858393,33369.1842270062,29303.7062064228
"PS(20:2_22:4)-H",NA,NA,NA,NA,NA,NA,NA,NA,NA,NA,NA,NA,NA,NA,NA,NA,NA,NA,NA,NA,NA,13642.4192306916,15808.2040438412,14725.3116372664
"PS(20:2_22:6)-H",NA,NA,NA,NA,NA,NA,NA,NA,NA,NA,NA,NA,NA,NA,NA,19835.4694166184,17517.4259481048,18676.4476823616,NA,NA,NA,NA,NA,NA
"PS(20:3_20:3)-H",NA,NA,NA,NA,NA,NA,NA,NA,NA,NA,NA,NA,NA,NA,NA,24583.600856728,15130.9045882625,19857.2527224953,NA,NA,NA,NA,NA,NA
"LPA 16:1",NA,NA,NA,NA,NA,NA,4501.75845985752,5205.8377819772,3797.67913773784,NA,NA,NA,NA,NA,NA,NA,NA,NA,NA,NA,NA,NA,NA,NA
"LPA 16:3",NA,NA,NA,NA,NA,NA,NA,NA,NA,NA,NA,NA,6593.32997482166,3656.5789715178,5124.95447316973,NA,NA,NA,NA,NA,NA,NA,NA,NA
"LPA 17:2",NA,NA,NA,NA,NA,NA,NA,NA,NA,3555.36194241472,3629.44838614904,3481.27549868039,NA,NA,NA,NA,NA,NA,NA,NA,NA,NA,NA,NA
"LPA 2:0",31687.5087373663,32268.2076689579,31977.8582031621,53987.1200983037,34503.247995045,2953.61787509987,15105.3404335206,37075.8211112384,26090.5807723795,45489.2793357997,47519.9348660236,46504.6071009116,12869.7648173455,40804.880783158,1837.26684690083,25771.9993225242,47104.11009004,36438.0547062821,36611.3277653867,25916.1650404305,31263.7464029086,19355.4088917563,12180.5390649793,15767.9739783678
"LPA 4:0",59134.2823533289,51617.7492624317,4799.89726472408,48654.3316209156,14660.9283475082,3865.58432905316,38067.3844049199,7830.14772197186,2081.48358710799,38062.5832870018,8045.01616000461,5703.55205275366,32031.2013659576,31678.9547187363,3821.25544441751,13061.4007833826,24287.8166810524,18674.6087322175,61338.1399592139,29348.9199584904,45343.5299588522,23447.7887125121,27952.8268093272,2548.32291391019
"LPA 5:0",8081.46279111314,4342.32183030388,11820.6037519224,10579.1697917859,3605.8033059238,7971.71989607749,NA,NA,NA,7290.48777790604,11156.4482275274,15022.4086771488,11688.7532479058,3825.20056040324,12620.8329593706,3992.47501609116,8518.7830667841,12541.0177375685,4601.39651641778,3645.62116909146,2301.0718329356,15735.100364922,9541.50837086583,21928.6923589782
"LPA 6:0",NA,NA,NA,2684.25122240282,4331.76485016947,3508.00803628614,NA,NA,NA,NA,NA,NA,NA,NA,NA,NA,NA,NA,NA,NA,NA,NA,NA,NA
"LPA 9:0",NA,NA,NA,NA,NA,NA,NA,NA,NA,NA,NA,NA,NA,NA,NA,2851.08744268712,2325.23573732154,1799.38403195596,NA,NA,NA,NA,NA,NA
"PA(14:0_18:1)-H",191164.527640631,51925.7494709371,121545.138555784,122208.157224127,108229.812916401,115218.985070264,177848.591999583,237383.56569902,207616.078849301,350782.884381601,198529.669910363,274656.277145982,142580.11438503,269066.274282116,205823.194333573,131943.252928785,392501.049431526,262222.151180156,152565.161653884,171256.076227546,161910.618940715,327122.932317775,238829.671342871,282976.301830323
"PA(14:0_20:0)-H",NA,NA,NA,NA,NA,NA,NA,NA,NA,12435.0005803785,12588.0580637349,12511.5293220567,NA,NA,NA,15876.0639419288,19673.7277431885,12078.4001406691,NA,NA,NA,NA,NA,NA
"PA(14:0_20:2)-H",NA,NA,NA,12283.9639197643,16885.1591943126,14584.5615570385,NA,NA,NA,NA,NA,NA,NA,NA,NA,NA,NA,NA,NA,NA,NA,NA,NA,NA
"PA(15:0_20:1)-H",NA,NA,NA,NA,NA,NA,NA,NA,NA,NA,NA,NA,NA,NA,NA,NA,NA,NA,15068.4016533671,18969.1712742439,11167.6320324904,NA,NA,NA
"PA(16:0_16:0)-H",187972.015058806,181428.153044105,184700.084051455,447362.234923198,357619.130319218,13802.9111753274,386118.136054883,65881.7901783667,225999.963116625,127299.527959064,311355.666204045,219327.597081555,300106.746567432,323091.865484971,311599.306026202,219105.497549285,65322.4354715118,142213.966510398,269385.847000192,297761.339527352,283573.593263772,224215.280345266,235825.258604467,230020.269474867
"PA(16:0_16:1)-H",2213622.91309935,2608231.16153156,2410927.03731545,4396945.57485979,947994.200687698,2672469.88777374,4229128.55431288,2037126.09000096,3133127.32215692,1198336.11352493,1886610.1274522,1542473.12048856,683751.698997788,1468484.34367982,1076118.0213388,2462238.38290927,2548087.44735787,2505162.91513357,2169479.74382515,1377350.65274018,1773415.19828267,919829.089691594,1251660.6401014,1085744.8648965
"PA(16:0_18:0)-H",NA,NA,NA,NA,NA,NA,NA,NA,NA,NA,NA,NA,59171.5178566028,37924.603409221,48548.0606329119,NA,NA,NA,19319.4221196798,16771.6453027214,14223.8684857629,41211.5620769759,17314.2079790034,29262.8850279897
"PA(16:0_18:1)-H",383581.950159364,673881.872151363,528731.911155363,244371.328071767,583513.680554052,413942.504312909,507625.570167584,440554.540506034,474090.055336809,502015.508902908,207244.190898549,12235.4567178948,611884.569626565,696013.372782503,653948.971204534,563044.775921165,482356.493085683,522700.634503424,546487.044481281,386452.796477651,12932.9395241512,416116.383740758,761698.623316385,588907.503528571
"PA(16:0_18:2)-H",NA,NA,NA,NA,NA,NA,29676.4560037895,27677.1466401403,28676.8013219649,44590.6143907461,15642.5282729848,30116.5713318654,NA,NA,NA,60489.6929832535,61444.5974232655,60967.1452032595,22074.7997071864,45880.2512493836,33977.525478285,17950.6257333494,27267.0482435049,22608.8369884271
"PA(16:0_18:3)-H",190432.080344921,248134.823490736,219283.451917828,141775.044863197,293550.936957862,217662.99091053,271029.497493127,146197.045645918,208613.271569523,143813.588820219,342817.163440187,243315.376130203,153023.838100332,133795.961092684,143409.899596508,197202.661165771,153010.951708071,175106.806436921,135839.532850432,112686.424056658,124262.978453545,160246.946218028,148988.104033451,154617.52512574
"PA(16:0_20:3)-H",186968.201921745,180894.117817848,183931.159869797,199243.570444995,75941.7649866744,137592.667715835,239692.662266841,181805.063251725,210748.862759283,114118.787912478,124598.507115969,119358.647514223,159818.976380562,151004.348369224,155411.662374893,172539.373514758,117943.052801909,145241.213158333,60539.0407475934,148376.218600057,104457.629673825,141499.733903115,109044.048964323,125271.891433719
"PA(16:0_20:4)-H",93776.519932347,119413.106275017,106594.813103682,47303.1478940872,33317.6262386516,40310.3870663694,87910.3663357917,70305.6886384768,79108.0274871342,53799.5977367401,40470.9563943598,47135.2770655499,41999.2547012479,44478.6668938759,43238.9607975619,61907.1736353043,34742.1747326051,48324.6741839547,64457.3396382939,46820.7591799885,55639.0494091412,44709.0240221991,64090.0232022335,54399.5236122163
"PA(16:0_20:5)-H",64134.6801965759,16893.4920209482,40514.0861087621,45753.5295510081,32524.9694002128,39139.2494756104,17652.3645915864,29921.3705030028,23786.8675472946,46575.2128968738,39837.1741013518,43206.1934991128,40481.2489952756,24033.4359012632,32257.3424482694,28555.9656400395,34636.1229853795,31596.0443127095,28871.996622669,21298.6785265,25085.3375745845,NA,NA,NA
"PA(16:0_22:5)-H",23396.034197584,41166.4959912611,32281.2650944225,NA,NA,NA,NA,NA,NA,NA,NA,NA,22529.9254891204,24671.5381785903,23600.7318338553,NA,NA,NA,14687.9071644909,14649.0634276892,14610.2196908875,NA,NA,NA
"PA(16:0_22:6)-H",102479.478817691,69770.6796025869,86125.0792101389,21694.3284191453,57441.6293524601,39567.9788858027,69888.7804026594,23522.4169969182,46705.5986997888,34574.4655667452,23259.4566820571,28916.9611244012,72420.4219650539,42102.9998208227,16890.8175722531,34490.0584797743,42591.7955421967,38540.9270109855,67030.4961515992,76633.9841557646,71832.2401536819,16150.5537379123,65951.3667584874,41050.9602481999
"PA(16:1_17:0)-H",NA,NA,NA,31032.9118473718,22515.9398119259,26774.4258296489,NA,NA,NA,31488.9676538167,15091.6870423723,23290.3273480945,NA,NA,NA,NA,NA,NA,24913.1855943415,84533.4968321908,54723.3412132661,NA,NA,NA
"PA(16:1_18:0)-H",21642.5972069195,69192.7200802206,45417.6586435701,NA,NA,NA,NA,NA,NA,36371.327546418,47062.6251516383,41716.9763490281,28645.0803120854,31308.7241247925,29976.902218439,36362.1083332043,45032.2552635122,40697.1817983582,NA,NA,NA,NA,NA,NA
"PA(16:1_18:1)-H",1601026.31466527,2050937.95974945,1825982.13720736,1902371.45534516,927842.095021152,1415106.77518316,1478783.6040995,1526149.21488811,1502466.4094938,844646.719999232,1748799.08537949,1296722.90268936,1513722.399633,1994051.83661074,1753887.11812187,2341761.05304885,1460608.91483735,1901184.9839431,1219942.58732303,819513.408889682,1019727.99810636,1304020.84136746,790512.415986487,1047266.62867697
"PA(16:1_18:2)-H",1041824.82607901,1170315.43144745,1106070.12876323,1182415.15914001,934662.824262324,1058538.99170117,1578557.71506398,879504.546277727,1229031.13067085,549451.375842056,648085.459891661,598768.417866858,941760.98415898,627865.183086745,784813.083622862,683735.57170391,458941.768355636,571338.670029773,865068.741875483,778101.451980546,821585.096928014,577999.781590021,870397.301808988,724198.541699504
"PA(16:1_19:0)-H",NA,NA,NA,NA,NA,NA,NA,NA,NA,NA,NA,NA,NA,NA,NA,80214.4696478827,84228.1932597013,82221.331453792,NA,NA,NA,32474.5382147397,48218.3567202844,40346.4474675121
"PA(16:1_20:0)-H",NA,NA,NA,NA,NA,NA,34171.4044424029,12839.9418604872,23505.6731514451,NA,NA,NA,NA,NA,NA,NA,NA,NA,NA,NA,NA,NA,NA,NA
"PA(16:1_20:1)-H",20839.753469782,17261.7341404361,19050.7438051091,NA,NA,NA,16059.6804027423,17559.3215745403,16809.5009886413,NA,NA,NA,NA,NA,NA,NA,NA,NA,NA,NA,NA,NA,NA,NA
"PA(16:1_20:2)-H",NA,NA,NA,NA,NA,NA,NA,NA,NA,NA,NA,NA,NA,NA,NA,NA,NA,NA,NA,NA,NA,24799.6535101997,24753.6266224799,24776.6400663398
"PA(16:1_20:3)-H",221385.453514195,246417.587421762,233901.520467978,266161.11477284,262346.720334459,264253.91755365,400977.53353319,147315.464862367,29829.178555548,282804.85639081,102553.68494481,192679.27066781,282737.59266637,207417.17191124,245077.382288805,101774.788206492,135889.512424287,118832.15031539,144123.838734071,193342.025612093,168732.932173082,148795.763000949,55927.7077076062,102361.735354278
"PA(16:1_20:4)-H",37621.9136677726,21863.392502583,29742.6530851778,21749.3227755143,24657.1573850682,23203.2400802912,NA,NA,NA,20343.7257524343,29617.0566842758,24980.391218355,NA,NA,NA,NA,NA,NA,NA,NA,NA,NA,NA,NA
"PA(16:1_20:5)-H",NA,NA,NA,NA,NA,NA,NA,NA,NA,19936.921194162,15964.0798929681,14777.8189158967,26772.5780189091,18835.0120159048,22803.7950174069,16801.4859427501,17421.2597988246,17111.3728707873,NA,NA,NA,NA,NA,NA
"PA(16:1_22:5)-H",NA,NA,NA,20756.5074320578,22972.2379975667,21864.3727148122,NA,NA,NA,NA,NA,NA,NA,NA,NA,NA,NA,NA,NA,NA,NA,19245.1919254119,28917.8629541147,19128.1584028945
"PA(16:1_22:6)-H",25133.1000191138,23701.460512916,22269.8210067182,54583.3898509642,29648.0753199306,42115.7325854474,NA,NA,NA,NA,NA,NA,31717.9713999458,43589.9671613015,37653.9692806236,13016.5554694913,55994.7690563792,34505.6622629352,22737.5755010986,43717.6398094925,33227.6076552955,NA,NA,NA
"PA(17:0_18:2)-H",43202.8579506624,85145.630609624,64174.2442801432,NA,NA,NA,44869.0389571104,44173.0355522712,20015.7041572382,22058.8333125627,19717.0498919816,17375.2664714006,NA,NA,NA,NA,NA,NA,35532.6278605754,25652.1272990433,30592.3775798093,31008.3860100041,24039.2907675827,17070.1955251614
"PA(17:0_20:5)-H",NA,NA,NA,NA,NA,NA,NA,NA,NA,NA,NA,NA,NA,NA,NA,NA,NA,NA,NA,NA,NA,15103.6707678861,23217.7426901911,19160.7067290386
"PA(17:0_22:4)-H",NA,NA,NA,NA,NA,NA,NA,NA,NA,NA,NA,NA,NA,NA,NA,NA,NA,NA,21228.2673308851,18923.6402529493,20075.9537919172,NA,NA,NA
"PA(17:0_22:5)-H",17993.0002247784,17263.9524924148,17628.4763585966,NA,NA,NA,NA,NA,NA,NA,NA,NA,NA,NA,NA,NA,NA,NA,NA,NA,NA,NA,NA,NA
"PA(18:0_18:0)-H",46793.7186924918,45352.8036738013,12700.1465375562,26861.3842067499,19036.287602791,22948.8359047705,58117.7570847386,42758.0224322231,50437.8897584809,47709.8669153388,35717.5249187502,41713.6959170445,23349.6408554738,49123.6327982403,36236.6368268571,39559.0965604798,80718.8442216427,60138.9703910613,31040.1428178804,55714.6141330638,17802.7183705567,63287.2399461256,43984.9382345213,53636.0890903234
"PA(18:0_18:1)-H",97861.0921165075,106477.283984545,102169.188050526,103151.142554664,111416.78416128,107283.963357972,58468.887626675,69108.7818701552,63788.8347484151,83399.6929787823,70137.5178679095,76768.6054233459,145179.174669511,84723.3381284332,114951.256398972,106283.220313723,41559.9924875112,20111.122724876,90340.2413648691,60652.5455006493,75496.3934327592,31149.5024041603,91585.8323626357,61367.667383398
"PA(18:0_18:3)-H",NA,NA,NA,14941.2778971715,80294.781099935,47618.0294985533,33427.4854154592,15436.7918923851,24432.1386539221,20674.4803993125,37516.28600192,29095.3832006162,NA,NA,NA,NA,NA,NA,37369.5854685443,50579.732864142,43974.6591663432,NA,NA,NA
"PA(18:0_20:3)-H",66936.1108495497,159352.363044686,113144.236947118,148017.224727313,76558.5271449041,112287.875936109,162910.337424426,28962.9554483287,95936.6464363773,169100.807719694,129863.139346803,15159.5223364287,NA,NA,NA,116381.595088333,90271.9347720971,103326.764930215,NA,NA,NA,28581.1566102049,35674.8542289671,32128.005419586
"PA(18:0_20:5)-H",NA,NA,NA,NA,NA,NA,NA,NA,NA,NA,NA,NA,14836.9536976892,17814.7354959338,20792.5172941784,NA,NA,NA,NA,NA,NA,NA,NA,NA
"PA(18:1_18:2)-H",1231456.70153758,967088.590136772,1099272.64583718,894172.162089634,260257.449921251,577214.806005443,1405652.74595838,743616.202792312,1074634.47437535,827015.861800863,1148747.67760075,987881.769700806,1382081.50366315,509074.515861553,945578.009762351,660069.162668975,845952.077907717,753010.620288346,323591.684554762,934738.759140778,629165.22184777,713735.374636707,877810.428808233,795772.90172247
"PA(18:1_18:3)-H",706966.277347252,749775.868747027,728371.073047139,670607.174389332,883958.225478153,777282.699933742,890396.447055288,576180.038823176,733288.242939232,1019556.36848542,220594.801925079,620075.585205249,418381.430735676,237412.945628101,327897.188181888,389636.562375829,141208.189715256,265422.376045542,495780.058855708,854333.528961825,675056.793908766,204985.427925323,451932.952108541,328459.190016932
"PA(18:1_19:0)-H",19977.0072635211,28279.5278923056,24128.2675779133,23037.8046767051,40206.9751525849,31622.389914645,38339.3741250129,22173.8389045395,30256.6065147762,23963.2867609771,23802.3663638272,23882.8265624022,47714.9065485866,21750.7194331599,34732.8129908733,51111.4068815031,33025.9809475214,42068.6939145123,24495.8885192405,11587.9691070432,18041.9288131419,32260.2172468103,23460.7590045831,27860.4881256967
"PA(18:1_20:0)-H",NA,NA,NA,NA,NA,NA,NA,NA,NA,16530.5905212786,15341.9597331527,17719.2213094045,NA,NA,NA,NA,NA,NA,NA,NA,NA,NA,NA,NA
"PA(18:1_20:2)-H",218663.547811936,157959.405050052,188311.476430994,334640.484826641,224630.182866403,279635.333846522,157450.007780979,121127.213461925,139288.610621452,283744.233527994,166085.351544061,224914.792536027,191903.365784934,223583.219280101,207743.292532517,240657.105359538,103136.940588895,171897.022974216,45980.6364541546,110622.822271505,12602.5056440954,226527.915018644,45069.9537439002,135798.934381272
"PA(18:1_20:3)-H",1058226.04686167,1353421.51413463,1205823.78049815,752212.760697413,600525.120729624,676368.940713519,814949.427656975,566191.134114951,20696.889873972,499895.445775099,521552.282188448,510723.863981773,213801.365467805,362226.79671634,288014.081092072,364511.797089561,471822.14148778,418166.969288671,555882.38709602,304663.726350843,430273.056723432,319507.447347821,732044.016658602,525775.732003212
"PA(18:1_20:4)-H",311496.947452283,147711.815316684,229604.381384484,502485.240035743,235380.022646069,368932.631340906,90223.401343457,439519.112056867,264871.256700162,85308.5843583212,345921.360256788,215614.972307555,210265.272417248,308211.316329476,259238.294373362,98426.8855710517,195191.992595044,146809.439083048,205898.530015772,114958.035608592,160428.282812182,148650.58893126,258885.325407076,203767.957169168
"PA(18:1_20:5)-H",110506.512753932,182963.614990106,146735.063872019,130271.914819486,130043.281429036,130157.598124261,245708.859810318,151490.297580824,198599.578695571,231375.782230253,133581.294123287,182478.53817677,158164.718857332,131532.744468847,144848.73166309,69033.366427429,41451.2580492995,55242.3122383642,114025.983317747,158431.419340612,136228.701329179,99528.4944213432,108628.842917748,104078.668669546
"PA(18:1_22:5)-H",NA,NA,NA,NA,NA,NA,45151.38826078,18499.2061603826,31825.2972105813,NA,NA,NA,29990.0751696042,25533.0567751758,27761.56597239,NA,NA,NA,NA,NA,NA,21452.0991001843,48553.3099435991,35002.7045218917
"PA(18:1_22:6)-H",119736.500185229,47108.5881358163,83422.5441605227,59904.1443541993,30420.3384168306,45162.2413855149,105663.144423096,132622.568876689,119142.856649893,92281.559572359,76903.7355350073,84592.6475536831,197308.167111706,98994.8226047938,148151.49485825,65102.1152294249,43943.2053180761,54522.6602737505,139443.028471153,85991.0145184504,112717.021494802,86491.8351368392,129071.013529391,107781.424333115
"PA(18:2_18:2)-H",859751.74752781,1053751.16910455,956751.45831618,2382612.97200192,1712512.83215679,2047562.90207935,1506671.1105017,1125906.89055139,1316289.00052655,1883062.98221868,431045.790579259,1157054.38639897,1066390.12213195,1591063.38628767,1328726.75420981,642094.29068996,465073.80932495,553584.050007455,1611859.55466403,894417.678292274,1253138.61647815,697208.338767757,831554.538094672,764381.438431215
"PA(18:2_19:0)-H",NA,NA,NA,NA,NA,NA,NA,NA,NA,NA,NA,NA,NA,NA,NA,100429.739779587,163526.153774311,131977.946776949,NA,NA,NA,14154.3734311028,37372.655582289,25763.5145066959
"PA(18:2_20:2)-H",17425.2384683858,17642.0439852111,17533.6412267984,NA,NA,NA,NA,NA,NA,NA,NA,NA,NA,NA,NA,NA,NA,NA,14709.9177526945,18930.6710323712,16820.2943925329,NA,NA,NA
"PA(18:2_20:4)-H",39137.8390755316,76224.2751917419,57681.0571336367,153225.823953692,53059.5653739229,103142.694663807,108516.539845273,64793.4280272037,86654.9839362383,105533.123552862,25619.791688188,65576.457620525,NA,NA,NA,115901.988909852,36690.4028972047,76296.1959035284,98156.3361060703,42434.7352620718,70295.535684071,49481.9557868311,50070.1468645208,49776.051325676
"PA(18:2_22:5)-H",26662.4172882677,20334.3479598203,23498.382624044,31115.5306439905,28401.0321593792,29758.2814016848,60163.2087733627,24580.6260456914,42371.9174095271,22399.1313656548,33212.5088641308,27805.8201148928,30374.1765549662,22651.1579703782,26512.6672626722,50321.8742716795,41536.0095770887,45928.9419243841,28373.3570307744,24467.8932818133,26420.6251562938,35381.0666070392,37708.1825541954,36544.6245806173
"PA(18:3_19:0)-H",NA,NA,NA,NA,NA,NA,NA,NA,NA,NA,NA,NA,NA,NA,NA,51656.2593343521,45838.5212579228,48747.3902961375,NA,NA,NA,NA,NA,NA
"PA(18:3_20:0)-H",NA,NA,NA,NA,NA,NA,38581.8684377914,26056.5115415125,32319.1899896519,NA,NA,NA,NA,NA,NA,NA,NA,NA,28263.4371188771,37232.7190444811,32748.0780816791,NA,NA,NA
"PA(18:3_20:2)-H",16576.7511913793,15708.7430446137,16142.7471179965,NA,NA,NA,NA,NA,NA,NA,NA,NA,NA,NA,NA,NA,NA,NA,NA,NA,NA,NA,NA,NA
"PA(18:3_20:5)-H",10995.1606247289,10873.1860838744,10934.1733543017,NA,NA,NA,NA,NA,NA,NA,NA,NA,NA,NA,NA,10561.3760431465,13438.85763729,12000.1168402183,NA,NA,NA,NA,NA,NA
"PA(19:0_20:3)-H",NA,NA,NA,NA,NA,NA,NA,NA,NA,NA,NA,NA,NA,NA,NA,24170.2323767277,27126.7555891859,25648.4939829568,NA,NA,NA,NA,NA,NA
"PA(19:0_20:4)-H",NA,NA,NA,NA,NA,NA,NA,NA,NA,NA,NA,NA,NA,NA,NA,51726.0705184769,48073.3727716683,49899.7216450726,NA,NA,NA,NA,NA,NA
"PA(19:0_22:4)-H",NA,NA,NA,NA,NA,NA,NA,NA,NA,NA,NA,NA,NA,NA,NA,223539.44481749,236738.931424112,230139.188120801,NA,NA,NA,56803.0104406895,32748.011477817,44775.5109592533
"PA(19:0_22:5)-H",NA,NA,NA,NA,NA,NA,NA,NA,NA,NA,NA,NA,NA,NA,NA,23707.0063882352,40664.7118204331,32185.8591043342,NA,NA,NA,NA,NA,NA
"PA(20:0_20:3)-H",NA,NA,NA,NA,NA,NA,22083.9714338909,17316.1691206033,19700.0702772471,NA,NA,NA,NA,NA,NA,NA,NA,NA,NA,NA,NA,NA,NA,NA
"PA(20:1_20:1)-H",NA,NA,NA,NA,NA,NA,NA,NA,NA,25514.3857049815,22421.0556929213,23967.7206989514,NA,NA,NA,NA,NA,NA,25498.9477166901,23214.6269977359,24356.787357213,NA,NA,NA
"PA(20:1_20:2)-H",NA,NA,NA,NA,NA,NA,NA,NA,NA,23314.9096169633,24904.2089749848,24109.559295974,NA,NA,NA,NA,NA,NA,NA,NA,NA,NA,NA,NA
"PA(20:1_20:4)-H",48174.5515714946,60528.3744238245,54351.4629976596,47673.7550303733,19942.278060176,33808.0165452747,70899.3136101762,33737.6809678992,52318.4972890377,NA,NA,NA,39260.7874447234,22697.4747213668,30979.1310830451,32135.4658616618,32416.6553529908,32276.0606073263,72728.8219439191,25137.1537753105,48932.9878596148,53941.9162664381,18289.3849286178,36115.650597528
"PA(20:1_22:4)-H",NA,NA,NA,13039.4590305359,12119.46653502,12579.4627827779,22338.8151160055,39543.7469963453,30941.2810561754,NA,NA,NA,NA,NA,NA,NA,NA,NA,NA,NA,NA,NA,NA,NA
"PA(20:1_22:5)-H",NA,NA,NA,NA,NA,NA,NA,NA,NA,NA,NA,NA,NA,NA,NA,NA,NA,NA,26823.3527352857,15660.9296117811,21242.1411735334,NA,NA,NA
"PA(20:1_22:6)-H",NA,NA,NA,NA,NA,NA,NA,NA,NA,NA,NA,NA,18667.8752315425,20770.781803013,19719.3285172778,NA,NA,NA,NA,NA,NA,NA,NA,NA
"PA(20:2_20:2)-H",40971.687582622,16050.6768254999,28511.182204061,157022.985992213,91891.4299086221,124457.207950418,190252.806330679,17200.6317354962,103726.719033088,207854.929067225,81055.2098085163,144455.069437871,53717.4884623226,130487.034561659,92102.2615119908,34780.1008184684,137534.541250764,86157.3210346162,117446.660754567,114729.109319335,116087.885036951,42462.3866651309,84737.2754999765,25737.9838488861
"PA(20:2_20:3)-H",346166.672190983,236446.276981308,291306.474586145,207184.56572832,333343.92720755,270264.246467935,321797.754380318,293842.440756263,307820.09756829,490178.938321935,131737.949194413,310958.443758174,289078.284116256,182518.528303843,235798.406210049,40140.5249885005,251479.800823041,145810.162905771,101014.568367342,199066.728278274,150040.648322808,280931.101782712,271533.587539526,276232.344661119
"PA(20:2_20:4)-H",29196.4298860221,108647.91772287,68922.1738044461,67065.5460984712,122282.580020441,94674.0630594561,52164.5931957153,136064.28543805,94114.4393168827,263689.07956514,159953.253008434,211821.166286787,84423.2993388333,72259.0094614224,78341.1544001279,26386.5202211152,36785.0519689217,31585.7860950185,149597.232894393,50701.7956737577,100149.514284075,57949.6385272804,51974.2942587634,54961.9663930219
"PA(20:2_20:5)-H",72355.6441650941,79862.5430723244,76109.0936187092,37494.9697152383,55267.5371220299,46381.2534186341,26180.5067014543,39655.0949702293,32917.8008358418,37580.7696482091,47800.3132079954,42690.5414281023,59953.2556030655,32772.5421641599,46362.8988836127,39399.1557821276,23695.4302551437,31547.2930186356,76375.3769168011,54606.1201196267,65490.7485182139,67599.2511315531,61041.3375777921,64320.2943546726
"PA(20:3_20:3)-H",NA,NA,NA,32412.2569567648,40916.9275789247,36664.5922678448,20125.6673353104,31852.3937065914,25989.0305209509,NA,NA,NA,36369.3234196897,50506.3915004386,43437.8574600642,17880.2643368208,53660.5008909164,35770.3826138686,41462.3629715793,44802.6465104465,43132.5047410129,27583.9731280464,16813.0342879502,22198.5037079983
"PA(20:5_20:5)-H",NA,NA,NA,NA,NA,NA,NA,NA,NA,NA,NA,NA,NA,NA,NA,NA,NA,NA,NA,NA,NA,33186.3681305183,24183.7953681264,15181.2226057345
"PA(20:5_22:6)-H",NA,NA,NA,NA,NA,NA,NA,NA,NA,NA,NA,NA,NA,NA,NA,NA,NA,NA,NA,NA,NA,19928.251414691,14315.2542156256,17121.7528151583
"PA(22:4_22:6)-H",NA,NA,NA,NA,NA,NA,NA,NA,NA,NA,NA,NA,17810.5834021261,23671.4051859045,20740.9942940153,NA,NA,NA,NA,NA,NA,NA,NA,NA
"PA(22:5_22:5)-H",31815.7659092536,48729.4842617445,40272.6250854991,156528.377167936,104057.053420574,130292.715294255,80935.6668675708,61095.3447328894,71015.5058002301,154633.039569806,139399.075051662,147016.057310734,65398.9548848878,40190.246471137,52794.6006780124,107603.548092276,128053.772412041,117828.660252159,70965.1149753557,43072.3428735465,57018.7289244511,88276.1050235056,82275.3685887983,85275.736806152
"PA(22:6_22:6)-H",31048.7264625727,140602.212964907,85825.4697137398,136042.913932207,103945.837335633,119994.37563392,130220.008745497,37507.1413774905,83863.5750614938,65374.0167439142,54523.324431097,59948.6705875056,49577.1120082244,41391.2836988216,45484.197853523,60364.2913826945,68202.4462863795,64283.368834537,57535.1676485951,60846.2742406133,59190.7209446042,34725.565095558,78765.578994332,56745.572044945
"CL(72:0_18:0)-2H",NA,NA,NA,14131.7301055437,17134.637754997,11128.8224560904,17148.081375215,18178.7189131351,17663.4001441751,NA,NA,NA,NA,NA,NA,NA,NA,NA,NA,NA,NA,NA,NA,NA
"CL(72:1_18:0)-2H",NA,NA,NA,NA,NA,NA,NA,NA,NA,NA,NA,NA,NA,NA,NA,11524.777054851,12854.0080754632,12189.3925651571,NA,NA,NA,NA,NA,NA
"CL(72:1_18:1)-2H",74419.7458823561,71921.5471840829,73170.6465332195,35221.2827416198,23913.3405416037,29567.3116416117,46916.9411781196,103526.878804152,75221.9099911358,80947.1626042135,39410.5551901164,60178.858897165,62832.2265727185,70362.3874585741,66597.3070156463,27407.732095883,56300.3369609017,41854.0345283924,87017.3854865881,33989.1101333196,60503.2478099538,44737.6087133322,36293.4660858644,40515.5373995983
"CL(72:2_18:0)-2H",12250.0310808705,14808.0038736715,13529.017477271,NA,NA,NA,NA,NA,NA,NA,NA,NA,NA,NA,NA,17145.7255120392,13043.932733839,15094.8291229391,NA,NA,NA,11294.5019504059,37457.3679786082,24375.9349645071
"CL(72:2_18:1)-2H",NA,NA,NA,NA,NA,NA,NA,NA,NA,NA,NA,NA,NA,NA,NA,32980.2058197484,22393.8136927224,11807.4215656964,NA,NA,NA,10730.0071830653,22737.6423452491,16733.8247641572
"CL(72:2_18:2)-2H",111260.348515429,107196.393112688,109228.370814058,25277.752411266,84587.7207158524,9252.44198924448,NA,NA,NA,NA,NA,NA,85635.4620860217,43857.2250794005,64746.3435827111,60461.0620752979,46197.176287692,53329.1191814949,73423.7561866037,88778.0555697613,81100.9058781825,43919.8671723428,54556.2402305484,49238.0537014456
"CL(72:4_18:0)-2H",38743.4046063764,26961.3639613077,32852.3842838421,32191.7710800494,20649.0400086078,26420.4055443286,18436.7836443366,25982.0501726864,15059.5175242909,NA,NA,NA,22164.2424687202,34661.8447161087,28413.0435924145,26611.2905095406,30689.9399035715,16475.0838014643,23113.5939777614,60415.3241742387,41764.4590760001,18821.2044307882,28025.3674030034,23423.2859168958
"CL(72:4_18:1)-2H",NA,NA,NA,NA,NA,NA,17722.2311005321,25492.006553545,9952.45564751929,NA,NA,NA,NA,NA,NA,NA,NA,NA,14116.3249920883,20012.8757303978,8219.77425377889,14174.1615418242,17792.0439998382,15983.1027708312
"CL(72:4_20:4)-2H",17398.7667613705,15256.157239828,16327.4620005992,NA,NA,NA,NA,NA,NA,NA,NA,NA,NA,NA,NA,NA,NA,NA,NA,NA,NA,NA,NA,NA
"CL(72:8_18:0)-2H",NA,NA,NA,17342.7344275961,30953.5645972138,24148.149512405,NA,NA,NA,11295.4984434734,32642.3212525794,21968.9098480264,9486.16125061814,17154.3084097265,13320.2348301723,14447.4392565275,19361.4231055562,16904.4311810419,11052.2328563622,20165.4929773895,15608.8629168759,8246.70716915601,22871.1092241925,15558.9081966743
