"","Vehicle-6hr_Huh7_M1","Vehicle-6hr_Huh7_M2","Vehicle-6hr_Huh7_M3","Vehicle-24hr_Huh7_M1","Vehicle-24hr_Huh7_M2","Vehicle-24hr_Huh7_M3","TNFa-6hr_Huh7_M1","TNFa-6hr_Huh7_M2","TNFa-6hr_Huh7_M3","TNFa-24hr_Huh7_M1","TNFa-24hr_Huh7_M2","TNFa-24hr_Huh7_M3","ACSM5-6hr_Huh7_M1","ACSM5-6hr_Huh7_M2","ACSM5-6hr_Huh7_M3","ACSM5-24hr_Huh7_M1","ACSM5-24hr_Huh7_M2","ACSM5-24hr_Huh7_M3","TNFa-ACSM5-6hr_Huh7_M1","TNFa-ACSM5-6hr_Huh7_M2","TNFa-ACSM5-6hr_Huh7_M3","TNFa-ACSM5-24hr_Huh7_M1","TNFa-ACSM5-24hr_Huh7_M2","TNFa-ACSM5-24hr_Huh7_M3"
"CE(14:0)+NH4",17626.1062870514,11531.9551814778,34071.9618499709,51320.5112000509,38418.0195320518,29003.8601186499,11148.5259383221,10240.2722861723,10791.2858930722,2453.07606321208,47.0799693696868,3281.7502869468,5600.40443829071,1154.9377399446,3671.16315127141,749.105018510381,1819.94948256438,1697.11932772067,40522.3841181475,22350.3067583061,32927.9809131503,274.631480818804,18.0126845230482,3324.31022022953
"CE(15:0)+NH4",44185.7111695896,38267.7531592266,47814.5420337856,6006.54641529024,5184.15265872612,3897.27274887014,2312.65532619647,1069.63674339091,250.256817977309,43626.3375450271,35591.2879237735,45943.0329369821,42002.956064948,121369.411975698,31051.853866235,35408.5957241989,53754.2758532602,17816.8333924505,100052.54954052,21726.8495671083,17036.2339915591,14708.4620912162,39223.8630258435,6150.99731605365
"CE(16:0)+NH4",281337.229507456,328464.293764756,392588.070779261,703619.085616602,417430.933961984,611794.300015889,595114.643592968,325512.641403155,52497.6510536109,333579.503836277,201589.406033458,315531.907952088,672253.16551828,601841.008075618,771415.42328786,405191.835775842,448125.936147223,16970.0433704305,462312.21854822,472377.761334402,57634.7822904547,304697.433812385,297839.343436296,334879.09662373
"CE(16:1)+NH4",133700.536542637,311928.802901317,30737.545920892,389531.822365094,176238.260824476,28144.4702351829,317008.061105722,261261.850497096,36963.4914109955,32282.5281820791,71800.1016004462,34302.513781644,210835.688756661,56156.12167792,163009.329409271,54103.0842658364,72125.1388302055,75465.6623461757,207056.825655931,72859.7179599032,50194.8283302445,64745.1798809707,52532.0147460055,20810.4389922657
"CE(18:3)+NH4",15760.4138056517,18573.918456833,14007.4822588314,71.4170318503075,1547.97408119577,380.040151462091,32170.7101926042,51467.7891656667,14938.3921520391,2537.36619291153,509.727886526207,4976.36255992018,14.6976225867683,160.812353729699,6125.24182883106,128.933109847972,2424.72864080808,183.496042811937,467.426765616522,2686.62597545299,5158.82008313476,1735.63179138679,374.970019553047,547.503412916702
"CE(20:0)+NH4",14471.8675249548,16232.9814953902,13960.6675246315,226.187501659716,710.611049421979,2408.45822996421,15526.5958927776,13491.5042811707,13246.6828630076,277.166312523751,14.1864514676594,2608.88979920944,353.773260322597,112.467980843142,5020.38269748082,87.2247898779465,953.302598495531,655.465163643893,301.982612847808,7.81301385532851,1668.34331643516,3408.44020958312,5822.96114259299,8581.96370496094
"CE(20:1)+NH4",19589.7851994581,22451.6490309639,18259.4273482012,16630.2735251778,9466.95628029312,25655.6831325139,90.9420640482016,588.848256661723,3376.92015019659,3086.62116250221,732.882934795003,583.304721185847,149.509616495973,6932.40606581438,1538.74891564895,1270.6291626261,1598.30922378347,26.6947630465649,2356.02009252296,853.855126421913,157.790172179669,1566.6760523141,421.196398680042,988.442137528914
"CE(20:2)+NH4",47.8852616468935,46.8822138897373,5495.86746633668,446.235629561377,5045.65478773291,5400.98790804588,4802.72934218691,447.598555467154,1278.25812184202,1001.79706343779,55.7749083194052,1876.1503869356,2414.35277546426,19.5555662433885,731.27485226306,11199.795865359,10486.8579680371,13540.0305345857,1680.28867039454,987.74321089458,133.753685093117,3330.96419315437,579.016806354715,2110.61060611814
"CE(20:5)+NH4",1336.90021681013,149.709029304338,11.9612063117685,1390.32916954721,97.8269395461423,5777.28514733792,9890.98797509444,27885.9921614152,53084.6265469189,12113.1333460792,12113.5403196288,13887.4389874827,515.015154391029,18.9673975459222,38.7145978088425,1114.04006815879,678.03805624643,2403.39361911553,19.5629737405162,106.729372585017,506.870539724411,21.9911397925791,208.941107028329,2979.73407771676
"CE(22:1)+NH4",1641.36629361392,814.215598943703,4881.2165273268,150.502925843566,2954.26822906139,430.14532442944,1030.00896365107,1114.27476200021,5288.32020069122,792.048579435511,4511.98128903323,1489.75144565445,136.118802695425,6.93975900450136,8101.88877447725,4318.09367962792,5569.44472119051,3368.83182490666,42.1956624653323,876.966332328547,165.598651740749,272.985435228744,1957.04741967098,3262.25148511702
"CE(22:2)+NH4",522.976581266175,55.5418946294794,519.362688515513,3.35242944377764,50.0073906186535,4181.78645393315,407.45763076178,2171.33775611212,6953.68040603512,22.7140817486162,164.336157664044,1202.68587720854,17397.072211737,11480.1158131724,17525.9103019017,1422.66497314404,160.991412775738,2189.33169354384,1.52902069484064,2330.76066978559,169.317749478115,3129.51312164917,590.940075488157,63.9062246666118
"CE(22:4)+NH4",1740.92542530871,4417.76999009172,2199.52332813854,203.323853398811,2945.55756856955,452.459018121708,1864.68915146593,3681.49565062582,3872.75591389801,1108.4108617581,132.286654169813,24.9759799683822,6005.22661978187,422.616323994199,3787.2479974316,306.032039395263,74.9010275849216,170.334588674104,21974.8674201168,22117.9570691911,23126.669047569,587.59284788233,34.2025356159523,2740.64839332149
"CE(22:5)+NH4",4125.24256249749,4116.47136022204,1325.49594542912,3466.68844756872,236.897652957831,512.683667431696,4315.68571544092,633.582636096442,250.501729123609,1288.18034476753,5067.83561593499,535.087763253687,7024.47624977578,1425.41131125178,981.103791611777,23.6615180475007,648.997333826399,1742.03758902687,42791.5380727992,20870.3729021398,33345.9352367254,1134.65683318728,419.328464162107,147.005922328256
"CE(22:6)+NH4",149.899427037664,4944.61392598168,322.819002966408,2283.27878593034,6024.70589044786,724.788399042028,1127.65852767225,5698.41485298643,421.308322265553,52289.8527039446,44121.6884822034,22572.0944561927,843.105604582803,2768.13416669905,4244.15450015761,15163.6432136564,18830.0178771237,20311.0610529482,2134.35256395433,5003.26049197079,6054.20062238556,2515.17149718215,263.301048783509,51.8710256934899
"CE(24:0)+NH4",535.488283079331,1594.83688111512,5.10171813175517,916.576764788737,678.616048037536,110.553844360464,13.1270399526351,356.052341636997,5.05321358329061,3973.76862358397,6077.11865191922,5621.9285017972,1783.50175491517,547.969563618516,2772.66724365821,1018.69092326084,1955.22520493265,2862.90625478291,5870.318434777,2603.91882868445,462.114720666463,283.962228347789,118.163555626126,749.757569556691
"CE 24:5 +NH4",18286.6413821837,25931.7194185181,10401.6515356014,84.736465878663,1097.60611912252,4638.08011260877,3845.61794988188,511.13994651166,267.611552607094,4589.85407458935,1756.82428956653,6.0555735316901,446.926657184394,22.8443300597302,1808.5407498599,521.337850767599,2569.31194552796,2695.46170001679,4879.63109796632,3126.34721436561,853.604798575837,8403.14979885893,13700.1840815896,12179.413628911
"CE 24:6 +NH4",90213.9281713585,46840.6638003316,14034.458048861,1837.49998557037,90.0800696838252,222.32131038299,1578.54745938751,5910.31519922772,837.888313242526,52741.2907132353,43164.31785222,20053.5268776431,66598.2993845591,44912.8172276109,25069.9216160804,15.9247618106438,1219.23767661163,1756.26435089278,200.40595014485,88.3991587501657,1245.36115866172,1710.54464719504,21.5763078775166,394.249369905984
"Cer(d18:2/14:0)+H",2530911.2871249,2188330.7882519,64331.1743256562,3210634.04958709,1586735.89191001,2616373.27462006,3298734.86720161,2565969.80801534,3394230.8539026,3118876.70376477,2094957.73624565,3056659.82063111,3116399.52494576,2078101.72845275,44489.2154045653,846748.510740049,723462.200300544,39341.8264747396,2885988.58020803,2083741.72237157,2601938.34932899,1019249.18409543,1142142.48136268,26145.3775913717
"Cer(d18:1/14:0)+H",4874043.97982265,4603063.67530993,6075182.1664739,5047563.83119542,3511110.2414673,4673532.8088502,5736472.09361972,4654004.32102332,51558.1511869016,4769050.21766636,4891679.01968912,19097.2414353249,7885191.09354952,6761943.48048896,8871322.06247542,1713642.50919021,1705820.62226101,2039280.73682008,6486972.0108645,6633504.41571505,6866349.06997923,2544798.13256688,2553519.2696492,24110.4088138131
"Cer(d16:1/16:0)+H",6969686.36943784,6426038.58427098,8582977.66183336,4952957.12609977,4690158.2568905,16598.6060311006,7719002.43007583,7906016.60668968,9042721.01710526,3519043.58135788,7264349.05685172,5932888.14423198,10202684.8736005,10731556.1400989,12658547.8412363,2259000.51853949,2102769.59699861,2599760.08108439,11646621.5573185,12263006.2966679,12512185.5965111,4021534.26442371,4223046.5684937,10396.5603879407
"CER(d18:0/14:0)+H",459167.73941098,413291.073979506,86048.3923012369,628093.357846241,618772.90912794,108539.893507108,840886.312127799,734379.624162484,117786.138741286,284375.449263082,453714.136534333,83302.5080449531,946304.044692465,1151274.81491721,102467.510547178,291973.567389229,317194.308792762,13069.4789381736,903413.59312696,211459.240460151,49086.9307089676,188970.150309842,366046.528011107,304990.484084426
"Cer(d17:1/16:0)+H",50.2841437881505,422.926714225878,64.4780402958923,635.489631343042,135.14727066845,3602.48907062277,490.895481837331,4671.67391734395,77.7581282767167,1185.36503641766,494.352723649306,37.5596467498449,1946.08813455101,43.167477782907,8.50700803928631,107.611137337342,1465.66577178698,61.3934998144357,20085647.3870867,23021174.6784602,36685.6193271707,1787.20999332989,650.262433309555,844.010999963853
"Cer(d18:2/16:0)+H",21655320.2876443,20460334.3473884,15568.973710173,22338942.622998,17242972.5107651,35416.888200253,28359785.4160849,24363214.6292442,30513313.2200865,25923733.5478905,25038994.9798118,29272083.1116175,28384304.8888637,27806780.3449246,33997062.0370288,7353422.01646767,7044322.92749615,13760.3108014465,32549706.3126561,32599633.1016509,43658.381908532,13851902.8084699,14038372.2575884,22721.9129672761
"Cer(d18:1/16:0)+H",158782391.781706,154472524.144317,76337.5902414408,160222533.05246,116768773.725945,179795.797304424,197757173.390587,176941225.71924,216854594.180233,138237217.531029,153852173.202638,176351.188374679,225500839.728067,235205839.341649,278599538.924735,64218819.4562221,64717653.3963828,76902507.9892616,238496374.367831,229136851.206166,303283.977252075,91734853.106994,91996649.32009,177490.283136359
"CER(d18:0/16:0)+H",3492028.42359603,3457934.8278369,4459477.47253963,1946.89538151177,3495.67853722395,1155.28891910389,71.6577735787198,19.4854263357892,231.477338725391,380.218666545975,146.228052979863,654.322124225347,618.20299639378,444.116353771964,1931.45296074063,668.416691010437,68.1676516532661,1544.92013191064,18.6278763637199,505.561128013685,783.748037606937,1139.51231060636,2002.86592357083,1794.23737225243
"Cer(d18:2/17:0)+H",647441.856883811,472638.079249357,714292.868891279,237227.009070115,215437.126514968,247435.817158569,662490.494330947,534271.530589139,692629.306718763,460972.487754377,532627.933797659,564808.028965343,805433.679917048,778930.720132334,958680.530955904,151092.654368918,198725.676973157,209115.690599875,979711.70906746,819084.426703625,941602.510453594,275988.316485022,379066.015632022,361971.298064914
"Cer(d18:2/18:0)+H",8410735.54367496,8230457.83474765,10675331.6463565,6465661.33949534,5584918.74832003,6585813.87775459,9982141.56503656,8479132.45609861,10684436.0399716,7912588.64142243,9427542.48808834,9839381.56489374,11124877.6355484,10314899.0857043,12977334.1449815,2694852.60426632,2693241.7966364,24764.9937664082,11044348.6201343,11930811.3792292,12022781.717876,5128865.83442009,5955196.65429248,44591.3350502016
"CER(d18:1/18:1)+H",3540717.65429224,2673579.43186066,47223.3412784385,3468103.51354832,2405849.09974206,18272.5167001318,2951866.95394231,3814658.26536737,77300.6753095928,1406211.29226579,3236945.11318065,2540139.32265066,2291809.89809215,2683203.42994188,3005723.5180234,764852.660093155,787247.6821234,10417.4343382869,2473332.08670182,3104519.26207555,52236.7605695438,750701.65746571,1092024.96672175,1017283.84433512
"Cer(d16:1/20:0)+H",494.244034243437,1.7129652794753,953.633586501198,3344.25790454951,4090.00518081309,3939.17064184586,1309.01877333227,945.559892736037,435.229389513497,421.148525960311,706.303341294365,953.508205230253,1551.05946921071,1040.54938769541,295.726546355106,0.497086654357859,450.539987130831,887.584872468027,18419.2612988573,19960.6424276253,22352.8612595038,1275.45951821367,132.969606727896,446.699878460479
"CER(d18:0/18:1)+H",36525.1526155379,58742.2899046995,10473.4780284378,50027.0489831048,104445.193180086,22798.2164725586,69.4174489828508,2907.06139443349,585.359716872502,55406.0298139555,57673.6288186227,9780.14765080881,136977.439545363,78299.5596086913,13447.3466675462,29947.4423434729,40212.7912902574,9569.19960724987,50064.3505828209,78503.2619356725,22971.2504308074,66852.4462877644,31870.7149430921,55510.6258792259
"CER(d18:0/18:0)+H",1879.94746240411,3468.86112101512,855.247238755748,104907.960632469,55450.3867224395,87476.3641615803,109876.402003748,90049.6714848797,27631.0102547525,49.5176936610095,2381.75893585656,1568.35021863699,54703.2945690664,48823.7353972798,36071.0504554253,16187.7311487364,12531.0629629125,11425.008534318,459.88643277989,8.79754971499885,14.5349485589015,739.906850338772,745.456638841179,159.411203479569
"Cer(d17:1/20:0)+H",45290.3043078665,25756.1550831388,63705.4522822406,84220.3434432456,91875.1521614791,40029.968896314,3135.55742592034,4219.53024416902,3907.75923143776,19932.3603544459,15572.7099855559,35205.7749897514,39337.0371394866,90030.3428990344,77766.474687901,25007.1312453152,22105.031293799,31821.9713269983,5675.87166147351,6.98997373670141,4384.87557407136,10722.7325540843,16672.5026126515,23464.9752049942
"Cer(d19:1/18:0)+H",20364.0315498351,13244.2967934421,32464.4034163444,3.14516604924987,1380.3481378232,413.10872346205,17430.9047688998,11930.0931845901,16993.1398698978,239.483776547387,519.188031431417,46.0941083495613,789.538474986172,1073.88928799047,4197.39835636758,5093.24277701719,7894.66381510056,12180.2165233364,144.817243779047,1105.69117909341,392.568952965976,9.55855268457953,338.81916321123,21.3339899834522
"Cer(d18:2/20:0)+H",12274.7353200943,9529.044175406,10339.8077458128,1646.46841350418,970.513082483325,312.193593667168,754.435849408277,5.81467008989491,138.513257986716,65.1782734758796,363.209948487236,207.234562247389,437.043627874083,3648.54964190626,2480.56457278432,1058.12817823222,606.016108179533,2708.79818313217,60.4333060059566,49.5574675194077,755.624771359874,846.613184549989,81.1480189944282,1105.61874039401
"CER(d18:1/20:1)+H",0.567410687665484,1288.89150501399,2881.58149141188,1154.64796536339,5802.87534027039,2065.88951468807,29756.0313106175,34653.9223696178,28803.0951100075,17253.4435890755,16806.0960107623,12005.3542503597,219.73297283584,643.136309297486,431.256079002523,2509.28644979174,2042.76110476662,715.32773280495,21619.6560124776,9731.90098467288,17503.556532633,9743.87427169748,6637.3636646658,15269.3285909619
"CER(d18:0/20:1)+H",2766.50861959693,336.150842342054,3360.51891374751,18698.5547968209,28343.029847227,18541.5199178751,83.5869411614928,50.4847675458695,318.58229190727,17441.9318517389,17962.7416095887,26411.5660216945,153.306856325153,62.4507565857955,1280.66129638522,1060.40088173857,23.1456653827804,418.892101872489,790.546281189369,384.653545464119,4654.5855044156,23606.8220326441,10993.614655405,19462.0231081977
"Cer(d18:1/20:0)+H",1.08097139641859,15.9058370220208,432.32424105433,1261.44013734295,2336.17026586484,697.002050584457,2592.0423034528,681.855237043861,5206.7019839039,2263.85079463067,302.643886084525,593.528648649464,558.844703854057,24.0362075392222,311.185749111989,2598.18984531475,250.410261584165,870.985931547864,402.831536997007,4.93277871470959,18.1797058992613,13843.7116230129,10992.0712134316,20017.7476075434
"Cer(d20:1/18:0)+H",7705.41179977171,6645.67361751018,8264.17312426209,2323.11652329735,96.2930865726351,15.5598408736746,3481.36046498038,50.723016705166,5242.96400315714,552.661590356735,2165.80529940454,2089.79726791488,3799.04833012997,4510.36881789173,5697.76892748851,3106.43494427581,4378.27395048351,6980.90923475911,305.347910450962,132.829869610337,31.5522148802882,2377.14863442232,3290.83044926881,1124.52072196672
"CER(d18:0/20:0)+H",14615.0187977516,17247.9586746641,12957.5489760578,2652.57406436852,3668.69183596317,95.1245251731326,62.683032485374,26.814816862633,33.8844546551874,2914.91203139898,2185.09315111409,2583.70173774564,20668.4351279024,18240.8538043937,23560.7773458824,4983.73928683953,13771.7975006111,18217.6445150916,36.3707566035994,461.753465050218,1529.14116047535,11199.3794350226,16403.2138833097,22339.2754813881
"Cer(d17:1/22:0)+H",1095.70308937831,190.921431587946,2202.6362510913,14645.4096843646,11543.4874454164,14307.5141149915,7256.9251504679,11103.8567412503,3955.27201254054,26.4593129523243,4622.04505991098,105.360677185262,122.849947053868,933.886850929656,3173.35088162298,1406.95087517822,36.1967312492772,684.651808760735,26070.3949168109,11430.8435572195,19645.311877367,13.5192165242329,238.973449807178,595.106143861269
"Cer(d19:1/20:0)+ H",340.168378505199,1162.78716989938,168.937269638646,2391.47623385752,265.737475769578,417.89855401944,7437.16474383952,36.4363215193276,3557.80154279633,2858.15242323804,3203.72532779441,3009.12208638542,827.118759315665,7794.65502001918,7245.32483070691,19464.4346045751,29320.6268807513,10071.4041000976,35554.0162549976,30006.5772024074,58934.0127201928,290.023053356993,561.358479392718,240.396246656091
"CER(d18:0/22:1)+H",35602.0027675174,26072.5759389768,39333.3587278454,4182.56882554922,108.237526778394,1989.65496188281,2414.97608082263,31.4035491572175,208.03383567699,19334.0939448946,21902.0136139203,19676.0861215978,2943.47133527942,2223.05575099496,539.339550460837,24.2591359318284,152.508285017828,363.737523524108,4372.7317475087,357.470355332445,222.026405064021,18085.782055653,16159.1360128374,19061.8536660513
"Cer(d16:1/24:1)+H",7.39150612515763,17.6020203186721,136.699702046816,2215.6481976597,1555.88052826966,841.644627505346,1469.52690449001,3564.52949185915,280.271104720081,761.049999207337,3.01093793058774,1089.77221377982,41299.2933659825,37531.8871413343,56852.3724154032,448.25866702942,1062.30551171923,2141.6623189453,3342.08889598326,6905.26816393433,4479.10455425408,340.107726813725,37.366843652978,47.027566890261
"Cer(d18:2/22:0)+H",4795.22927129873,3006.99178059038,138.371986550657,1867.06942167063,1521.3871552672,1171.81004706986,1080.24899652913,532.697855116571,60.4693188246321,162.851391401816,1532.93499564897,3069.47800905348,2367.66576608141,997.474538864679,886.05108468818,456.376394306102,797.323081228411,1777.49595586804,72.2846457033252,6214.00507796054,7.45596251091994,8294.28310526376,4732.72743407834,7304.9060054018
"CER(d18:1/22:1)+H",18576.878618489,74297.4051234408,61057.0608153851,126760.669356193,68447.1790335055,106495.070850979,92653.7551308016,181681.840425445,158753.285545433,40598.6989905365,50264.9623806783,32256.726244979,208571.15552606,53299.338857364,39523.6854373001,65310.1870223245,66966.7316289315,78906.5255693783,219238.283646789,111489.705464226,25303.9527832108,46949.289632559,54233.0618680026,56075.3640360618
"Cer(d16:1/24:0)+H",228939.535174652,443364.618096358,437060.598839721,621857.329678608,530573.348034558,21383.2600233932,656.343104982695,1848.02226434645,2857.39219364088,10198.465428127,30826.7647508562,22148.3352706771,440466.150497067,313795.253759808,457500.097842534,246514.135755644,216836.666930218,5203.40414294657,4485.73406177167,34.7074107258294,2135.60665004946,209275.846542156,241988.31028468,23907.3979231582
"Cer(d18:1/22:0)+H",223422.841634461,426269.444125388,422246.984309735,647062.091469693,297859.820065873,17791.0115349569,391946.838035462,362019.40928076,436351.793173006,355487.596360574,301256.108191163,37338.1482981016,588713.911629389,766195.82816418,817900.605606709,325741.922415644,264179.403569897,16554.1835636149,996094.166784237,509742.53426219,19193.3134879263,153174.170139077,186349.387609067,5688.0450264465
"CER(d18:0/22:0)+H",173699.001980044,226251.93604252,258050.991136725,298212.171874106,155307.129512284,247384.291364783,216810.007234907,115632.378955081,192412.569417527,100600.402103938,150218.170793174,140484.966656957,485719.491602435,486609.840785424,14541.3474141626,88331.409037199,93612.5392860121,11176.1568238474,411270.075454907,514500.142630185,17211.4758581095,68325.343950597,85197.7075638427,84972.2517813887
"Cer(d17:1/24:1)+H",4747.79844304058,171.764048350644,133.242339574665,5623.6838281381,9196.30833129498,14170.6977279116,15280.1256576582,15200.9984642899,17488.3156192446,760.46300493666,4431.58090442134,773.428451424537,17784.5252351548,15549.7669196641,15161.7515247236,1217.0700594411,641.753894261579,2674.24484975825,837.750001306938,800.487856459977,3570.64291481977,76.5669008740621,2744.43568596689,122.907364069466
"Cer(d17:1/24:0)+H",1130.75954551972,371.891992257391,315.337141310899,5.36860158994395,875.52988212213,6880.57197164968,0.656708552396458,518.413468811816,1685.7829210013,0.765666570341411,19.1580287327137,3894.847825733,80.4292828915155,37.2592549944261,4569.25793770747,54.0475486483779,107.004242339128,742.296827799937,19103.943029936,15460.1371843777,23950.7082577737,53.702536287576,406.064568629088,17.3896761113811
"Cer(d19:1/22:0)+H",257.036612976623,54.1390753898452,698.711286611611,574.730474813998,29.166903953274,4391.16806783569,2518.10119518968,4476.44491811621,1531.77024216622,19451.6325422876,31382.8849158256,17948.0193508423,34.9020473118915,5237.69212698349,67.3834020014978,58.8703562061661,34.6776338526744,528.871517331354,10282.1086502943,16176.7028311483,22989.9312032922,93.8490129840004,66.923362932206,123.340585163031
"Cer(d18:2/24:1)+H",279.379173165635,2573.77402286051,3645.23340576429,30316.6332656739,70995.9512219141,55574.8817864406,72880.4794671878,28023.7011746926,37424.6068040527,2773.22419827476,1.42326338473304,1913.54413295174,64678.4455673468,24079.8994996405,54085.6877709828,28185.1930526875,28937.3329843065,25321.7013644297,2140.6827205555,4782.69810720565,7255.12052005957,7.42171882136201,132.86489421699,204.122240946681
"Cer(d18:1/24:1)+H",2702478.49221342,3111682.68009982,3742090.77742849,4823881.28575782,2914803.44370284,4223542.81360334,1307344.85590116,2574176.6986939,48574.6388877324,3242953.81245828,2153920.92606746,3165904.03534867,5252345.51147583,5807548.52456956,6685040.46578136,2172555.12570845,1687894.5588626,2297430.96488457,6220393.2525204,4409380.40741611,5565419.87640409,1603404.20217104,2437716.36836652,2229288.29672348
"Cer(d18:2/24:0)+H",12653591.6459048,15681338.3395015,18263763.1600995,19917881.5262477,9825771.36427011,47941.8914849673,17.2675622471661,1344.90961996003,1065.2234156825,13649087.1211266,12502981.5076595,15067198.7224826,39956.9878985528,36189.1563261665,37047.7977427768,5073518.98136598,6315615.39331133,6805096.74114744,10958198.7313351,12293377.8524362,12166854.2631226,5888960.35615684,6449773.52173082,6844347.96438972
"Cer(d18:1/24:0)+H",21937333.6416971,26760932.5393817,31379395.1783956,3782.25502152785,7377.68513134584,776.806695391979,3.70049630437424,523.342943366781,80.5535857165534,15750694.273102,9953365.69044895,33385.9152476941,40974161.0445134,30530006.1359496,43355963.1096478,12548070.9149992,15630771.0981394,4772.21098827718,39953081.7607389,22275123.8211915,32590044.0920166,11991614.8569912,12985507.8382129,13857596.3524065
"Cer(d20:1/22:0)+H",112625.85897752,87031.2552653641,127469.533203615,7300.30190118703,711.980922151332,178.852056906364,163264.841905882,116627.573827274,161991.202463674,27007.65415647,47228.8729760117,21214.3702391069,343.011755440358,179.814056186894,3570.33305985899,88726.4656403129,47965.410525702,12352.1496597028,160892.71765893,26026.3762604137,98000.2262764262,83832.3826972737,11391.2197573034,7248.31800728672
"CER(d18:0/24:1)+H",1624503.36572221,1844373.37714897,2231994.26743402,2608691.67376392,1674242.23956422,14091.1711172159,2401094.40802425,1883920.06860982,17753.9159059657,921575.376583267,842624.860045182,23629.2153879589,4701960.57095875,4995302.58416765,77979.9679419326,1065645.45598773,1178059.59085888,9746.54468460225,2674774.95534529,2877694.9740459,2905593.47797004,1174412.19502111,921839.821492071,7862.17924122027
"CER(d18:0/24:0)+H",1453986.93065567,1839779.0302337,2123934.77497211,1695273.87209939,1157973.10526644,1557930.92996396,10511.3784927383,2100031.85980306,1221107.37576387,1382939.95290332,875393.063295733,5910.2775397115,2838143.59518368,2634408.27239273,30421.2337511644,819805.117188641,668273.699521095,6653.57404831694,2451513.22022348,1782353.15220502,2216652.68791878,855103.642264065,21869.489812718,11916.2588235928
"Cer(d19:1/24:1)+H",156.433446117407,63.5200640373866,1334.70137377948,633.432773330694,745.106365090507,3665.50826925793,3269.37298198963,810.118413050236,3.37661017533606,290.511740285646,1758.83043104355,295.907355304555,3229.05516732601,302.609203873399,538.929935990229,1741.21368301169,309.082565211234,160.733593289993,2151016.45726945,1093313.1513561,25888.6966956107,1121.02473915648,1412.43480102853,1606.37963294183
"Cer(d19:1/24:0)+H",1264013.49132359,1782567.1053075,1968754.97287859,2268013.53589155,1088403.29031059,1830324.83647223,2286019.33269081,1720280.27958638,11843.9318524387,1712533.51079895,805718.07492829,1503700.59132115,4222154.14695152,2238933.60617925,3927700.81362437,1565558.98977006,1527023.64367984,1844017.32462145,3486797.94439751,1983207.5019907,2864675.36918718,1476353.78957774,1418983.29187138,1609639.24956219
"Cer(d18:2/26:0)+H",783823.470663139,843087.033496681,1045667.2253219,774199.587138546,373521.105773952,19478.3526196875,908419.635555458,624935.42045884,887452.767650572,855590.135434029,286801.577880941,7255.12052005957,922586.356086397,652905.511606139,955669.878641621,413025.296827731,492549.788481669,4182.77023964977,739035.939429677,509133.647016041,653525.526727183,244811.267163794,322198.445942104,24554.1845541836
"Cer(d20:1/24:1)+H",628428.566641138,451666.892499983,688580.506486165,4181.27191137332,14.6734594507917,56.3522523181504,6.22419851512542,412.352332384773,418.428941902543,1072.07914486628,799.965665988884,119.046022786622,2300.85718918483,3884.96537154769,19.7567645856376,658282.745098101,835768.162906296,892855.118786346,1026558.31890851,693371.031358708,30732.3220869102,481970.956001458,549658.644783766,6923.99332565654
"CER(d18:1/26:1)+H",4353546.50819505,4237223.36302402,28644.2787247178,600.900384649281,538.737644218528,160.194653349504,4003.86089517209,6443.94355682991,4911.59506319867,4241801.57056034,2686338.46781052,20768.8561017032,9723004.00887122,8417778.58809705,10986485.1424904,4023447.35698602,3205856.95672955,4303220.00356553,9097471.64518779,4128930.30698582,26060.155914551,2391170.56540679,3088276.02485971,14575.0855119314
"CER(d18:0/26:1)+H",32512.0603398991,58800.4922659835,23214.659327583,41687.2964966111,38157.491999653,20881.7031371667,89233.119645079,87730.4653819688,24252.958635676,10776.2339731143,16032.6617816513,11315.3743296516,52115.3795054858,51195.4433345477,36427.8536904435,40761.7902573382,18711.5119884973,35245.3233422968,91981.9599617932,64090.0731907525,13496.7121301004,27567.9077054782,25630.6416496978,6557.06273687458
"Cer(d18:1/26:0)+H",2957.01331676761,3754.07696825291,816.97023418484,1874.97889665296,2565.81145326688,749.44289257753,1770.13507380607,83.4913597542828,672.337447075967,1998.14177111457,1355.86777607312,2765.9171024609,198.937868602424,1507.61540631415,944.049717983693,75.2757741296468,875.894853026246,1533.00611121817,40834.9592734223,19694.3231758972,31705.4642014979,369792.053701385,6584.90618516875,10113.2932523723
"CER(d18:0/26:0)+H",85.9815549815465,627.945832223373,1265.89476264138,2620.90023950537,75.6447523503679,1337.53678226302,34683.8252812258,40853.2329441137,43714.9681579713,31751.905412432,12015.5380487775,7912.10510705678,68117.0193372186,31106.2212217789,14970.9732919184,16355.1374530501,21378.2310757869,22555.2228784877,46562.0657631789,29220.7318231262,39683.3361246361,12007.6265556701,18703.7943442913,7521.94457688544
"Cer(d19:1/26:0)+H",95086.9765510666,55600.8535958332,31435.1821890958,6493.53303938952,431.007107104621,61.8948074248362,1794.77399729285,2485.08138776893,411.770782227944,11233.644646163,13221.356451822,15335.5900034884,30544.741673721,23773.6580361189,19057.0678278019,14996.8480384046,4938.02837764604,11981.1513007781,43282.7462688356,53027.3375713979,24471.0959294989,1093.6676035084,1234.95173114655,637.923279279573
"Cer(d20:1/26:0)+H",2714.56903812386,1863.99674688344,6371.68698431517,7580.13124468222,4.73181604167151,6045.2685221101,20299.2039625501,21684.5504062272,21912.4265314051,2093.87916956244,131.300132564469,45.6217234288928,14.6524392925415,5343.50750691347,2355.03504242524,824.556753389529,759.793370515172,72.1941623035098,950.137849548817,1003.51261153347,81.8938509320075,173.576821297506,282.582812699848,48.0678731065513
"GlcCer(d18:0/18:0)+H",8856.10799767082,9518.99707470224,40347.4663860373,7101.35790812701,1.96804628592063,1606.91583854127,6171.44930861675,5667.79309774192,1832.7400582356,815.489560009229,3127.98043169647,59.8916406664197,33360.7633733252,15067.5743343529,29472.8499434738,9007.86615778474,9376.59805275998,9747.13191887573,332.399256800752,5710.66083072214,7025.86098306892,1244.79122198467,608.881548355786,1203.17612108126
"GlcCer(d18:0/20:0)+H",133.54986820987,3894.51622077255,161.997823974754,42892.5719100241,28369.1851414173,15996.6538860034,89.0508376374349,3585.29744202313,22.5992384945107,16382.8990965421,21139.5111340319,20481.7235107932,1729.19267709442,3182.75124127771,2955.58481963621,1634.26301291407,320.520186770832,123.14407524338,1863.8000342751,3271.22363574321,23.6881496826497,1357.74307401282,560.281116243706,1272.43553144935
"GlcCer(d18:0/22:0)+H",25663.5773997618,15973.1938504017,11066.779284647,24039.2321056368,39426.7755943582,34770.9191673666,23989.8529131925,32305.7255333032,18168.1990168622,8535.95108823242,18038.186832827,25654.4509723047,30155.7198802857,20530.9412622617,30754.9657967855,174.081122386232,637.682049576884,494.555558559383,548.667876032588,499.300398410085,171.468958775764,19121.9051859144,17608.0707897723,20434.6393599293
"GlcCer(d18:0/24:0)+H",19120.5398869992,8207.29580860506,17254.1554760669,6843.65676614327,6.5404524802769,5890.99607387517,30604.2381399354,27282.7385100405,33501.7797674123,18374.196611916,13226.9754878507,18456.2425051606,18693.6792806749,19912.0246224354,24430.4718685727,128.927034275836,20.378376624001,714.66229167075,20929.3809194539,58563.1182891492,15553.0212595307,14034.6912261057,14878.1213238339,16046.9857595845
"GlcCer(d18:0/24:1)+H",9867.46067187407,17072.5431591275,17477.3760734491,6610.23841852861,293.466285609281,7255.12052005957,28968.2413509923,25751.9265242545,25533.2902289877,24519.3499596773,13273.7957403028,22410.2608744533,26533.850630483,51489.1528004089,46956.3313577998,625.854187204895,570.766110151073,819.302337957145,25831.494554965,10622.4121712104,13177.0657355706,13940.197697372,20750.9700353769,19144.0822536264
"GlcCer(d18:0/26:0)+H",584.56835320965,132.144187587943,6365.15132757322,1307.23802893181,6124.02223717824,59.4894935592209,11067.768934643,4841.65938893976,20025.903529733,10877.0453539187,9610.9427038957,11828.3366583832,2417.12853417687,2294.58267074508,1882.71865875791,2362.9899775806,438.060338843059,2477.1342620569,4643.32859916052,1165.3283063237,158.085721327525,0.223640095324436,2086.31541093834,2423.73568575417
"GlcCer(d18:0/26:1)+H",11727.3806640138,8839.07804224591,17077.1690233119,45438.7707200381,18488.9930735244,35666.6900271735,23874.7965862507,28508.1386872225,22296.1404709836,7962.81145323488,37560.3737929075,34229.1932305363,124.13497262753,1293.36229858199,4798.25482526462,12321.8349861817,6844.45391112562,11374.984929406,4006.9203773125,1631.20143121115,4228.87972389522,15.3473926034238,1882.33025044616,283.843574684285
"GlcCer(d18:1/16:0)+H",14676.8487335318,13331.6789839795,17940.3351109729,34015.783161437,34670.4916454973,39519.6521017178,232.646694569756,526.97916326547,7136.70589242863,16791.9884547247,26122.4282786745,23980.8252247825,643.269288314489,1055.29814742818,1239.23340829859,5643.26953389217,16300.6798052714,6514.86093505446,2625.56290898129,379.886823025935,1241.83494408796,261.668649505413,1587.29451102888,2459.06001880444
"GlcCer(d18:1/18:0)+H",1.16859730275234,9.99143882899172,311.23208014566,21564.519854066,14229.9856435759,39524.2819652706,18293.7101959619,19831.1826419788,24714.8065343463,154.169440554354,1040.40198808679,94.713604019595,1025.16113647657,49.6891810431042,2310.12859803426,4853.28595910441,4435.83892135101,5072.50136506396,22663.4777528856,28672.0891352885,17626.7010224287,6938.83497424798,6453.96432598956,9019.83987312332
"GlcCer(d18:1/18:1)+H",332.163347224133,10.3627695375586,5526.24674969771,31734.244415334,26728.0032304069,24486.4430730541,958.317181652855,86.7814936117362,653.280774772099,449.891756185145,2191.5972311521,872.80312288041,5678.78441448896,1101.82584825933,231.087732193098,13299.6647092406,5356.96838361123,11045.9357270969,2229.81702220592,867.616228014905,69.899963507511,10594.4592709816,8785.91349320009,10541.7336769083
"GlcCer(d18:1/20:0)+H",695.798086873723,4416.85183167856,266.357113538246,7375.75831026478,5268.61671219371,70.9148970085902,12291.9752544743,11345.881236376,20559.1950793705,10698.1522346691,13835.395803858,8898.11089620423,9845.04571080912,7378.9738758187,15419.2766606865,375.515077820136,985.947392169631,221.00838277381,9265.39836907263,8635.76737885213,9369.3194590694,4929.6702890117,6301.37832631556,4566.29661245762
"GlcCer(d18:1/20:1)+H",0.231746493666535,117.391557554285,82.2381077213888,2534.37732190146,109.046470907244,1032.3786447878,33584.3374231352,27797.1829116502,45602.1345945878,24.3007456921159,1743.47920152739,1575.32994050782,17567.9332021576,15655.2341863943,24553.1012405428,10896.5648789537,9539.93699877093,21494.9070766701,28923.9612004261,29346.046677621,30928.0902709623,483.10981616571,2406.80326493411,691.896774058978
"GlcCer(d18:1/22:0)+H",955.81200328508,1.77975749588587,1197.53359169895,24301.125792184,9753.95615294249,18559.9011788957,28681.692848406,26367.8971628845,23319.4561710801,1937.66517933003,11.2830893618292,822.805254458195,4144.68192758449,656.102700459794,18.815923859057,974.396065401267,781.026214771823,321.173977680396,6084.2307450271,420.435269275459,412.638180681217,544.944890454805,582.967367012344,227.997056375857
"GlcCer(d18:1/22:1)+H",62.538027641525,109.835906042417,2001.8760586982,64.1669691450148,14.3231585289271,335.982146278767,1507.85300841289,7123.16584107786,756.20045384619,22424.2855355577,21111.3900686188,25043.0763999295,4151.73028542064,1569.2181791071,65.7761980471308,12612.5548542854,5992.71306573371,11028.7654567826,125.370856977103,841.492536817302,24.5019835507105,11449.7832090542,14843.4068116313,10382.9421407208
"GlcCer(d18:1/24:0)+H",19465.8325362102,12329.7683606294,20219.9148255398,3542.77732447418,3384.7573621636,6117.65197188132,34.7567384387499,393.668699107427,147.208378730231,15102.6429612456,18552.7075862403,18297.8816502169,31860.5910978105,24703.5196085411,19653.5275108415,21078.6121551609,13596.6208780179,20604.0827461597,53.987931783115,205.513269261923,22.5192061287594,78.9199240235918,47.9160009590073,252.454938076214
"GlcCer(d18:1/24:1)+H",22207.1108572502,18149.8157102475,30451.5138000751,24923.1575393655,18656.2422859116,33523.9164259968,24367.3967405242,48458.7857710724,27970.5010988903,7936.02321234135,14013.0675804313,15260.9680957053,1699.21253775446,743.02706631811,341.058285114017,8588.03237688633,4022.91459921894,7474.67819139013,32830.4671122936,30305.5237114515,28832.4494672891,27.4607805705175,742.546572135558,2049.74266983442
"GlcCer(d18:1/26:0)+H",2198.9950662418,379.397282536842,5765.43128773643,56212.7841586805,37083.0814073287,50934.7507082291,41.5355993221923,221.171166113072,77.7522712888466,5.72647746810441,90.7692825058124,917.140804383069,133.049755638183,4057.3611059513,4851.12525493658,2487.88737659092,749.560213587565,1745.09684073416,4222.01731325666,1499.29506613848,1669.54601560976,711.608176768035,311.758408708847,1114.25785588667
"GlcCer(d18:1/26:1)+H",19417.0995553376,18893.2903484126,22586.9520202953,6576.48784317891,12.5877535872098,1327.84124945769,26391.503794445,24683.5378492013,24648.3922228648,22132.1135422119,19915.9195944754,27544.2212153247,146.176004021972,5357.58208915277,1767.12368043704,1557.81032207321,393.805689912521,103.687022100293,2097.3069767279,1203.34833345544,1044.44889022799,300.149726416406,70.8938634075464,2120.99100074637
"LacCer(d18:0/18:0)+H",126.429271841894,299.596314288274,1515.98318463381,2812.97029617597,1090.68345473449,5518.11322825916,59854.0560429536,192533.11484579,146043.880758499,729.709937168778,36.0025904057621,863.473219442175,2919.38776348368,360.172077669051,137.564990107541,1672.54675395027,1415.54326197242,90.0270573215249,235342.93398236,123756.792991921,11471.6911301613,12305.2946101636,12657.4686190062,14694.9692608864
"LacCer(d18:0/20:0)+H",18743.3807642403,35689.2915335961,24914.9125358323,133504.404758915,63984.3302777763,63098.3903798621,26392.2126753707,56657.4933969799,48058.8978327631,36877.521936967,47975.0450465835,47903.8118834175,81324.2693791633,82840.5363401728,99292.9150671131,48863.0809123514,24318.3365697015,43395.4250581177,112488.359697789,87908.1508168772,104908.851984577,14.2447633756779,641.595969663143,1708.45512266956
"LacCer(d18:0/22:0)+H",167363.272948368,118348.232152379,182087.46288668,6335.75214725446,2742.56189479778,533.493632230548,245841.294224923,159553.75303609,12998.37533324,68767.6826272627,159582.060663675,14148.5385594948,177587.848357666,179807.67027447,35132.3286952977,52301.1316000854,55485.2623482985,25014.8803865832,147647.837863341,231440.14190671,198284.007870251,47803.8724475924,44347.9663168316,8750.33886171856
"LacCer(d18:0/24:0)+H",29404.9836584551,31333.3221132268,30570.1907984288,20529.5900470495,26272.9728160889,41944.068163862,38262.5285498265,55582.0740710092,54308.3846173548,27234.778880887,25835.1474898438,17544.5271552031,53974.1345452581,73066.6312633501,76665.2800583266,14825.9675594596,30733.842175964,27333.6789275983,77.3223594963961,6654.18970305976,3030.3150748927,387.726579908888,212.122284096111,3788.00385554941
"LacCer(d18:0/24:1)+H",129452.717545733,193128.792596688,208686.479153827,271843.13377637,211486.374578258,264039.172727694,241826.410944931,228995.521888938,272483.389778102,153881.668128501,180595.946003653,189960.39337379,248766.802505197,208851.565162107,277212.195396697,91024.7717643414,103186.594357559,115951.015911998,3405.95242543668,319.09058642035,4078.92482316863,97647.2548412174,140549.229273325,131520.331183615
"LacCer(d18:0/26:0)+H",0.0446899251323776,3980.54311901354,423.591213918546,81957.5273792763,62607.9861436021,49085.896006617,42086.5903832968,48002.4497059218,41909.4093069644,33894.6777917127,61812.6048371927,24720.4803077448,9025.98053102901,55351.7289552926,38494.838519933,58211.511299091,18634.2690771185,26003.5701079417,1242.92409036899,615.305937239294,297.259647248966,37836.3283906005,33562.1911377665,35066.5159106215
"LacCer(d18:0/26:1)+H",44608.9240414262,29532.2873497147,15345.1369359875,47136.3753528029,30162.745398181,15345.6029760892,6138.35269605327,467.61003913006,1558.68643018408,24495.2740789585,19468.787555756,10902.0492316439,42481.0060527803,28510.2652730479,15662.192709717,749.79007841335,997.317923116892,1821.98446489252,17854.7092221076,25748.4414820383,10587.3548325392,19431.4472357458,23404.3356797687,19538.1219088809
"LacCer(d18:1/14:0)+H",4099.0815481109,2219.50550771915,163.825412586265,110.770643859854,3016.1674947547,143.688868917295,10.6899367664236,1.9424189075909,310.54319452978,19002.5235593798,26006.4433811638,22249.5489561797,19602.3302816033,41059.6717624183,73664.8528144762,676.125458584648,386.901345389314,1013.65463695746,42171.2201412513,41797.6412118199,43028.1228983226,752.374553480819,2382.09815097967,72.4720476565998
"LacCer(d18:1/16:0)+H",3983.0303929235,2404.14388706733,1073.82183409799,253.185664928336,1690.69031509511,3970.19979636001,255.349344972107,5690.50877099328,817.258069655833,265.408885194617,1686.77155277261,235.161706250719,20386.3068699368,26743.0986532452,28448.2149206013,862.705160262415,149.363365502449,89.9496781722296,35146.3723095489,44703.7124839079,41776.6355596467,11491.8299707765,17706.8463031833,11993.6344037305
"LacCer(d18:1/18:0)+H",1852.88775290889,18.5518888543924,965.258269392288,200.596763976882,1389.47481812407,105.514583755865,61.0307560209963,2.85280968022622,1145.30756060698,18578.7937024273,46116.7825103846,35258.4774877442,40428.1535529232,45388.1768276323,45358.0170148315,1669.85870841143,461.720397640939,1505.91728207044,38006.5541944451,41876.762062773,45898.0633580386,1992.19175008711,295.834012175018,138.892401180667
"LacCer(d18:1/18:1)+H",256.458361135681,867.819013681869,104.575927162795,67169.6085991343,43240.1221639247,22436.3997469115,4016.01596281955,405.28031032598,1054.4580482884,19154.0396288323,31912.4311355654,17453.637015964,44993.1171642424,24412.1329583037,42184.506445389,31829.8970412042,19912.6036580092,16817.2905932944,44535.3510400534,44761.2128070335,46732.6520495847,3012.02944739613,44.7062017765734,275.134173951763
"LacCer(d18:1/20:0)+H",17953.5033299726,16592.0742752511,22214.6008749089,16980.069378826,16711.9480535527,18415.9829311471,36044.8251120211,32361.5960592592,17915.4593525055,2264.75351295853,81.3014880191543,1129.79713118939,18606.8093792617,34557.5165245988,32005.9247620012,372.986993129315,140.010540749655,45.1949605950606,25596.6772494219,28368.440866132,24099.4320758093,8332.35604117938,13174.0528114342,10886.6457770016
"LacCer(d18:1/20:1)+H",1930.14440568996,49.2320169645381,4.90236433890186,13572.5546370454,35358.3072129039,26850.126632404,38413.1583911733,29304.1577567273,23343.8536039884,240.984656230434,2301.3943076257,52.7792969851241,4456.47465867522,6538.57851638686,2.30211196958557,1598.78012090246,1084.09779554972,167.015735271572,492.534586642072,43.8083238226627,2991.82515954933,150.038639479651,1267.03325237424,824.172603048181
"LacCer(d18:1/22:0)+H",1132.37563935413,171.876322407267,148.013847098055,1960.61163975157,23.4583181748162,31.927018396679,76.7926776032228,1503.58608373918,1350.91210823944,19943.6725788728,24680.0434082287,14839.2433619308,44626.1290302578,31193.6052996879,45995.5227186315,13940.2793775018,17449.8629005977,5982.96506561661,43730.3857542329,38157.9247760713,33791.8550766739,20228.4712966643,20485.5933918102,13471.2529076879
"LacCer(d18:1/22:1)+H",95704.5395756285,31119.6354479269,79710.6131837626,33168.3370824474,43667.5633937904,42060.9912989521,126340.536343962,11485.2823968861,22301.2317997766,2086.99257294367,923.974945050552,1856.64440700075,136651.778721675,94737.6844235759,15287.2924606666,13437.850455724,38479.7517944325,13047.0303448354,118427.271382871,51068.688941503,26987.40308526,28520.8117196077,56113.6563692357,10216.6047457569
"LacCer(d18:1/24:0)+H",25026.2236273974,11592.25245115,23151.0426508189,31898.6086822962,32647.3412932379,42449.6106935124,22977.6932490928,38064.1959841818,35324.6557523114,14630.0058332347,35114.4425022835,27156.0007319383,47483.4463078652,49147.1840209253,32072.5075760424,11403.5088338513,20924.0481347549,19376.9829639569,45771.8643909469,63682.6148920191,57258.9986303894,8794.39350649136,3632.6212264796,14701.1619912325
"LacCer(d18:1/24:1)+H",109.639272787869,71.328517554133,1199.72740845624,47838.8672914094,52760.7816231759,55031.7566735172,28722.2375424643,39921.211109278,20314.2275015384,30039.2250705777,41924.6688261296,34347.2896188896,40885.7627884578,30905.6612616444,43525.2353205982,1191.32792735508,268.165270662684,1141.70181113402,1206.57816781596,85.7496436440563,5287.67070359133,9499.16863788686,7296.24776281851,13999.8481192729
"LacCer(d18:1/26:0)+H",18769.7692401999,14538.6153255963,15723.8783755538,27305.4249659531,28628.7928889368,27701.8039390457,52990.1186183417,48669.8391263501,20698.1830888292,7255.12052005957,38595.7142666378,37662.9869311987,52382.9146497569,46884.8603052215,60102.9682690411,17521.4701493714,10653.6154375972,5306.02375999547,57552.1128025213,57558.0136528934,26299.1830549895,13895.1974509175,17936.0269177531,5713.76575005324
"LacCer(d18:1/26:1)+H",38133.1796089946,34686.0450208951,12261.8470681141,1852.70188062758,362.793931264594,5935.10027096786,48355.1832268454,61313.4624965906,41022.1059531263,22862.1483987558,40963.0691974442,18086.3536375104,33360.3383598878,43092.5509604082,41863.3833557272,25501.8835900102,16964.6477414056,11261.9426062737,21984.5446022044,56394.9424025448,35949.5266298932,19507.3011345122,11900.1080318887,16913.1014064611
"SM(d18:1/14:0)+H",4596.85263376266,187.57089129703,1255.87420970596,409.036347646795,861.746987913976,1571.04633224719,260.217511843599,1775.2998584426,135.751345853616,85.8259561682995,4238.81721565261,217.094777019856,2280.76612871671,1318.91181550281,149.984077496619,15268.564408665,23105.0176897861,10746.7783794091,477.789991723135,4065.75508696734,1078.90752689319,21032.3920706032,36179.0952727448,9507.3453052918
"SM(d18:1/16:0)+H",27300.7399543349,22386.5306646852,26183.0400774348,354487.264122951,115754.967452887,256118.091559269,127048.758666757,116801.34263443,141126.341903763,74122.2747781834,88730.6120262872,25212.7330389914,129879.88546128,251660.641230778,19710.846968448,1.91151099286041,318.794159622861,2274.93541357729,176769.833893474,58159.6421429929,123104.908760899,34362.0393588864,56772.2252050393,18039.8059768519
"SM(d18:1/18:0)+H",88435.2940998146,130488.848567661,141597.542422994,241750.267848145,432244.359686579,48205.9894731371,73241.6409388875,84732.5526883359,71549.6138179869,99515.2457533792,220012.599041472,31547.2400253586,122063.250578726,71043.7256670105,19106.6950575305,47698.704333462,40651.1769853002,8384.91029095346,1117.50857489094,54.4661993510623,4377.49948406074,50637.0056603,127842.628719201,97693.1508115113
"SM(d18:1/18:1)+H",15530.0531363589,8044.09150174176,27504.6167454366,6.3296849551756,72.6550346907576,1668.90881271639,45752.9366933586,41241.1119105714,42471.5074682087,20893.1406649131,35073.1081329224,17894.7846894505,3313.19890791581,0.127191710149749,3205.80785918422,13608.1686963555,14771.7985347377,19886.0932371204,5954.24875671218,476.987404729013,7593.50941645935,371.281449088114,564.730514325328,393.413732243404
"SM(d18:1/20:0)+H",0.329107613626513,842.714285696896,105.86950160134,1352.06414967395,51.6917098117336,41.1663379752624,85.8297792755494,7.46816109282162,1210.97036303899,1202758.78618771,1932065.51991114,1748591.12394215,560.437764295897,7255.12052005957,2034.13043380871,745870.539025834,568911.808435008,14430.0876855989,1394810.31265082,486369.231025384,985698.779632012,856500.561428875,477774.068314569,41329.1457607285
"SM(d18:1/20:1)+H",24360.3067576205,27081.2571575979,23825.0619575795,198172.65687308,173660.061390952,203223.300820208,191580.621506061,87032.8209245498,161260.401435066,145895.153914995,126216.596786051,29023.2009017745,98524.8962989451,62387.9561449837,27431.955820025,40045.9209054866,32472.6775612254,4457.93537499437,1134.95006006595,1938.13869379909,189.85746170457,86458.0125158304,49397.2387004338,76179.3845363977
"SM(d18:1/22:0)+H",2809.60263892989,451.559226525683,2273.96951969014,1722274.23735358,863356.314223644,34421.884734625,298.605174301358,2953.64896694705,350.879080479636,1382.88099543201,31.7820407721163,5282.78477243413,328221.392707117,332861.210998486,86047.3761611615,251168.361136915,471813.558887491,16578.3975422847,178.009253285889,442.585977469657,3462.85436222217,1137600.6202068,946575.324966482,24485.7205859129
"SM(d18:1/22:1)+H",107833.010719243,170450.266027607,37914.6663269435,2855352.48902928,1426661.53312893,46720.4098532724,174.935029237722,88.8972470704569,2097.5374335277,3503.40824404078,123.271893840899,239.116887819356,982061.076439202,1988263.25831141,47395.9716530093,218.651909819346,1394.36624622355,2792.04217025398,14.5975273390105,1365.44046521867,7008.35512808425,3024.22036812413,2301.48785155189,37.3085272510411
"SM(d18:1/24:0)+H",1364447.49138358,1046187.17213113,22623.008520205,5948036.02994416,4033747.51434927,22783.2575574881,2422589.47795989,2219120.80822429,27560.1366279389,2712418.78626957,1955092.5979585,2725803.87022238,2538497.27234454,3211204.7615332,25120.8178214799,2203439.38166349,1495070.82775443,7370.32264240043,2518743.85423651,2258297.95305736,2500384.7492485,2631629.70048385,2582183.9805773,14141.2544051005
"SM(d18:1/26:0)+H",61080.522905336,36853.825934529,14463.3014398689,5591.56650327608,978.479645459482,4810.38719420961,124068.418854618,43523.3047537504,27022.7898245067,42800.0624839987,42269.7470551418,18495.3643091942,62434.6414439734,56404.142985933,71947.1464379513,47793.789402996,27164.5017721577,8525.18564382132,49211.1548844091,68116.6591803807,35727.6022970682,33043.1225704668,27648.7963751835,18777.8184187491
"SM(d18:1/26:1)+H",58220.0835547494,38646.0279741423,61656.9328703057,156306.901971092,140225.952945861,22445.104180588,116502.94736158,144673.809342997,17951.4795818114,82415.5916638414,29667.2160960759,67748.8377436131,38642.1322884396,109700.588123746,89047.8036076342,43421.1783443079,33851.257433418,18457.6923367067,32354.1828535843,59926.3764913841,48258.42830001,79347.4449633473,48111.1097130975,12091.2528507402
"ACar 4:0",379483.196629674,297467.514366801,3258.61163710263,651623.425824399,506361.948362304,8180.44653141129,665537.304328812,301768.553659502,5282.23138602147,281730.498775783,311271.363645975,2063.34985277679,618595.064328243,714585.820612194,11777.0565954861,184025.169339327,156321.393296979,2306.57504744419,777816.214443877,446612.983439488,11303.4487714384,162240.837337572,181691.761251472,190708.453711576
"ACar 5:0",272769.428689835,250961.135503073,13161.7086905531,344337.923512946,253621.800075749,6273.76068787618,560201.913386258,729116.903999467,746147.038043906,167028.586432916,143390.793926203,4506.99882739421,1003197.91115891,1100870.40043154,4122.69118820782,199496.106683518,173919.587802996,3379.2317551244,1481247.96622233,967209.822927094,15559.4442413174,205875.668655666,172415.195760405,5496.47883105529
"ACar 6:2",4972.75583075077,6278.85157872752,7255.12052005957,5824.19140691913,4285.29411197298,5834.90959982664,2969.89172616368,3246.61502825161,5179.55900619119,2710.49633804568,6262.8512378217,3504.67182650052,3893.90031514177,7431.99882705306,6817.04745899561,2053.77613986353,2528.00383543944,2360.05625162542,3912.84485295711,398.171697699363,1434.77683110302,2453.60012084178,2084.35802476524,3401.72098942581
"ACar 6:1",3205.47263325806,2772.39260963919,3606.74420430863,13511.8742716857,3753.03822617756,4691.12041277442,3106.92994443182,2666.83657025463,4044.88844233227,4373.52110398215,3707.13466349165,7430.58863782145,4548.70902407037,4636.0362767037,5446.70621096258,2181.73249223279,2000.62175211801,2688.84373179224,5204.29860130808,5091.71755305457,5605.80867121505,429.284371682728,716.955407612005,3831.21791428207
"ACar 6:0",3779.30805527891,7070.33253072686,5166.78733168816,5056.84939162045,4323.86039863802,6208.31449500923,5549.95325457219,18049.7784965876,3567.7688503696,4540.21626449639,3260.34592590282,8858.73528059631,3940.96099205281,5185.81306429267,3515.16668083335,2115.56439168614,2596.28203730038,1811.06142129723,5702.07565356195,20669.1833018742,13781.6378060769,146.610186920454,3359.31622246923,1884.83218841811
"ACar 7:0",4527.68023737299,3001.87092297342,4792.57605851187,5691.36543381097,4509.920425449,3766.32177217947,7545.723198208,4550.4423080401,6036.09194023152,6988.50266834538,2151.41785784816,5560.19430336714,9163.27673601395,7673.68289315195,7006.78326482436,3371.60606703543,1406.27601333042,3272.80408719544,6211.81537823546,4004.76372901024,1844.32599784024,4434.49006800201,3802.22204217706,3065.63606828432
"ACar 8:2",4822.00915965647,4045.8437926281,6472.16630564264,5.51979535649244,98.5070134390267,438.397040852599,11044.9884935402,4699.38733380318,5747.11618446714,6479.05391397832,8361.63451761332,8161.3971137277,9026.23502226449,10305.3141604598,9922.53306362977,2257.51146310441,2609.30530140967,3684.16772821101,15063.4068540333,6421.38977499043,9363.09608731062,3168.18128684803,2659.230435315,4126.17212995637
"ACar 8:1",5244.0675229093,4985.09411410578,4079.0568708388,7735.18441387917,7487.69009415784,4293.91823976023,6684.32774595537,7723.47681488216,9765.43062433325,8814.70246200628,3825.92631638167,9260.92122823106,4100.77329181085,5692.55959213433,6117.85042800755,970.001049268897,1386.66408844329,2227.1987634204,13719.3783977046,20596.0361140771,7288.2767108882,6268.64586444129,2852.00247067315,1592.17688209951
"ACar 8:0",10639.7512283938,6681.63990959517,6742.14796646696,12791.100306735,17792.6656397019,16745.4846345051,19888.160369626,20141.7312337668,7673.7414902481,11300.1437730584,12658.9184374132,6298.45879998269,8763.25807059761,9093.00124083552,10798.5254531196,12985.5773474737,14429.3995256583,3242.08948569904,16278.9129624473,29016.9105742387,4602.76035077343,7536.17794886213,9698.38968328849,7954.88650848996
"ACar 9:1",10120.1360091669,7829.90988215969,8437.65775784876,11697.1320879423,14120.2005331428,9821.01921164207,1427.6393668209,4085.9009739662,2696.9540206476,7773.3815405729,2576.24791991464,2307.22178985421,11226.8945009773,5732.60597188332,12411.328401832,3121.65361657299,2271.19898161433,1850.66469078514,117.741586933448,1780.96119320763,625.641501306402,4300.41490255805,5240.66402361764,2504.30716934375
"ACar 9:0",10068.2024922694,4686.18348397313,17903.8165492949,24888.9622035546,33623.3805592458,9750.62128873792,53538.866572356,49827.0047071549,7443.64754611996,14.3545336613678,3552.88279778091,1266.08516232665,13048.7962280554,15863.7456690761,7320.02930631646,38155.1108349295,31524.0484352919,41489.0085599129,33430.8583592383,43382.0749907254,40186.6393885503,12502.2774208259,14602.8885041385,2977.53981894834
"ACar 10:2",2775.47610974151,8669.20465839308,7214.8614924304,3201.04647693709,9986.76792851797,3092.90151761995,7242.93785807883,5006.1953838174,7089.36930877091,5388.92832188274,9333.31168795306,4324.64477954412,5543.29576215938,6599.9646044531,8900.12613032178,2242.0544035794,1839.93220067785,2086.26060359855,8575.18739308501,10443.3147004485,3076.43718007698,3116.15598510041,5294.39690575586,1389.58936815689
"ACar 10:1",4433.63127827305,4919.64796089618,7682.36678982331,5176.90233250196,4535.98005473588,6235.04488939235,2334.59583199554,7925.57607115318,8212.91163978362,2267.05820773468,10245.5104745486,12444.6357652017,1711.34341769762,424.238231935062,755.457128994693,1915.53585477702,4490.36121506674,3615.93081614855,7890.47128768697,17182.4032422522,7240.18153740851,2254.41460187462,2268.93339922174,2512.74374487472
"ACar 10:0",47311.7179367009,36116.2510827837,6318.39680442269,15857.3114889936,22466.2336089744,17177.6217087144,63169.693933819,67478.6172789099,75610.1016373699,14171.4580010457,76323.0413754394,47750.7832579146,186021.979458729,170979.214061909,9197.05330148944,7878.28406587674,21972.0647595777,8286.28601888776,81111.7528857907,86347.6161914473,87632.2246306129,35004.4261317599,30456.5051861331,4119.89533028952
"ACar 11:1",3655.60332113404,560.954162987861,3730.51638407159,14002.4300692445,8435.01645445708,9638.25796771657,4572.24967076679,9372.91638450423,11984.0447586851,6885.30010424353,8582.19812089556,8753.86045033335,12672.7611237886,8333.95449150258,4264.87389397047,2580.62696178982,2843.70628652666,2398.31669627315,93.2890867398738,5934.67398875277,990.905283854702,3276.9033696156,4226.01539157396,4119.12430269812
"ACar 11:0",4918.75932915625,3638.74998103566,3663.21387980482,246.902331141615,41.4871974201625,758.451706619319,8947.42632431111,4619.95304314694,7387.17109117479,9868.51613421396,11566.7115585144,12174.6583616876,7752.97853821664,5293.611713091,12323.7027638494,3426.45914765497,2019.84220242413,3233.84590835315,7964.54240093644,9230.72768031089,7077.13910250433,2893.58327684032,3026.41599569436,3061.4698600907
"ACar 12:3",9497.70992778274,9274.50601735279,12041.8664063349,6120.55249029224,6743.16997720969,9811.35208492495,9438.92537347634,9770.53381046507,11838.196412469,8623.26837932597,14920.6897607453,13078.3134512604,7894.84164728194,11029.0073989376,7169.87631484492,8338.76924053794,5462.71851002778,3477.50219195697,7572.79169603416,3179.95221450842,12572.4106700762,5344.21082686029,7047.88561194879,4717.80457197893
"ACar 12:2",4168.93123648145,3641.38917929092,367.150125082689,285.996827016003,693.049644340123,18.8656948184046,1562.0043112209,6.44886653442462,1657.30837603837,5278.20616249109,5112.33190146383,6660.76140496667,1718.02143678653,5.52561864494418,2.56003770842427,2980.49168457244,3767.59128828879,5646.86918651348,25711.9974893034,14692.3445029561,21159.8877611613,2079.4372149372,131.037108956649,3596.85617060777
"ACar 12:1",2966.31297731125,1952.61006128257,6.14832526247113,15979.252308606,7909.20344129625,18094.6726500312,6035.89940600569,7868.78778162623,4871.32626476883,305.039868653891,150.946828590588,696.415839394781,26889.3960944691,9826.99398092926,22376.0575266343,13282.6980501084,6146.8801008448,3274.01601919676,17919.6670989827,12328.8567797414,8564.26512961109,6149.97245303184,4485.92500870962,4938.49584235106
"ACar 12:0",8012.11856555515,12794.5177143015,13477.9572710396,23685.4185522739,17355.834482509,22415.356236394,11544.8611668366,11635.7959801467,12586.5019605289,0.918656558791042,480.171645252615,86.1240335889741,1023.59386588323,4319.26101590823,309.501576473084,528.898558970135,74.9815789657539,99.6817328521836,48348.5846667987,7088.32941184529,29066.797677415,649.898567554311,1395.48219339952,63.5825526350905
"ACar 13:1",4241.63021131703,12366.4674765938,8725.81312718643,746.000085590439,866.68670569394,677.178721966481,5516.69493616233,3301.77731528298,7071.60944584767,6378.57137649153,5778.63369614466,7008.68216504833,2243.12724357575,568.504086961077,7255.12052005957,4402.53398342996,6188.66480673958,6334.74679764599,32571.1855769409,7341.04748346782,20920.9919529003,6012.33054034584,8010.44472520206,9932.04887042267
"ACar 13:0",36.4315595150618,3796.61218566678,206.266208902035,24614.581916014,31581.2042458981,42910.5300787907,29.652445822862,156.531809127449,43.0370965134708,2044.94809701294,359.467703457126,62.9090209270263,20.5192757820759,1080.40589392978,12.5534760085129,12467.4484584065,16426.6300886102,9306.68121608503,0.6577740299373,137.225978964666,501.23039455711,12526.7212481461,15457.2916735129,18783.7435896884
"ACar 14:3",2099.88067593543,66.3413601436543,872.727920818892,6785.04816073832,13757.957378112,11229.0588802113,9295.95468231117,10113.0258590477,8359.64903715257,9535.33104357098,5078.0228830709,7781.91861406844,11657.3509087971,11308.421171613,5216.66567003106,1706.08701753343,5421.65516062212,4133.82537966872,4088.52522653935,18989.2185135096,10325.3580877666,2912.67644161918,3861.26987170854,9186.00578785247
"ACar 14:2",14610.3270511849,6743.63863611164,4565.62518329725,7655.31796872205,8849.48576566195,5648.90927305508,6264.21517564512,6563.31483532912,6546.0568738651,4667.96402860615,8659.55361862041,7679.87652687155,31.9638470241971,4970.66405730489,3029.95744597383,1713.83520639147,2005.84248054857,3790.09538731642,32699.6477177833,10290.6068890559,5170.38877652977,4775.29419705206,9470.27218209964,5911.0465073638
"ACar 14:1",16747.4218865836,6309.53564156103,4011.99075430422,8848.24909340928,11919.3527017337,7260.43720915195,9921.26930489325,16674.2141740576,15390.6527253196,9993.71656065408,4728.89856345691,5234.9589994098,9394.63912264947,15174.6692506087,14806.6080331624,5254.37095396515,4468.15001503194,6900.32670783059,33587.0672597213,6611.62789229017,9866.55022273376,5265.98010633588,5258.17487372891,5847.01237005057
"ACar 14:0",14335.3798303768,9304.44341047205,14211.9132178477,2899.78172918018,4750.85429843057,1241.25779293488,11775.4393109366,15740.3539732641,15923.7204507661,11207.2226286466,11427.5047057056,8834.04796301037,22009.7122200587,36992.7000170282,35546.914663299,1950.80315787612,1185.62001307246,146.426306325456,6833.67281706795,10568.9971645305,13271.6634646776,6788.79063355723,9855.16149284947,13352.4967193912
"ACar 15:3",540.434093892403,2393.91262581124,81.1770884187942,2829.84178194066,4836.42471988674,1580.68028450885,7533.49424171509,11652.9187397142,11103.1883341588,9058.83735172684,11174.362356513,9555.38182339274,3601.40628305081,190.082843836301,90.2086205300773,2703.88249759757,120.897914764692,48.6345887776535,26430.3418283028,18718.6212260248,28978.2549635486,3.93330670775657,60.6440411498213,331.925050452295
"ACar 15:2",2230.89470831112,175.506465535888,169.147524239991,3069.29928547592,6816.58152227302,267.594433609983,12251.3785037999,13216.3715903467,13075.8880489229,1175.74744178324,806.096092333041,150.314006086172,7387.1927183558,6068.20231884395,3989.35780818483,1683.41200997485,37.5333912778948,79.7568596950332,1463.61306719267,1856.54894090659,45.3019942976457,7602.97119794063,6068.56960810526,4289.37478004565
"ACar 15:1",1848.54319467409,487.254303290167,6398.39354207045,5445.56583214238,818.092565777777,60.5305562993585,307.264489177992,2099.26348122851,1183.44390015617,819.979861237469,396.536024682678,29.462544466001,123.851494011845,6929.26429499805,5355.1398102209,380.676157342523,347.652807429218,1019.38513815632,22431.2649372553,34438.3081529488,48374.2942171265,1678.13183565471,1698.75929525486,2984.90682342582
"ACar 15:0",18459.5047576305,9026.54547076636,33407.3159702067,2994.89575756789,38.9019188389004,50.2347857337439,3537.80904901827,347.781182942895,2285.16239949495,77.9802274681021,862.291351928396,12.6176876440682,13997.812697921,39265.3129521726,31975.404622464,2629.49670973253,309.674557843063,766.292490209016,774.169902271176,31.0180421724923,775.568143456459,1849.26011021468,160.468591886482,2032.45544417959
"ACar 16:5",5205.40275234025,10641.0773433787,10311.6380023079,502.350636488271,5707.32168563745,6768.64139170069,10542.8933996231,4130.20041026681,6053.11223683066,6863.61653845916,6828.41589647026,10636.7318330241,4808.52654090922,3163.23936719666,2754.46458769323,4645.18878577174,4854.37147736475,5003.32261298662,2653.30645508755,175.643966358553,1019.73887705014,7805.76836251703,16155.5283455496,4246.02775126015
"ACar 16:4",22218.5320811048,9381.28264348746,5386.53054538283,16770.8444160645,26571.079356774,23742.5660239019,19388.3348465992,18037.7381466434,24023.1236803451,4773.38485703447,5970.3387010052,6079.21772223164,7259.16423474345,3646.21363409649,0.576660625475696,10901.2811682944,9956.42483422153,3188.31960166478,2.586504844026,445.529082522466,5445.53534086506,1487.25647086463,2224.47151741278,1281.60102116726
"ACar 16:3",197.59695252928,3665.84290925852,638.006589703279,3243.69076031577,768.676093217174,3978.60929210618,4474.75485433573,4083.48894683212,340.599294675319,393.051024397783,3117.90823921139,4850.76244927762,15316.7307354375,18594.9320912001,15518.9661400522,224.115419637128,1473.91846197016,576.921499075959,73969.1151253019,48107.5232098752,22837.9778979023,265.962205653643,1151.819245525,27.9207276411173
"ACar 16:2",183530.035773533,84940.4902455836,169730.697273739,97009.8947610471,230684.511927098,179765.31771087,196570.098517693,173045.824287531,213913.624287677,41677.1936939719,146499.241024095,100914.088375329,309322.990351277,124069.278510661,35179.5010214695,50653.7112464014,89281.9893307464,5634.33820497225,115945.802194497,339058.72844991,237831.769663763,63240.0603878299,38094.2570406071,5792.02519136972
"ACar 16:1",1742.86283369311,17.5546362709289,609.455916234111,35.3680330202607,3679.88625895127,61.0873495196567,1932.59007492378,7255.12052005957,1664.51744213139,55.2289280738102,2487.75231037175,229.136847715994,0.709777738472349,36.3482623491355,3356.62847215925,5277.99064538263,6134.58439233448,6815.1531155671,1111.39380566443,495.208126078436,554.098940564159,5837.61764722697,9067.67603669931,8219.62332443349
"ACar 17:3",242.12637649177,1603.48808836227,147.460311946438,90.1335758245659,1690.10435265698,160.767017298484,28440.8439892614,18989.3255537993,11018.2024635445,1210.97043077635,1585.17163409182,2762.09622454381,24529.6281287783,20452.1034909344,35957.6725605189,520.703106055046,1432.52358858617,14.4158839619223,8924.7255655521,12937.3304086678,11436.1416581522,40.2485276518576,117.89661155059,207.463154080488
"ACar 17:1",2225.83989622482,1508.91516230873,264.583534957716,2885.61063526254,430.829294350078,4076.05028515343,221.479933139934,392.023624821026,6351.84897240054,31412.5123001868,26607.3558489333,13766.2664330893,535.337114499607,770.407253766826,1540.43413257337,386.680933973274,149.968644392038,562.849054828142,4386.32311993789,1327.72069652352,584.652536298021,80.8210799222122,2271.94787603166,543.853427352957
"ACar 17:0",370.627381232474,27.9033417907856,4762.22738770242,33.6268680236545,810.225592638044,56.4193863194718,24588.0266368372,14716.4126720207,22748.4695947315,2047.00475885857,713.398549026092,3483.90699763384,1144.20667210013,5834.86711927062,268.988662334483,161.743809459543,52.628492890211,1195.01458445599,28.3983199593671,4065.98924875434,2952.64633369578,175.242980816799,1668.69005433916,2279.36973904161
"ACar 18:5",10531.5300614778,16916.6887433438,17782.1741902778,1485.48917323159,71.2575920040016,3382.21656248017,1304.99141861291,4927.72976519392,88.5566865552869,10223.8511844918,10957.330435597,15047.441573841,94.7630656410414,532.417652964133,1586.90137159377,2327.06367114183,474.933812829842,97.1367454314835,2212.3792019736,644.613341040003,1928.67992158445,219.821420378732,876.511221210856,1840.38928017839
"ACar 18:3",2199.01008808065,375.691016521187,355.754846050987,1526.44657698284,180.984759632947,84.1992467303036,136.893968054926,2354.42009234298,1039.29967367259,19193.8331565263,22066.9659105485,20189.9486622808,3933.66106383663,3052.70869126719,2111.60576772987,19.177772201575,1095.94486373902,257.404543428055,2004.53463834112,39.6060418586254,5443.22266869698,52.8340348491534,191.956147436889,59.1471523570284
"ACar 18:1",84.6859083384905,1.80484247937636,2875.96427816529,37076.1498264499,22027.13293121,8327.1749858017,1094.82166513597,0.51684669690174,444.009759022676,125.790440363187,1884.46951851276,2744.66784091313,349.183350004103,335.779358195957,1196.30151083868,11307.5353457518,8154.20155256392,6527.1546359627,53618.9377344032,42655.3930215518,32806.95768217,1285.11675243623,420.846201794443,1500.5704406914
"ACar 18:0",5.34539194913379,871.390577239294,6.44395521980063,1826.47813091336,3560.87245902163,392.099463136269,96957.8233016631,75018.5303936269,61357.6000566834,55814.8562583015,52555.6909817449,35163.3950443387,7328.3970954933,24.8908187091818,5922.67552749133,14594.1421179677,29148.8076603981,13264.8555151903,66441.9819268777,33648.9918780765,52425.1848415658,241.301872221513,3362.8459968804,349.865097736152
"ACar 19:5",48.500560715759,4123.24393301711,165.472273477962,4014.8653386769,7192.13004574254,2767.61595228285,8066.92213510168,6257.39217941146,5141.5987496178,60.667605845954,938.682244334287,2068.33785915673,6609.2520233143,17416.0622224554,33342.319721929,2403.80739032125,1468.13346126662,410.759297411301,3956.70820882091,3872.51279157725,6689.34557179217,2749.76458295151,9307.40365266157,10419.6864178942
"ACar 19:4",1476.97547637494,267.835731695658,6397.66932252523,20088.1397255161,15587.8588110907,19489.328501418,6488.41383486442,1484.74192166672,1778.3843225976,4520.85218490734,4608.405762355,3628.02627891081,3054.48630701329,251.501094640868,5128.08570519033,448.526575548877,126.215364947503,740.288610315528,2280.06643343686,209.277466696191,3538.9246753451,26.1942424472934,126.990419135409,607.014353485745
"ACar 19:3",4127.65737921982,135.593189067642,8.48334868975151,46.7892540896734,449.481156752853,2842.4731077303,441.298182649318,195.390928012041,1910.69953653469,1062.75848590217,74.2201795382563,13.0259280592489,1.20569438820669,1963.78395358271,1299.55186111529,21033.7880351477,25100.0031514754,27555.4776532904,6920.54134563675,2545.25140893368,6931.87396952704,12421.203351988,13463.1918602251,14096.6349739641
"ACar 19:2",827.203076361828,771.205943170267,2365.78905855547,33801.5073932514,23773.6495924599,28823.9491756239,937.489527719743,6582.35609213393,7045.88895733758,145.117934973124,33.4891365103076,348.138545077911,287.88894583644,1214.0033403741,3501.75439136704,38.4876217147791,879.743285857312,2006.05405952784,2879.1344684794,1252.59719972703,6440.61524676543,5276.98370925174,6470.90744095813,7825.65478450047
"ACar 19:1",33141.2667436099,24558.6417452974,36807.1559227799,26023.8109077452,17684.9983647898,36983.047402957,4614.06101262559,3059.87022353665,1135.27269953477,89.6929888781934,3072.69730864828,101.494415968167,278.070927890868,2667.10016603496,549.598750518462,991.774128024028,2038.37624880148,1527.54924560169,778.339080839656,3721.30991011366,99.5179534048223,726.924480860006,158.507915182196,276.289991769426
"ACar 19:0",92.2072780450294,323.765658915166,590.801858051924,1486.9147672329,1303.90196651936,67.352774506117,57.0231340452281,7032.31023450389,1407.24003381613,3714.80702879643,2421.15548332112,2890.06254014533,71085.1177245179,233502.784973002,182679.284722958,776.170472394296,1791.72016671008,1088.0665612451,119482.349205077,98538.799785267,114127.8538878,306.737028691642,54.8030004001573,2367.62945071598
"ACar 20:6",769.436079375794,242.589923866689,983.292520126984,6857.28210452022,546.884247410576,4327.56836499381,5064.65474693591,5043.80253908391,1831.82583759983,7379.40703635701,12608.5931640633,6096.4976108761,3896.48801993762,30.137588073094,3163.60571959859,628.32518651679,1425.28777977067,2668.45928394566,100.995336539946,1271.53747100972,3000.44247464835,38.1761598474654,801.458878513115,1604.26378886822
"ACar 20:5",78.1565090568457,4159.19729018891,6195.06870381778,33099.0543756543,9686.15637411897,23295.7735922476,622.782204999546,84.358321376705,123.005785939094,20.2040502436552,326.01714815879,3270.82682185749,2339.9288225252,165.88011129252,471.939872415974,1373.9390254835,171.004106189936,554.0931724291,3006.77391321493,1353.03790388495,131.215274780675,16765.8163300069,6309.723898836,13018.2740587476
"ACar 20:4",7255.12052005957,22994.5418848103,19823.8439381394,15733.9759608027,14349.9598803607,16444.7922927162,19208.6996606473,17058.6088098843,24740.1584548364,55.5067165946376,162.722612027358,15.3542932344358,11.4821040373856,645.838092541442,90.8352217021319,908.323003458709,12.8473986979462,1181.66053103648,357.300125855207,1349.02877216829,2559.67644295741,392.994985912494,183.533752950607,265.177608316332
"ACar 20:3",231.299855657993,2010.16547557576,5919.53514490997,3417.73273192828,858.888390592993,496.481750434558,253.797961264181,1784.20057736623,5428.83465590377,23500.214606652,44645.5547328589,37660.3501411262,88.3746400620067,6684.7613002499,5311.99591496035,17190.0842523618,16785.6594752529,7412.11792626306,237.983001997539,901.437263720274,2943.55366727258,302.011501997914,5.46326848630958,2109.57691803213
"ACar 20:2",50487.7976949549,9124.01656149123,37179.9779318705,2939.39464690499,89.632666840797,1607.4598187013,13193.3383130728,17459.4388604106,25131.0806615893,1464.80788057792,5481.64108368172,576.292062800021,5756.51845109656,1746.77154120283,75.0984697385607,1880.48526220135,2161.66921924412,297.101855766562,28265.4185412042,34726.835221374,23061.5479704474,376.073607233761,25.1462811880179,950.374669482015
"ACar 20:1",83.2727226078707,5063.44258771558,2087.19733480184,11787.5850702586,12962.2132289565,15784.1298284147,6.28092818298066,44.1096826614194,5383.59455408047,18688.6214008809,29006.9806264746,18404.6330741767,242.981927902776,76.3201755599796,0.477468136175636,289.778319680784,24.9606512305472,1429.29244103337,9369.47474520329,13448.4557028481,11936.3070943479,180.604093513255,6.52227810713095,1050.57727684184
"ACar 20:0",1819.63951627006,922.76749933574,963.783913472399,1054.61237731836,1496.14574145498,1485.26269343115,38103.8031433541,30679.7154730139,52731.8507166913,856.613749478248,0.193458008443906,182.847752062884,6006.67346193393,7173.39027494332,6465.50824839825,19232.8168383635,16489.9032619996,21277.0353381338,26767.5132965687,65980.327169862,48487.7027915258,1259.7981584164,2.06849879112432,1060.2806989949
"ACar 21:5",68922.1350236622,52212.5005465162,100009.033128934,0.860923191003424,48.1341092304655,291.591300068118,524176.942434003,687932.902510568,701464.310216346,30051.7401811685,39823.508302503,39406.3140595149,918.567007473073,1431.64021186122,88.2416016986723,1764.46975787286,431.457183192205,583.188661179598,106586.634220932,61284.7658368211,16127.7502485473,452.725015648247,1343.41428423415,449.151684685992
"ACar 21:4",17166.5155732704,17051.2963368043,19504.306708387,648.39017251269,159.148012977646,1358.51033939339,1290.62638694067,3519.99476850342,3845.98287516816,0.142302695980578,2068.26279356641,3038.47751742156,89.7794144458252,3138.10962989842,734.05053968898,63.3590590210242,186.938357238377,1547.91554744619,451.870549097839,2327.48990498386,4405.17799611664,5584.0337135227,6082.03887841617,6305.49780111636
"ACar 21:3",35823.1524086572,15601.965275956,32476.8282814643,6460.08522391771,1122.90809889765,3627.91932361527,2608.89572433118,334.572481913581,1132.9766492471,18502.700222923,19168.6733951351,15197.5966408563,33.593073941834,3597.99968305698,422.468305327748,10304.647839528,10512.4511070585,11409.9675768829,21.8093133924816,407.87872062652,12.8974050765913,3.24301794471067,1925.08499366419,2211.7827230196
"ACar 21:1",68313.8816946888,42109.8657831155,70185.2260734862,121551.32854096,152259.891255051,149859.148068626,224307.381143724,163034.703062497,72895.8413675869,39744.4955155023,31608.1422561712,44460.5672842298,7435.5583617614,207.888974143753,5605.97950298699,16171.0018649781,36301.1423423352,31499.1536784284,330.631440221924,3208.91120872294,3857.55623550256,2415.13362117433,2529.62173223136,282.910951743898
"ACar 22:7",8441.01014400913,7968.81230630978,10892.9031738203,1873.58211919572,61.8143088506796,23.5265756436137,9067.95536292725,9478.11471665873,10030.0970229397,17225.8428706128,10273.3304623839,16224.623223343,18786.1225178719,18539.591722883,14309.2722076447,824.80312798313,101.516559700065,2485.09657643787,464.864794824261,576.940253868258,5231.87142198633,1055.73543583335,3570.2009225856,3823.38253292819
"ACar 22:6",2677.15500308408,42.318353345283,91.7916742894862,3838.67865128637,2684.33624378993,1767.39290139174,2047.65715315007,973.877410337922,965.098994642001,2448.69039169151,1038.2470128622,80.2861075667134,59.6162235601027,1298.29446606256,4517.25070295519,6075.91150937989,8043.68275432987,12392.7673553478,353.281610665911,0.164725242014148,130.233846194158,2655.00120122351,547.114284497299,2062.4978846726
"ACar 22:5",1003.62917333058,1093.67617213756,150.480218233508,203.327685133326,4727.85062957428,1472.08576662776,976.977197947257,6273.19561082494,673.70295263039,84.216938419994,2401.65087405938,214.452938587647,13032.0299286738,14958.3639896311,14231.3310989998,162.727449490904,454.981025566271,962.368725576057,27113.5320517331,14477.9992442757,21783.3182303515,2684.37579790207,1643.58511335458,2115.41355937489
"ACar 22:4",2370.81332801248,2944.18055065215,1734.36167308717,246.752463941923,6074.02043008127,760.286667131165,825.187462027112,2.26504766480481,5322.63478184586,1059.81303508848,67.536341240692,165.703793238816,1145.28214228635,2556.46474334708,173.655539835918,1117.63347609834,512.544110517966,454.597059705085,26798.3133515726,25296.5130775956,24702.6008186944,757.499417205918,2086.85245196108,1700.18654640971
"ACar 22:0",2139.02280649682,50.2436813546373,136.249964330228,73170.5653918373,37898.6149702183,15326.0189869828,6563.226713782,127.241706242137,18.265735531655,1081.30153087861,560.255470949949,4338.70141073675,48.4983334091173,2890.3007808424,890.259441552164,1566.03790122506,23.2735652738315,1851.30852425073,3074.01204949393,2543.10564618025,70.9205822222802,10.065333203511,1010.93845971167,2386.42429114111
"ACar 23:6",3867.11956182384,308.299771509941,506.838910040209,26020.2380280668,37985.2225505023,35051.2362350953,1017.17817757792,482.091225599607,1365.14169793699,60.1077223062884,445.190246994323,554.815233305775,13680.6703249818,22287.5257151721,26651.5556087269,323.069671505918,2375.96897321835,155.731491140388,1326.97798972994,608.341452712332,6152.86763569759,27.4417894109386,3305.74856325112,1665.7521402871
"ACar 23:5",3112.18815860152,61.3785603090388,209.6523383831,3533.73863577495,141.035738508964,4620.75479749126,1589.47861841519,2128.75796289753,4181.31814489921,9985.86830442374,11631.82877669,13754.822653023,143.917604135657,330.997615663729,124.638168537028,6.91735131327286,489.174922634175,133.31857186182,734.214879243884,160.919202682338,2067.77155283308,19.4465625945147,5.5661154247348,829.402144487048
"ACar 23:4",231.181489825676,484.229093924948,3522.31480062755,2914.03083973971,117.526588807507,1401.97150073952,7087.36498649792,899.9602565521,2578.5328130236,1869.97489377556,196.205683121148,1423.0032909873,5078.54812855092,2978.80530847371,281.342161925472,6243.5073177519,7660.10723811175,16400.8640920271,3023.1736024233,7246.69858387122,2554.79504695365,10091.0933064809,8009.14002442088,5595.63500610959
"ACar 23:3",154.304028587464,588.253011767522,1.74254144442045,1499.86168201628,128.830855251634,735.301794402334,38534.9720399215,22634.8627034033,35403.7246195959,677.153066988735,4967.65091177897,91.1061603197146,425.253962629705,6375.95424678131,3.76479660416332,2033.62923673298,1220.14134359971,1637.43523222595,188.496954920249,2825.86673700682,4683.58001091631,2973.70517484794,2647.33974227534,2994.46129920878
"ACar 23:2",73750.2275034325,53631.2116525371,52448.6876180941,31.9750730304317,72.1033438110754,256.107186317443,5488.41117890434,6386.66439736473,1507.3624581393,56805.2484308062,52888.193645027,34570.6987558259,39.0530486771101,1356.78339905894,7.45694298842858,34828.3393089707,26232.1193486756,15471.7998760883,669.855644228501,4722.94615667055,2.24062802759061,962.812321176452,416.959987795964,375.794035154154
"ACar 23:1",72957.1063180654,49978.9771321483,28450.9271583225,133133.243393725,154999.507931555,157652.653944451,199692.759970577,123711.245668092,45023.200597993,88.4727905375225,1537.3920793517,818.715912366588,113198.350775513,70534.362056988,111558.196527485,74438.6594085111,94074.4986083352,27090.07777544,107970.051075044,70666.7747314235,93537.7158231409,55654.8434543559,76350.1847355499,72945.0689264159
"ACar 24:6",6889.62149929236,4347.91623243009,7145.82548144936,17072.1456556264,26989.415023604,7300.87379957116,9282.9907420739,12276.356065789,17663.2879160978,771.685509601691,1590.54314521359,622.311947163203,7393.31798705724,8346.99325604021,10785.5899825828,6394.69994041856,7306.47875869207,10230.3270616891,4340.28308680677,1780.03548014549,5914.31955775544,6108.75882876417,5540.56453572748,8092.49157884059
"ACar 24:5",2359.30249870529,2102.1730478737,3448.27607479763,688.382615719627,472.200756340429,2169.72338008008,180632.536441783,94197.0561721996,8864.17434013228,40.181038885915,1634.98959668041,1912.4228834443,170065.817056207,91705.9915094184,9295.96427854279,376.361313907647,158.980483031428,2361.51238095252,5088.55739677056,4.47940152583207,7082.82850432657,232.397497855995,147.909538567678,1405.97422783594
"ACar 24:3",47.10572214932,26.1879512845303,261.453159604484,79.718435207671,2722.70592829758,2455.60768437855,418.435793689941,711.804642764349,3144.07191202354,17.0885825050161,2297.89378413844,31.6176188193088,51275.927335093,35487.20870591,52638.3075398174,3.1449801737794,35.0263298270992,194.596333976485,1772.53944973718,1151.34942295675,46.3209330127049,787.642905358106,558.560593573733,1172.00763600203
"ACar 24:2",189.695667741277,2.66568057197241,79.7584394404646,454.423065476156,249.791603507557,302.597017857708,55229.5873843667,26973.954952918,47578.6779433975,20933.973942762,29994.1525062833,28592.457647524,53036.0344134902,68116.491588288,49296.6892312148,12180.007747655,20094.2983654592,24404.7974079747,31347.4608687944,22112.4812741484,20597.8037014131,2382.46734823348,1106.19601661799,1219.21035818867
"ACar 24:0",90.260777966329,251.977603605776,95.1374524167844,6905.04809197582,2893.39863566474,410.691711640062,6522.84625387953,3985.05829504279,11.730817399151,4.01607051067526,1458.30341638642,5371.4437894552,21691.3476775744,43992.2050915348,78079.1537805226,786.309692334038,87.7364030681042,504.955280652109,1547.17000254874,3337.17316930006,6340.1575010043,18669.1693930031,20657.1334795702,22886.699831556
"ACar 25:6",2274.21052111622,132.82056753812,678.934455535014,55177.085471648,42454.2439020396,36934.2116185872,929.104010624286,316.435661089605,332.860582161673,1389.92253392316,621.496413602774,356.957396549678,24530.5284743353,38850.7042732119,38202.2015062696,9.3558570062532,75.3924380262425,639.073400937022,368.85908240643,285.80845974446,22.2388902882264,9539.59275670777,9682.29970770551,11532.0242391182
"ACar 25:5",45927.329665346,22186.8272834917,47963.0053811257,36660.1764280932,67224.4596104443,56937.9928387759,98163.0417832496,65786.6169466373,94888.7155622211,50138.4069517255,32515.5103456226,16647.5485050246,44117.1388040264,61453.6903475902,45802.5997427014,12994.6365262938,44125.8746394197,27777.1081522401,69008.128516374,53958.7351919163,64373.8938961502,57.9160499524198,69.8742422507184,3756.02869398127
"ACar 25:4",40264.1161959137,57633.402449487,63281.5355703722,83210.9053122951,63621.2229916968,49959.5139609223,147.894031923245,185.283958780082,837.614234110904,4047.01960229628,973.418176122681,1766.88535805563,56.6448452376445,90.0154305667799,112.104489576151,120.581814428248,412.819624327576,54.6270704615044,59519.9120010732,55604.7050949722,66855.2997696013,2353.63766403345,209.316918677532,1921.43951367673
"ACar 25:3",18.2944567436896,675.220131183585,1075.74565864836,199.748219760148,3070.56096384327,7360.54539594628,1768.98028064197,3184.49581825887,2751.7388028056,18095.8877190761,37581.6689232561,30623.2941091419,656.168643028883,564.79635940107,5255.81354163171,12277.9465761753,16706.2419545036,8523.11055817368,25322.9744547487,20616.4466488858,31618.6279909688,20479.1596629254,10628.6922701132,17469.2698057248
"ACar 25:2",11.8334357743132,18.318504661832,2622.64354207672,1676.77191267098,2647.63404046559,4864.37953731021,197.32273320658,2.88940946830279,827.913164789704,146.208859088722,315.724930188066,440.09789737009,35818.5859944427,37535.9127077151,45341.4116085166,194.789532741863,2742.598793365,1654.09484913425,1426.55886557198,5449.69630586552,1483.98062452535,18.9827419547572,352.351520831594,54.2581278128009
"ACar 25:1",53598.5209576707,43190.7869015224,37263.3338493475,83984.1274791863,29635.1771848296,61897.2015105797,154142.725347197,95886.5050113545,144710.20371718,53827.9160492291,60521.9233616663,24001.3065107269,42553.3323960844,58004.586213854,60680.3956094682,38288.5514810953,44441.8474655822,57505.8184958485,74756.9495984058,79771.2838579791,80865.0646170481,36736.3359566275,11883.2338578983,27482.6911175178
"ACar 26:7",35.7176276349873,1960.76243093649,527.500041086275,1659.02312515973,1679.64698438915,1694.52661186889,19061.7889498156,22759.3666684596,17803.3609205838,3555.04194437843,34.6539837969578,8.19843310565791,219.543884573778,20.4341100497091,1624.32622102451,14500.1203470403,6484.85418157597,12433.8148720347,3387.23088877857,87.4511971540162,5733.41091456549,3113.30057708916,156.209171699627,565.375650111422
"ACar 25:0",1923.88871636102,343.472680485525,212.029967124624,979.459337584708,627.781363597616,424.314060698256,207.968734667462,3382.87311456824,29.4954047280232,12482.610867449,10027.9214836678,21768.2341825976,83.7257921314387,3017.94124220759,5156.0446687209,2007.83580987648,133.4525322849,672.094510765756,5737.83168277324,3804.42903526058,4198.90780632613,1798.59274784431,129.67073063983,55.8435626695396
"ACar 26:6",1831.65640268402,1.03529656205029,4494.16335305797,1819.93090021485,352.541673109069,1838.77775875073,1.79918302223985,349.722100489197,108.434870619182,47.7737446754254,48.5373203554146,33.7257693758182,32513.0821685414,20365.3435815696,32105.2712276348,17.5877651506383,1053.78777754392,713.431577700805,3078.94363090343,8.5225959549373,5137.34146051328,223.645456038005,369.105841568465,96.0037336437386
"ACar 26:5",2352516.47859505,1521700.20387079,40252.3440318618,2107564.35605128,1325946.65202628,1874188.03366328,2756407.7120454,1776637.77225942,2623592.60041913,1267083.05738001,1061978.24606732,29555.4888955923,2139975.02772781,1803902.80825839,2389012.22612872,542656.061955476,449268.477834476,590631.145888046,1609347.00517936,1509567.47761792,1632400.56674533,569810.729151215,615292.245418457,657540.615341973
"ACar 26:4",132655.000332857,144747.811143649,178347.425727001,110966.250333654,130148.820399862,16043.9681906237,132586.29863396,122019.18540199,147350.914232856,85291.2871330551,103701.235673935,107114.861899702,102308.280780041,82783.5819257274,112156.144981103,56646.006437042,64992.9748841016,72630.1770564777,150681.658095312,97067.3603418555,129728.669354914,48533.8808250676,31958.2347016122,45033.0288082464
"ACar 26:3",32924.2497367964,49376.9916676366,53248.2321711139,302.406786515278,495.943972478326,2868.1932229012,65447.379058717,41874.8034200901,21135.9301494563,608.525131327101,4334.00537880251,586.104836217367,26.0319923437111,283.428603402778,6412.09217141687,329.108370071132,1985.89513208638,32.4825459561427,25885.6814985372,23069.2240866623,30238.6795924232,2306.33447107566,249.601775606342,4056.05179384793
"ACar 26:2",483.438598382975,275.373689931838,12.6440021897485,420.562545415117,290.078405145684,2223.16511488914,1993.00050560558,2638.24527911284,274.36793275802,30000.8678486987,62064.5508781141,13831.9154019125,5831.9812418119,4715.14935189347,3.9424640929445,703.051898947805,46.2702295874697,469.473475380104,630.000306724146,0.560389461300786,2390.00666282263,3252.8942663431,1228.56265996203,1344.21187081314
"ACar 26:1",62.5210425696172,401.694652094655,2816.77497113264,230.327135919355,96.2649519661531,2112.72737559317,34867.5262062913,57329.9147273916,92308.7874282122,903.069741605277,1576.82753302296,394.697421417477,7168.60060359824,4668.33109910807,146.985694922622,531.407623634529,872.429628763565,884.416491244511,233.107779281706,1388.11976825718,1440.04664440945,16413.4195293845,13921.8575178112,11022.0244056779
"ACar 26:0",482.228741087973,218.928528354751,304.518679483251,25783.9586566197,35294.4693481212,49827.3896661759,1068.74732315679,949.495387466207,474.666419324353,24418.062963968,30483.3453031281,31565.5642418313,36922.7912062253,41561.3410405805,47216.4871217886,15903.8131206086,13082.3096855646,13095.3767518355,44199.7106049601,49224.9018452451,41364.7954414802,314.033329327287,34.7059264108489,63.2224173866233
"PE(P-16:0_14:0)+H",19082.3839945907,13608.9973440251,12855.5629295551,482.405951134671,31.8061669301021,2827.8536107826,47902.0394570924,55134.889584464,72137.5624634135,2609.60120791537,600.855117084903,3504.67917035071,59.2011041565465,320.49311932422,2963.2939353463,71.7078580777876,250.823911641762,2055.55982109021,24179.8632377479,18865.6619983672,31047.5953508278,15182.9510024932,5475.98779096672,7051.09446426224
"PE(P-16:0_15:0)+H",39654.1209510806,22654.9110428272,39545.8934700627,17190.9692641318,22873.4951188796,21932.710597054,19413.2305138866,25785.5000187933,37198.6678414144,20968.3720942001,31575.2906215451,30899.6556371533,6566.74978819977,3989.21889263817,3698.27150985121,311.998262592334,32.259002186657,1772.16354386573,14872.6535322181,15679.5704419756,17134.9238442747,19061.3657413382,18505.1099282441,23945.5050946672
"PE(P-16:0_16:0)+H",41754.7112613667,28570.7004909408,19636.3950603218,81280.0424126773,27584.4064345521,59299.9157718679,20280.5485091174,82232.8471142437,42889.0833635336,36296.2690028108,34925.5822755985,24384.7771601235,28231.9022797932,46673.5650167953,45133.5737985892,31.8004671042852,3.39875888355431,2470.35488685483,60.6523362052412,4864.673046083,94.7052738249173,28683.2274804702,19116.1283036173,8072.32224799877
"PE(P-16:0_16:1)+H",154.802723022735,1119.32863527474,809.155005912711,37934.582719823,21423.5021726915,21537.5542162918,25503.4158883627,52430.8997205393,45098.9813758006,31124.9630890796,36519.2710299908,38417.8491720078,1.29068543375275,2485.70673172917,73.905129449248,17993.12677415,15878.2992910634,20179.3201790721,30243.9471968723,23492.9174136915,19316.9674866256,18517.3207429381,14750.9430054309,10384.074512521
"PE(P-16:0_17:0)+H",794.691593546532,2361.15242392054,614.191214358504,32932.3169888943,45292.6644086065,21545.6989872728,2781.03269962261,71.5111901084757,1097.27719559844,20305.2647479562,27860.1540238619,30514.2029167458,42897.6990354784,13768.4118551264,34561.1055196778,8161.82926455593,11150.033846939,11547.9664800567,36518.9857802982,35355.0583558485,35506.1297420756,202.526925481314,33.5518869855676,384.247198680036
"PE(P-16:0_18:0)+H",32548.6807782192,22257.9906356321,21816.6991868653,28996.8430696725,22391.217830344,83859.6017344952,2830.17301493548,5940.97180499909,68.2531471293113,2620.69493425596,639.552067424344,280.884223695253,1422.3554968298,1413.90856299918,1766.80078196991,8525.51084191363,10732.5768688547,18265.4159019036,19146.042148886,48660.2509729606,29999.9286575526,341.993996920247,129.45576341009,52.1838897527689
"PE(P-16:0_18:1)+H",15876.971761464,17243.142208631,26510.9830481,524.665673475626,948.763388428269,32.7193453685639,1515.89855240139,324.044225925982,2028.00475680099,4285.06629496095,1736.77259810781,424.53480283687,492.200992414381,3856.00402271826,3133.16861090221,517.033101184186,257.398187850006,78.800153942454,1218.7597240736,115.391161969489,3838.76581655498,14121.1067750417,21310.1488963692,19548.0767221397
"PE(P-16:0_18:2)+H",14771.7149703522,13332.7834204954,18572.9009985106,1097.39552898657,15.5766189892551,1979.88883367029,5964.26193798202,1127.65281903723,1892.10640782306,1932.86519460215,35.2522263963709,2973.68172529667,3274.75143485676,6186.75516067868,7002.0139577162,257.527106654759,1603.53515046387,74.6581615788604,3209.07107590091,232.294561956215,3740.76885799518,14159.9478839074,16317.9543218319,15028.7307863337
"PE(P-16:0_18:3)+H",13747.8576068732,9606.74667109434,21028.0398555041,8.78770879557678,6761.27834294821,3049.23087004764,27589.8918596386,24666.1130151845,35344.5642734928,2860.29676237806,184.481697931063,88.011957793443,19490.5502154674,21289.7625922461,26731.2454288528,7875.68269277658,8919.93914726091,12408.7069266784,41137.7431393175,35499.2630052739,40115.0256576313,3196.70609643501,322.081006795221,955.001412161357
"PE(P-16:0_19:0)+H",2831.50119402909,4.93285596902986,3118.86389256883,1722.59980048912,86.5824583053516,327.616504727403,22432.6004101118,20008.9152436069,20334.1458326002,37249.3672008758,31024.4706942571,15255.9477866942,15177.3267386821,11461.0577703115,23668.9170964913,1732.30744091195,20.8911238653526,1277.00520045294,41.410010829825,420.825245509754,425.915972278217,1344.77944016824,156.769983858422,1592.95725627362
"PE(P-16:0_20:0)+H",925.692132303847,2491.81370828514,538.051315294581,20045.6420083132,17687.0145876202,17239.0759131001,14625.1210684471,14082.9423541143,36012.081782603,25801.4131093253,27658.1070791186,23074.1468312933,2269.83863246745,6072.09140564223,6141.60327673791,21005.150129373,13300.9716907083,7644.90566233803,6644.12350259722,129.277840290678,679.91177025164,13307.9489529469,9388.82833266258,12683.8818784618
"PE(P-16:0_20:1)+H",28073.8361697921,29712.154878552,29457.0708435918,2496.51860087442,84.2492872752947,2036.54749792038,39130.4625601795,43052.3068877298,54330.6105878392,149.568278300464,2254.97990761207,816.898653447334,39908.434614505,25413.9960622743,11452.4471905516,1335.16539848153,532.916276750182,73.0549269302242,31985.2744686677,54518.8385286418,45241.9632576191,133.991063597661,187.995250861001,1477.32657490593
"PE(P-16:0_20:2)+H",28791.0107019061,20232.0481929473,18592.4441671261,1042.31004030166,611.113625624347,18.5716921688072,1278.02082171333,3832.27098045199,1707.83521693169,8453.98544926199,14137.2184058842,12572.913746043,37643.8921605356,55360.9074690913,26640.7512369031,1929.61056456625,328.972332017157,44.6024240927596,42639.4587773777,33415.4909125552,25033.7493902089,10628.620264572,12561.0744270278,10945.222996252
"PE(P-16:0_20:3)+H",4961.18151559068,7255.12052005957,13271.6078039106,12430.9269962874,13998.9201934243,11547.153373439,575.512698438495,1721.13390458995,5824.87108475521,261.897785013093,452.468099905604,428.419334389718,1.25106757537423,7339.82341676176,5596.26134717851,3940.87887605655,4075.91509638908,10773.6862867033,92.2354606305108,2154.38417312154,6707.84268677605,44.486804980204,2475.76341847346,467.86826164705
"PE(P-16:0_20:4)+H",616.644937069465,86.2195601878858,690.2371201467,1140.11319996068,2261.98479341668,2997.56102333488,21327.4289556224,24298.7996510283,21268.3042426353,19236.9066699609,21368.5651972079,32628.8412002619,21017.2714803532,22437.3877301695,73555.248108663,793.392420823871,947.775586343651,132.886113637066,42.3047850430122,6.47989750533985,4472.99412553611,119.666283657157,222.257491879545,241.461863169766
"PE(P-16:0_20:5)+H",14863.4284339418,27382.6470048534,27439.0222504456,62994.6750638046,35266.1678937595,53612.8787703285,32437.6178649281,34780.2753596323,42935.6458084716,1771.18250403563,535.825782402822,595.745916148686,1191.79039299854,526.123944986035,558.934093354868,13621.3510220927,19040.9022295116,19388.837036505,1206.91534536638,1530.29791933789,310.296960175248,19285.0161906319,12683.4956271478,17885.8116889165
"PE(P-16:0_22:4)+H",798.529274876399,96.1716758934676,4274.35380194915,19117.7312935754,11029.813018237,11131.322936976,874.937653436986,4504.62610118136,223.218133619645,2083.62874068063,3261.41224110016,10.0827391289981,26351.3291299427,24774.1954024171,26593.9751800702,1973.07863702722,714.018475867338,1064.04276946973,38802.986555418,17602.3233320216,29547.2807841724,101.016848367119,205.818661245408,327.599345298852
"PE(P-16:0_22:5)+H",20021.61561434,31051.5314897918,33065.2757489137,2093.89713560216,14.3654103328602,35.5724566606447,275.760525512943,357.085616431167,5682.46539210495,11.1357148072174,2495.36932938725,12.5673307989287,23238.0800953083,18719.9837470597,34844.4812925703,53.3878429152976,1493.60039261819,1211.12058793751,1367.57432722885,324.876216709355,1748.20080163558,3317.72540763075,141.807205269686,57.5412453366918
"PE(P-16:1_14:0)+H",33367.0113416805,12564.227900303,28935.7972396956,36589.3123345546,31792.2360672653,30382.1736972621,26419.232029097,34127.9588829631,21685.0534739745,107.996286105155,1617.33292327187,4400.62419870567,42413.5686511532,19071.9341113993,37420.3957325409,393.209415032676,499.413276704756,760.367086280209,6551.89670251086,356.203103226023,2800.60140835642,190.199553751031,11.372373381617,2636.91333452407
"PE(P-16:1_15:0)+H",2632.98715347839,1036.98214433074,3381.08596521768,5214.98665632201,592.286593960595,18.5918204335738,195.460708339597,145.547059044858,1446.11793818683,120.68864041253,2287.87090582396,1965.21743036534,4011.80876686622,497.198321109611,5415.90331104893,667.238073185977,650.288269353731,1003.52009141606,5515.30994801219,309.956824414723,1777.19265695566,29459.0145694237,19150.7087179495,7255.12052005957
"PE(P-16:1_16:0)+H",25099.9384447184,25836.6660441287,38109.7767390434,22091.0006382299,15768.3147469573,18639.063353346,14565.5352619735,13200.9927208326,13687.065046875,21647.3651445402,34330.6696930847,41916.7083976762,2920.62884203339,430.328132830092,363.772195217048,51.3398384067669,2448.08397557353,2030.69108501429,107.228178563445,109.525241187924,61.8145470756477,13821.0808597055,9698.56029926414,21353.9420386433
"PE(P-16:1_16:1)+H",38053.3167362592,26856.8813114382,24883.7079253042,29194.2498780406,17553.2027340216,68520.5770131901,1668.20105242562,12.5919923435825,7274.03948571666,8959.49574380972,51840.0744413196,34470.3503433993,13656.1485657502,56893.204935318,42258.1600503866,9006.78619812476,11178.7035575173,16563.0020503154,2.74380442633125,24.9232323443852,7689.41480984578,15113.0880246502,20845.2375971665,19592.2159007889
"PE(P-16:1_17:0)+H",10.3983272038587,79.5886472205533,1789.58091603645,3150.26022848155,5623.08028829172,1753.23880513383,489.074978061142,130.795042867272,3999.20833061091,22728.7563682236,32850.0619336165,31187.975693135,24313.3995431576,29218.3632286475,32335.2385164727,6201.16508468787,7782.72006302764,5099.37019515798,17.6710710020478,5788.37896743445,4035.08123035228,930.108783391348,885.31102747709,27.2505136162754
"PE(P-16:1_18:0)+H",139.049846811464,197.306853494821,221.381905385406,11515.2386536689,23141.6947433337,17984.2951371166,36035.7712929297,40393.2924801572,44231.4969959627,17975.4564902918,20253.9416616182,34418.7339117345,1220.4590356508,2373.93362422034,1277.5865572052,21436.1736075128,10271.4410537659,18796.7192627341,28637.3211277901,41563.2816616609,36722.2029301822,2633.22597070345,73.7085115078363,3216.55179057713
"PE(P-16:1_18:1)+H",286.973662941945,325.982970395126,1562.33175744924,2970.08083345493,6648.43849007641,532.765275056,216.25761969226,1060.06313541359,4401.74045025027,16413.1883102929,12332.8016223435,16748.786680087,1247.87843705378,101.969472564132,6137.02563080261,12801.3040628991,14230.5045356615,16136.2578155142,233.032863599695,37.3974018289363,1899.54935050929,870.470301684673,657.489390733228,413.041315046878
"PE(P-16:1_18:2)+H",29058.6716261779,20266.9020251743,31427.2032090992,31581.746078508,34819.623067181,42489.5360519208,154.94578693059,2390.99530208609,1547.59414409317,14901.5067010806,26719.3490818674,35113.3871381166,18072.4013043408,46416.9456065971,38736.6222724528,2498.39512538801,161.595910349054,2128.42445884399,17346.6188971409,16548.7402165645,53304.9886615854,2038.39657406974,643.329546305141,23.0256569288566
"PE(P-16:1_18:3)+H",24703.2900080279,29982.9308258059,31011.1686192317,57919.6400473199,44321.6922845687,22180.3058863618,11518.9177397761,27039.759071068,22312.7548726121,21856.4501849094,20012.2845520354,47144.3214733179,1005.99858391041,517.866494793598,881.967014541417,112.252302251712,848.139338378769,1966.1901484055,18587.8853993125,9902.16350307641,28670.5877107302,23591.5692555079,20824.9077578847,17590.6821905752
"PE(P-16:1_19:0)+H",2.88434324735696,438.722314283812,3339.9541569677,704.228260743268,236.076158237156,2390.27981731847,843.470549278197,274.773103721268,969.786814861863,38572.4889088671,18646.9527223904,24917.0763768638,602.350265523798,1742.00223365182,4730.06505253854,5.51536721752006,1250.03035606866,744.322422915335,16592.4440260509,18668.0896549522,18450.7154072106,390.86570040753,875.976099865492,56.5368681944962
"PE(P-16:1_20:0)+H",50921.2574252346,23922.091705777,47329.6236220661,18760.4685930895,81764.0647402714,55489.9925643877,48839.3457810947,63530.2392481714,90481.6546394649,22560.9333893908,55437.2321469072,32925.3802618033,23585.3301429169,43361.6328115062,40306.331537291,4520.77211871012,15559.8893363406,12088.4170637576,33190.479056516,35890.7108063483,74250.5775995566,223.641813979746,1259.04063032861,1204.0424374672
"PE(P-16:1_20:1)+H",2468.21820353621,500.485430069508,48.6745246614824,1090.88979309277,3718.34634748382,1260.45178670722,2129.46771314358,1901.48217196456,92.108694917346,0.923831110449169,123.414478948499,1977.55933588106,46189.989751151,66109.7022804721,34854.9307903682,12288.4267858075,5863.30057943025,21701.8140457165,557.109847990915,187.889681436796,2276.71443889304,14347.9226927737,19742.3126511709,12262.3165124138
"PE(P-16:1_20:2)+H",23.907463051933,2285.8234163395,838.025790638637,64.9364005735208,1149.22013758695,1582.90582632257,655.262211598325,557.026890008157,3549.13191092409,18326.0953353892,10081.9121959919,7148.39922517661,2378.79936602209,83.9383415637486,58.6477980631751,808.451041573348,14.053459999131,59.1220550215289,1656.57977780032,459.21966134055,5068.27362555962,16856.471430524,12351.2837324939,7141.83558043801
"PE(P-16:1_20:3)+H",3203.07764318334,546.498279486821,1491.72816832315,241.795870662188,74.7656901277218,690.367731302393,552.196645703553,2964.99003218472,2509.59335291642,864.632518851829,1751.43146319398,142.790886227375,25300.7658015877,28805.2724721447,27909.2836978496,17899.4493917539,10409.1291248968,29344.2102293607,2535.45016714972,704.518288131039,441.387357518641,90.3179812951911,3636.75797563155,37.7689658597834
"PE(P-16:1_20:4)+H",8841.5660561241,8901.13701089952,9886.80730066074,38331.7855430714,17676.873594929,30538.5413908067,334.047605592353,367.38624585754,1475.70631268286,507.254174485613,1255.49181022377,310.224469822488,277.310154164079,5235.10842549446,532.517863448394,6487.46298618396,8117.96910692051,5363.99656734157,151.784552517478,178.696370700543,5075.64273695123,858.415234162568,2953.43904574155,1842.212564047
"PE(P-16:1_20:5)+H",430.737364446226,3295.45205837957,24.7281804712498,2782.71112570762,33.2923438717449,243.130211722295,161.879561338264,682.384777830262,1085.15398548794,486.998393704607,4979.22134859686,3146.20902299972,2119.42329484623,2947.87254551964,1138.83222876673,62.4324313090709,432.393436746712,2300.86238156561,1642.29851289301,1827.49971775252,1592.11814723461,1301.87169948129,2573.93847252906,2741.84370692621
"PE(P-16:1_22:4)+H",16443.1143438554,34767.8478013442,33343.8102040061,36231.9631342287,26728.8846300944,49167.9912237967,753.527817703837,101.64705794369,258.66667405438,20781.9543782817,31771.2924523402,29396.0369514484,1523.3310946791,3749.14207957791,0.769555802618942,416.103236171252,1219.49116759451,2358.89652301886,1782.17609503027,833.286301861081,5500.18215105066,18687.8912176907,6183.62348380181,14054.8974083225
"PE(P-16:1_22:5)+H",870.739777359045,163.397447336756,53.1646331653963,17377.9104919809,39240.6754076385,39995.389680252,2008.01214835277,304.59889849836,6117.88804363634,56284.584147019,35738.6783895449,18882.1587245252,2819.74694117743,5146.70194500847,535.42700869318,13087.1749688581,14386.9761872622,16398.7529458126,45086.5024615249,29600.7618056285,39107.5588413533,9501.20085656602,9243.00054154046,11915.2532291942
"PE(P-16:1_22:6)+H",20955.2067599034,15179.6600430735,14745.0845980312,268.26793287955,859.560030777148,1580.38090646224,34970.9757929692,45364.7235037613,28484.800404565,1226.15140237694,3.28687059151715,33.758457397181,29453.756528376,22968.7601913494,18481.7287190232,10163.0730897077,21357.7582719515,18912.8927680937,32013.5042047791,16847.4308648538,25591.048062243,20567.7731600122,25021.0865160504,20414.428622038
"PE(P-18:0_14:0)+H",19711.1551078464,23686.3796125284,16909.1430524549,16905.0492059322,22754.4924656499,19288.338325782,39585.7964772974,24895.1273193466,26795.8512677867,161.131353843285,289.68487325296,68.960023739892,1562.87494151191,529.853699488386,146.588463460041,34.9220858279669,1100.55695519241,186.382776078709,30906.3790543849,18228.2380217074,45829.5799516159,306.427099577932,2807.55668920845,3309.88656033616
"PE(P-18:0_15:0)+H",45793.4448926801,40142.949951874,55005.2481061467,33638.5265331338,10176.1789868933,77868.2862729924,28143.1931561816,46359.575444681,51199.2920553987,584.13109825533,576.983471402162,2496.89439014678,28900.9941802317,33302.4488325003,31406.5721807791,7873.21946661397,8527.762266002,17830.6951339602,607.041204299135,2928.24494343549,319.160948439236,1142.83645157031,123.322669883075,163.711303319877
"PE(P-18:0_16:0)+H",31299.520437105,14424.9205388017,57820.4745087414,219.462737556452,9.49888290672176,352.973353704184,630.182700215599,476.30845459235,186.889611686657,881.226041614833,144.712325697528,117.836357400428,34068.6238761994,37486.2619984713,43252.3130231052,5650.20011095537,11324.8484387853,20852.9893748483,32400.847519928,22767.2582761245,28884.6172405927,27436.9202732805,11446.9272587494,17754.7889489336
"PE(P-18:0_16:1)+H",63.60153814314,2946.56287000108,1262.31516980119,1454.40707321964,49.9913921530576,4956.89808254947,17352.3188286579,7835.80947631833,31113.6727814919,1009.28355732828,81.3924380829393,2956.3439282689,10856.0972884037,13648.286292414,10441.4795330635,2507.39838053879,2724.93481754256,3671.74252459662,1324.44016313081,3942.44750580554,161.78917525453,11319.3065404192,5823.62174646049,9628.24860597842
"PE(P-18:0_17:0)+H",57.0443139293183,37.9400940910292,21.4972066725817,18407.9074621477,23693.4123528231,32256.991986621,541.27183253383,5805.034222328,138.491974407358,3014.70201168652,77.6136234383437,562.195836072759,24141.6987527215,23947.556238068,30842.7250275595,111.521703533874,164.88957895504,1945.47422749441,5418.75275494592,3125.65621937538,726.8948527137,975.407098773659,250.574617299812,1298.2124216552
"PE(P-18:0_18:0)+H",26006.1135472508,28386.2233754634,9682.00398714442,33.1269896797877,29.5599233655606,507.444861206779,16598.4830234123,19027.4800392297,24817.5284668783,1487.42525743752,2941.24220954988,794.231097217797,166.223139474243,5645.63803109181,1663.39023051989,1048.54946696505,458.445766287942,578.781703870337,1333.94140977286,80.0852142027317,7230.35638389956,274.866926266043,1421.10737356379,583.715407899993
"PE(P-18:0_18:1)+H",19481.8451289963,23265.1732376416,55918.4883437807,4539.74600079735,316.274415974385,2809.02722780252,7532.88832288542,20525.9096478127,31733.3162504968,899.814432515469,2597.21023209557,109.499278896708,28995.120129764,41259.651710743,22165.1577269485,8986.1841155583,9541.04992846933,9496.78512372543,30899.8446878227,42342.780845083,20638.6819838055,17710.3723081597,15237.1356899401,22074.1151992378
"PE(P-18:0_18:2)+H",258.348900518908,13.7083451316694,1314.95661090371,2022.64053030945,2925.02307857482,119.160115198356,23403.2645295084,15379.1964112492,22446.0827974963,802.35771510169,736.753258219594,1727.62256981394,25698.3756611477,49254.5657634733,45112.7285457127,1721.51278813589,286.798184954952,1647.20792060347,1743.8913201341,163.173754795097,1593.07935251304,910.239726310267,191.716481538295,498.628836464459
"PE(P-18:0_18:3)+H",8991.44540830798,17795.612465626,17420.8866924915,4137.25912238245,392.959162888602,2623.97337080015,2.53537154996746,313.63223114129,2089.83373398781,11234.5519832441,6376.5422685161,10417.5169118427,6395.42775151324,103.065772308365,5402.23545839867,1045.8591054459,191.416812682181,83.9858492610073,2320.42079243466,92.6050044080171,387.695650995734,9328.38411249228,8118.53493152456,9715.86084977418
"PE(P-18:0_19:0)+H",25607.3862567522,29270.2461916868,23972.7021419746,6349.22571782454,1058.84708425882,167.01532444533,31550.2779736116,27592.873746375,38927.8253187426,16004.0979275029,26413.1388491082,24177.3518265055,54256.3369743617,24184.7950658733,47742.5196922171,58.4307202439493,1320.9232673625,1228.04186170547,22648.4803659018,21903.4538948988,42701.4754861901,783.132553617179,1297.16420276353,248.974444244388
"PE(P-18:0_20:0)+H",29830.3987144388,45158.1623607443,48525.7662651729,55300.1730579577,81552.273406039,74947.2157543933,1413.79596493993,322.38278779248,377.751673840733,31575.3929258044,28230.4969943987,34504.4700061375,110346.356080615,104456.110884202,129996.742873613,3.5546577869836,512.638927963867,916.919434356825,313.628755130248,93.9137976805153,760.394889517512,24599.0034995164,16726.1871432503,9621.8107626925
"PE(P-18:0_20:1)+H",3.66795782422266,14.9338691188743,1173.55165981922,26039.1501157712,32616.741575211,43647.552952265,3537.62266564919,753.690420070538,905.320493601228,13355.2822411133,26060.3312454087,35117.8016752271,30758.5593125188,32163.0384907676,54981.7811508526,9602.14726392109,8614.92816711361,12064.670563693,4262.96045693318,5693.14434691323,1717.75556843289,2022.25130347575,12.3997837619583,3465.30100650046
"PE(P-18:0_20:2)+H",2412.89335628234,2530.8805585941,266.286203376198,13607.0315487843,6769.68544260334,11113.2422078746,1366.2990550641,993.429016266293,253.90581158721,212.039773702446,1189.94707086264,74.4059854371966,24451.6998938193,16555.3141067621,24882.7432259564,453.26101011474,478.163145419554,2822.61537032432,21438.5464933301,25211.7463639959,11399.0950923134,9747.22835463104,4258.41722998893,7885.15015728675
"PE(P-18:0_20:3)+H",34.7306607351092,762.816307386324,131.853691125798,174.506869964884,13.90322323573,5705.34809196218,9024.78991374865,15850.9194093343,19376.0323151275,17266.9403139012,24864.461809005,28326.778295741,22966.2173203363,17854.3299206012,35206.6511722497,5800.12549727205,13460.1106076607,19849.4850501982,6849.50149561412,3581.39959530014,62.287778445291,14627.6418580904,7255.12052005957,12297.1315412531
"PE(P-18:0_20:4)+H",12995.8009661875,8827.21006388822,7576.99876173907,840.047369131589,496.496145639056,1750.40613784325,924.87431154851,1110.476320285,13.6903382854972,516.478169248411,23.2829185266973,1292.34090887532,103.698687984322,6032.84005400119,3138.77396764413,3282.59931516689,3169.04751574858,3840.41779533079,7401.22872343074,22072.6499866449,15405.7676724242,7.7963470278192,123.482909942202,371.80892311161
"PE(P-18:0_20:5)+H",5918.82008881393,6001.43020456006,6561.46157999984,21273.2855975818,27162.9651092872,16226.7463194722,8206.5545334657,23304.8585381218,18234.3224995938,1.21058063299093,1305.58490225994,3258.40274017828,1518.79618376537,94.8036709179554,1262.30396715233,0.890273996002717,310.966902035849,283.309875258857,14126.6178292817,14871.9780995315,14119.2186676615,1014.81878701556,828.75322824593,233.083071613823
"PE(P-18:0_22:4)+H",1131.32988311833,817.434552235277,1421.63278052225,16267.3144805446,21246.0658243536,29184.6436198283,5295.96256232058,5144.21964787035,2125.31238123463,737.690798190928,1143.68662989146,28.049996843069,956.427361243885,592.266721965163,2345.4232055466,8192.86736203086,7660.88142220849,9917.48152679233,682.923845183938,1048.24219148504,3254.55272345595,8014.09184171302,10710.7610335399,10351.7561140907
"PE(P-18:0_22:5)+H",1710.2023124692,1688.28258016517,4760.59558950218,5809.77577237339,1290.33167847675,251.073155098033,24878.8644293625,41068.2513690844,38163.305157804,2178.98026220789,82.0366403662411,1290.90924136275,39100.5395736321,25328.5369666675,65974.5419025259,8933.25381797655,10650.3440711397,8026.92827841729,499.283115374415,1169.15115277156,2883.05684879413,19861.5259728921,23314.0117892748,22093.6612744972
"PE(P-18:0_22:6)+H",27878.2838504036,25006.590185423,32470.951203267,99307.0279399595,91671.0096526758,114470.222524016,40804.495398377,16075.3980172537,32922.4147876536,1410.23042200715,153.07126934691,831.416961434081,33905.0850305843,40987.4539304912,169465.072024413,7210.80741920895,18491.0711269788,15443.3530168226,42.5642147623161,188.691822523315,21.5024303656109,74.358487432385,2630.34628751393,3565.58907228095
"PE(P-18:1_14:0)+H",222.321681381159,2451.9972002911,3575.22696298736,19653.9737629632,9833.42860442718,43910.7317738005,128.412458236117,5345.69439538764,3245.40754402857,487.314442721939,3825.26114274364,2018.63888385603,35937.8429430506,30261.9861262379,27876.0180613675,9690.91433458974,5593.40622716166,25544.5404062989,991.685912351078,6481.33075733603,92.0355250754608,454.61739967316,2122.88715534536,400.158980019267
"PE(P-18:1_15:0)+H",12327.7302644551,13796.7685015715,21675.1835838799,14552.313141511,18420.1174757032,24815.8822931179,30870.5321778779,32648.8192373702,33704.020265644,380.1199874471,196.926843179037,1983.52725764568,46113.1508405251,55228.9743320147,47619.2170022824,8453.20656781824,15025.3983894691,14069.479482423,661.880271527231,57.8613930758303,173.631621617571,57.54159540254,28.3140996944755,1399.07992946641
"PE(P-18:1_16:0)+H",94758.6865522523,79184.1048414335,94838.8551870928,110818.130977445,68532.5227395742,97892.6227092822,117741.979558614,84860.8215922131,41154.0373015287,41263.5856402535,36622.8101058513,44954.7401835308,600.15593424506,145.07737971714,1770.34278029416,21000.235801948,42482.0614023673,19740.6778383663,61869.176876353,136250.202766077,103587.267957518,63362.0884344624,25880.0837287559,50290.7233059215
"PE(P-18:1_16:1)+H",48.2160752433335,57.8366336001888,1071.54068800281,299.648239004412,2871.41001740815,1725.75036700997,3479.83399333434,209.27344999665,6626.32738212777,28450.9179393634,54792.7349255071,17238.6412816379,37319.6441150343,49032.4624683942,33377.4286434763,270.359710957582,577.528484822124,292.454583683024,3097.6002600181,1249.59333179944,123.820700204628,1618.86708628748,2389.44596414955,1952.30898798107
"PE(P-18:1_17:0)+H",22252.3369765395,37951.7080893206,39047.0035921801,18866.2667023951,8959.63071129702,31067.3443353541,28318.4425506627,61290.2212045453,80112.3619390174,0.650392500290867,541.870969443167,239.822219081408,247.137186816409,732.821699234483,4665.0889446799,18607.2407703753,10545.4464159468,10460.2397121934,44859.8194590412,42463.3787125996,49809.5994015998,20622.3248335943,14568.3358983937,7573.34987760183
"PE(P-18:1_18:0)+H",16619.0244131333,18009.378548396,25250.8842287185,34366.9742151939,35598.9496687792,35343.8247262737,45854.463923097,59757.953560048,37031.417633878,918.948667459268,62.6442605321907,81.1099342475511,101.254292141853,1844.31297852925,4410.214729988,601.589244487342,56.6055719419707,391.592112935211,23544.6683650846,37267.6958508771,31807.8652757048,23597.9759516709,17117.9950520866,9626.7646654434
"PE(P-18:1_18:1)+H",32190.0970084333,71825.4214314276,52167.4603232266,4993.45768880904,676.221459254161,4592.61167846844,78795.801389177,110978.551503919,21453.1922119573,24415.0799884763,42593.3766466997,37205.2549167716,56371.1446140982,99913.7590365111,19642.2234827365,12248.9036198083,19611.981570699,19076.7026299933,33578.4445321271,75021.2536235955,32743.1212138574,11102.9681285918,16347.5929393595,15151.1459673043
"PE(P-18:1_18:2)+H",3421.9159375738,34.8811336643891,168.434220993226,856.969456840657,326.379822413116,22.2524843264987,19934.3515244642,39960.9856052178,34660.3047943439,10719.9163627012,15331.2823040734,17166.7968496376,1288.25517011352,4440.21911341834,2668.99179305697,1593.75398710328,2603.34774470481,2338.50558224172,3561.55087131665,4.30184333917289,1025.58277381278,12705.38427851,11420.4700354943,9913.77334418738
"PE(P-18:1_18:3)+H",48.8443379211652,161.927217218654,5822.52789679197,3415.18024559157,1924.8191143457,786.98463052791,59.3681351370323,4841.65135046024,259.226166801327,16272.2192370927,14131.1219847373,17696.4986868701,2230.4001457069,6431.71521757349,97.7406047004592,312.335160395276,896.516128619572,237.026347756052,1628.12580016554,1170.32663902343,395.732174899413,11241.4356278309,6935.06467180218,13136.5911168853
"PE(P-18:1_19:0)+H",21418.5033449371,21450.3062575279,23673.3924359593,4913.81539515967,1.61292408887235,10.6885209476988,26075.3241834166,26008.448791172,30284.1674760341,1080.0664219935,194.353352300585,2844.03540508854,14797.7961421178,22320.7569317865,43373.1900094775,15131.7031044795,15931.8112029528,13862.3884076031,13268.4663311119,23019.3999520321,19297.1902799701,87.0552959203624,2161.29066620903,1973.82474034036
"PE(P-18:1_20:0)+H",510.989406347406,201.104326561183,205.91840526701,36147.6709207705,16992.3487140359,55858.0602573336,283.52291483698,2892.07601298742,2928.69727536339,19779.3319667554,19567.4611348444,25700.6675696925,42699.3447402556,21631.8619335284,35520.8961681754,5881.62486371961,15837.3026357062,13054.4482789513,7396.92317183322,151.504576709969,403.18409176031,858.900904285448,124.393223753947,75.3666827160608
"PE(P-18:1_20:1)+H",32833.8120177173,31731.8934363983,43906.5513755731,47271.1425450927,34097.5874858563,23873.5556719394,2483.69649418693,5312.2108853846,1283.00393492387,27102.9637444259,31646.7159228655,37254.9524888707,39177.2458091592,40281.7862046772,48361.7105909471,113.581026456102,2145.46531089401,183.825115984155,17101.8445857248,29014.2923836749,24119.0377991118,8.03705842825528,14.1766603776625,630.6682073554
"PE(P-18:1_20:2)+H",16393.174004916,9576.19028255371,31135.4899517323,314.511975717876,457.099035276008,6363.79189757955,20659.2471382561,16229.9545030129,13641.7020765034,12915.0741020587,20882.5731992924,25820.0141443074,5.6702211235071,2.8595475847617,1593.8019783198,20527.0799786143,18115.743906044,26156.398455862,896.395438924272,26.4549394629423,1665.49701861475,11919.0451351389,13702.4990858287,12685.7899279534
"PE(P-18:1_20:3)+H",11018.1858506884,14993.139724685,16797.1963175498,443.573306469175,4007.97005941459,2063.62207777944,47808.4832111053,77562.9981132586,20953.0780289293,10362.0556538538,11425.7929874108,9911.67254762193,1890.04403177011,403.303938859062,441.244640065786,1300.19374557582,1180.32888454891,2859.22913731919,33682.4505605868,24927.8903336225,55157.8315551876,11609.2250148573,8499.69487579914,11230.8031626665
"PE(P-18:1_20:4)+H",234.682239120553,215.975413263603,6317.90450643533,29723.3099027787,26324.7714421253,25779.5655761938,27391.3271903843,25961.8408294468,21864.8077347058,11863.6556615612,11056.0737011776,19142.4495766109,2998.81939559829,33.0818486964223,369.425357989147,271.386770157261,2514.3076226792,725.457967787988,37320.1715014872,28517.5216501778,34712.0847435703,2196.41971818592,747.847332409776,669.154227731264
"PE(P-18:1_20:5)+H",390.727655622368,44.5251421038657,1340.6524300335,1910.78896636788,2582.5200890473,846.449142525654,148.075500664063,2706.78246845205,743.683778634689,11989.1445554008,14690.4701305812,15779.0390686427,1731.77261003879,363.014368657963,5717.68670046877,22154.2204893158,11946.7046141274,20233.8267874208,4918.50071785274,677.532093949262,247.529615312043,53.2356398063669,1107.05557280418,283.926224467472
"PE(P-18:1_22:4)+H",24239.8547697387,11721.8672402938,28222.9843391827,105.955629615149,2626.47243412224,713.272951888831,230.340142041415,27.5320730722385,783.391030896819,26133.2286396897,31724.7482660734,30894.9975640955,31609.152084356,41725.4512287022,60490.8404313775,6101.49823717247,5341.45120240929,7827.29195201823,3055.37366910539,579.950969546617,6.89283235462641,20334.0028720421,10172.0387772831,23767.2936243867
"PE(P-18:1_22:5)+H",65951.510902582,31467.1191841273,61622.9986212006,24364.003581883,67076.2314728577,84102.8185503716,74099.3128584754,39853.0532429443,125467.790485158,23.2065627364178,107.849987432013,329.507452316467,79758.7898674241,32402.9332446394,81578.1467369378,7085.78819614253,16305.3302293407,14044.2470223433,921.999795704334,226.873563645079,3762.05897130419,16424.416411204,21689.4142929572,27681.7527001814
"PE(P-18:1_22:6)+H",92122.9384419597,107105.365817886,143454.448061266,4.25165401633758,3304.90315472864,2463.30240456907,3064.57427957935,3329.05883410543,205.476332101105,38524.7973110485,152433.331058844,101905.80140882,181.156500346731,2122.22546722052,1611.60681871589,47.4579134983126,1008.01754394748,1815.02536196348,179973.992337236,137148.222184061,177514.217590307,29749.1863669581,37972.2557028817,47320.459389144
"PE(P-20:0_14:0)+H",10.8541854418944,4855.13387295797,129.536497356201,180.891939377779,3538.70493731278,223.290315720388,701.62330718103,666.416941069255,7536.85405725796,442.527297227526,1839.33740398344,2356.30603354998,3123.91773732175,155.066769184306,2999.76746598238,14903.8248603646,13595.7150386497,16983.7496428253,4670.16409431113,1080.82043402594,360.012911241103,126.100477427987,314.926612459303,392.143211205088
"PE(P-20:0_15:0)+H",84.2747108840628,3581.26269817704,1125.36588836151,21816.1638210754,21314.3142620244,23851.4279779178,1707.13345913329,7.96760736525339,686.832111129218,1654.72103064222,528.389953518931,1957.73034662607,52502.5812574584,53568.6796940187,63005.9673520461,138.946613183614,805.174889190512,1571.93747501497,34897.5556812938,47103.902576613,42899.0709711486,54.2154236354795,2601.98090814388,3378.68458905682
"PE(P-20:0_16:0)+H",14744.6763863202,60072.3030873326,49197.3796466448,5876.00057197278,4441.52272642808,2682.51624489402,48544.3370333571,61246.0747668858,41538.0860671744,462.512120007823,5081.8404530851,1473.54700167896,257.378366248563,4900.5822256955,282.61193245116,40.7908168075079,2578.88751292247,279.682601290432,57951.5296899255,64830.9733134594,26146.3338878382,1746.58942641775,2110.87800379605,1897.33972911486
"PE(P-20:0_16:1)+H",15477.048801253,14352.1424054688,19280.5611188402,31218.8251440567,49908.5829750698,76146.2830187551,43424.8359407104,41758.5243258897,52233.374153789,22514.7572218174,36330.1809039821,15107.6483177123,1828.4951957603,2733.17541175308,223.329954508177,28101.2128055956,4951.71944458226,19477.0847143627,31840.0682537962,47806.8673574422,41564.4058205172,1182.48704548428,58.1936483997492,166.84207657062
"PE(P-20:0_17:0)+H",9598.75633395841,14572.426043102,25319.0156322541,287.751546025181,1381.90603124056,29.7904985102029,1347.1053518339,3.93108573027906,918.374081669458,15247.9812760114,13956.1128451539,16826.3830958667,7731.72584325004,2749.17178190366,1149.94658164913,14026.1914366584,10774.824804254,19818.241332384,26064.3050146989,28474.3281474749,20647.3882163138,37.0749683369913,1106.23545567475,3424.45309488554
"PE(P-20:0_18:0)+H",611.2977286923,52.311986183005,694.371109971591,46073.5854485316,64720.981452198,28649.9769251707,6103.31723792911,678.087633309675,166.560708932684,79.8899646395523,4117.47885516752,1242.09504448711,6337.98635172296,1291.13343991211,2971.42586319801,23518.712677741,28446.0141252741,20639.2368554864,1288.45095303041,1221.11925340609,2647.1727854995,2.03764191895677,1521.9692594758,2483.34820123244
"PE(P-20:0_18:1)+H",3.10786476568101,297.487003840532,44.8136028876092,58.7019788630143,818.754684300655,3415.2576127676,43643.5621243145,29398.0135043731,42274.0529216585,18662.1144944478,23259.1756815474,23287.3538303188,36410.2582354206,31415.9679980885,41078.2666226252,4.35738087875444,633.560869164565,1721.6645161884,16518.8826231289,21116.611811659,26760.7753035604,12913.2942298864,22854.7086695937,19682.9672875226
"PE(P-20:0_18:2)+H",20044.7154380857,13609.3027480568,21430.8722709959,620.959903381306,2645.28245555519,634.022621642509,23617.037994741,37218.1550601886,58790.0367750221,1.52767367581683,301.131816100896,2135.78533540445,4337.47186045459,1883.28093851794,853.430162185245,179.935938884634,26.254774930597,41.9515487969069,1484.71232768842,2426.30774603762,530.942812970406,10343.9746744822,17917.8861699816,15866.0774295138
"PE(P-20:0_18:3)+H",5.47989421326456,4005.01872111992,385.193941860568,43.8180652019095,6.98522334162256,2331.11886017699,24453.1579311554,15087.3737776283,39165.1806352626,1561.90638103335,730.165318156633,1325.83956204916,212.140599955963,1089.91153496251,716.751513535875,13611.0832944203,3781.80251082211,10273.0382419632,243.346292988499,1356.59356886293,509.202399395733,328.935724353472,3192.16600627454,193.908336774342
"PE(P-20:0_19:0)+H",116926.7043637,90504.9989334036,97782.2634535859,13.3255446925431,6146.13560067631,14.2215838281008,5421.43787686606,129.822823408306,15.6607152256285,1478.56995403628,477.269282480073,1395.34049985441,22044.0882388569,32477.1250093283,50228.8128203287,99.6766515986197,193.653389851858,393.948815793322,995.90633122434,294.303971144806,224.12328066707,15726.4730650266,11342.7523229208,15121.876550263
"PE(P-20:0_20:0)+H",1834.63935279729,584.941846572861,600.84677166595,18648.5914320457,39552.9837363412,31915.8301390151,7023.23649582154,315.725002626992,85.0677901590089,1826.39705959057,451.292400581272,492.914536649836,2387.88089696998,4124.81753896105,86.7573202369565,88.9370275490197,280.897726279189,795.820679204488,4.17732029314766,1748.87335856347,1531.72795953468,1361.86064004698,2350.43046609377,290.938702313042
"PE(P-20:0_20:1)+H",228.59395347115,23.5421215329472,2157.52509561236,1000.74912720465,4861.09892138582,2940.48416675183,3182.56824366157,1827.15045547495,1939.47610621763,13056.719422395,15365.0279222411,14451.7646881718,10598.6806531189,12813.969434745,17481.0610241799,4661.48228601898,2136.26632867709,8339.00176635704,36.5133156546211,11.2949373378071,506.425812473271,207.183160556933,107.410885363251,2002.90269708377
"PE(P-20:0_20:2)+H",354.046185678858,4122.66086867744,1455.01460881914,747.458531663636,1441.65057400032,938.893531827308,50479.7161943767,47654.8132936043,51842.0517108649,20196.4296915449,29961.9682181245,28104.4290939524,706.135870979606,1681.45001542887,521.146349627065,44.0883885253925,453.944626107495,2123.75371306871,488.67092522998,391.21144018503,0.561733233096127,1203.60372463763,490.538771894494,1651.52575448673
"PE(P-20:0_20:3)+H",47261.2942781775,13515.6614347228,38126.2579610801,33056.5375062945,21395.2689269317,29725.7622445751,22070.9882592695,28465.9764977926,29246.4930053039,32087.5808578482,41954.7036670672,41788.659563803,5218.99897448197,2019.23105056802,312.989709681002,2702.59860379793,191.996390491022,1200.71811792359,15581.6569628468,25464.8243015567,36823.865929423,25064.9767829749,26431.7221656829,29235.6357980673
"PE(P-20:0_20:4)+H",14843.0413171278,22795.3978384788,42616.3008361762,63119.6829530776,27134.652345584,49199.3086654526,28305.5932008489,23368.0448497666,38503.8901909833,1207.54441620195,95.1704188709376,118.683830657984,44330.4995875738,33328.7676948806,69308.1887859185,625.455641474017,1576.25311358672,1020.73088782741,314.347144694462,1498.38051272062,2127.54677190866,178.531721012847,211.034394807885,306.738776670244
"PE(P-20:0_20:5)+H",15137.2700180745,13563.0315335763,18378.3345246504,22345.2139271485,28055.5493972087,27585.0027855718,1538.09609297864,376.649721199748,312.24993802677,28672.1047182166,22244.6304660756,8426.04211501197,17696.2887695946,16830.965182418,59005.575772183,12598.0224973274,10703.6054739857,11199.7614198387,10.1625188385943,1952.75060562216,723.187523877845,28.5287864781447,1363.2689400362,22.3616158810175
"PE(P-20:0_22:4)+H",1053.22230512996,1741.54517656466,2761.86764879501,24332.9135441596,19837.4108706014,24134.2803573147,32396.1592642788,38911.2261192174,29990.223994316,9356.43594694822,15603.3370983984,25356.7165329817,4037.06098555392,475.552686575634,4340.40651919391,550.942520301412,1115.29036276152,411.189739737625,11535.1416389067,24030.3942420034,49985.2833394704,16877.794249421,13535.4151576224,9658.96635712222
"PE(P-20:0_22:5)+H",40493.2226235186,17593.7259667979,36682.4848697381,96762.5749456589,58234.6561079815,28671.1015576949,67683.4337457307,46650.8463485269,66172.7019628502,43814.3790403082,20973.4207889009,38653.708647705,1752.95031734465,12.5623683179146,2946.50399262339,140.646974427998,1065.08083742605,1406.86496734766,2857.72470585619,2295.94000193622,876.531114144017,2282.77494393458,1313.1655206518,3548.71983248474
"PE(P-20:0_22:6)+H",28014.6226673302,16934.931914955,10740.7359150166,1155.6847538749,710.023812613167,6115.62303395481,32208.3647075075,41126.6431348772,26991.8065556336,584.85142156168,3128.84010679487,2944.70280313132,4581.250759317,744.564542573466,342.287990500757,1014.30035150641,2247.66315407839,60.0510085853371,33901.440715997,13862.0638698856,56673.6837484243,1491.17052190954,512.806727184524,3817.90135967499
"PE(P-20:1_14:0)+H",12992.9788723379,23948.5830437251,23993.9330647622,33823.0603039763,20882.9473500352,29859.2847725398,51540.5296045336,75755.513218353,45047.6624574063,16477.5623250621,25171.5217772221,13286.2281108284,107134.361357621,61879.525175575,34598.5114678145,100.421515432473,209.815343271028,487.30865500469,37675.9729897613,110853.118059528,18814.5956861406,19509.4443861117,31442.9607061041,11090.2746000542
"PE(P-20:1_15:0)+H",488.007895534131,5080.6792826783,9.3763245653259,622.53845317505,110.994233533099,2079.8357936048,7255.12052005957,15.8718572299725,1707.826129191,15019.6033013547,15328.6007584873,7004.10512974235,6666.9952337351,3805.85198406964,1295.29824737975,2368.60672226331,357.835008583033,2240.28887755393,2998.2637931542,4700.14874769793,19.9747668195755,444.182435683896,143.544412430519,3779.46704746829
"PE(P-20:1_16:0)+H",22606.0278822522,26536.7518263926,41572.6392977875,19219.5880271024,17667.0651608331,20163.98322923,25477.4535210101,34483.5353069203,47874.9064768198,33824.0468893245,23471.8641919574,33530.5687152661,2273.28369351618,100.534050952486,6303.71488549774,974.518959255456,146.798098021891,583.717202581858,66491.0994302795,45893.4443100535,26061.4830869466,11874.6777535677,30785.0657599374,18570.266368982
"PE(P-20:1_16:1)+H",247.514466093585,2545.85817334353,87.1300437902375,48095.1848282247,47545.3904209005,22222.5099530584,31065.9297221872,18120.8092411192,14000.7311179599,889.305261870194,3581.95147693818,5217.8100182409,196.932653788584,1414.16708537796,4337.91244502495,8019.27097363164,9372.98838028997,7433.37402788188,31851.0870673461,22968.6748819857,42862.8420423312,5054.78681546457,16173.6022274486,13743.4542181049
"PE(P-20:1_17:0)+H",7363.446465765,17139.3467399593,15980.2065093621,31.5812241804796,6299.36980840391,1214.73716736192,13.5171905640462,308.380188339831,3704.214305017,3580.23119981524,583.322162000107,386.654359530223,2714.74771536523,3780.68412796925,89.9074369564546,1453.92057608791,1522.64916959546,2320.19158697429,3527.63280872942,5957.77738747653,6017.98855179965,12449.6174473449,17201.526144831,10149.9342172924
"PE(P-20:1_18:0)+H",67514.288191718,69691.885980478,37587.466579287,48595.0608709425,20696.3733279208,82647.148442932,6977.5703777261,2089.22071064189,1185.39706692006,19109.4664950799,24935.6743234602,26114.2977778158,1.92560958492832,327.907678987616,2997.8338929268,2515.87905007446,566.892879642962,1455.41846542753,666.078525304589,4850.96967474202,2573.01787125034,3301.71355329816,307.615755364091,3215.22609745248
"PE(P-20:1_18:1)+H",12096.4532278131,13042.0648923347,12372.3079712837,25508.1374373403,24457.7805884957,27318.2380322467,97.9312616928683,6690.54613409669,462.605632073218,1203.56600961268,1909.62578134286,2281.78699738434,37591.5865092942,50975.0541708616,31733.3910813698,8320.01867871035,12964.3165268475,12741.1999892687,4562.4322098663,1428.69439363629,73.3076829792227,11371.0146935519,14176.6035028563,14140.1881301997
"PE(P-20:1_18:2)+H",17547.2209132187,28426.3495922324,29788.5267447089,105960.948802375,37513.6444607064,76678.9150692851,2335.73812571563,2824.46718350699,2930.29308362941,19499.5238672153,37766.7700015367,31614.8496882042,3502.09880090796,600.229172371594,64.6076739546228,16400.9718069455,12242.0006261684,23606.9097868743,18071.4702676838,39038.3273325286,29860.6385343484,679.343860003564,334.12448795177,291.524564905645
"PE(P-20:1_19:0)+H",235.714621858339,2564.48637328538,622.551338686499,4976.04912333155,138.919161708808,274.555949431083,1100.32998062798,428.117607279196,412.698609283316,23048.469197931,27583.7233503797,11377.8647289934,2006.74200137701,108.802020887909,1421.1174680443,98.4222428527317,646.62453094559,356.77641208639,69844.7411855055,40386.2180452365,63813.6405438533,10274.1663810531,5388.08989197686,26006.4782728318
"PE(P-20:1_20:0)+H",216.350946135079,1226.1244256877,5727.49618135581,15599.467464504,10547.7078885777,12987.2803803871,68.2166013908217,937.413022119028,2013.1462667823,100.97212506043,159.383683858858,59.0638638859548,12383.7724123084,9399.77543255179,19254.9496720094,10.3013311433131,288.117267378758,403.317256085628,9456.97958644785,17239.2172968863,26074.4231157468,11822.9233959761,6993.49602480256,19665.027593319
"PE(P-20:1_20:1)+H",33.4882576988159,722.381779041325,1164.77858868109,1761.17247649068,808.975819596977,1290.21527213869,1411.07184446328,42.4260608001706,1355.75540994823,23332.0611805323,24665.4831199301,27425.1866146644,29756.5934680934,26634.0125650797,35982.9998233157,7497.55500005404,26537.1897644799,20492.0299037623,17119.9904681158,44101.1770038205,37672.1569637752,12174.4013217989,15868.7824516738,20071.8082023004
"PE(P-20:1_20:2)+H",11547.1785735673,39186.8698849486,31143.8406673814,827.626766567716,693.75712071359,3790.07074707517,135.095510802769,367.366004876262,59.757970518169,1966.28146165009,583.860381125915,247.395036871158,21756.6167533572,47739.1025995068,41787.9987557144,11300.420687324,9201.56618936563,15335.2370757801,2109.36599913741,2841.74043042128,6444.63495254261,41.2095704072187,2.89929707325912,2443.33476294305
"PE(P-20:1_20:3)+H",24862.328751705,21263.2957141459,26130.5052348144,22447.7054899867,48634.3900780035,38981.8957781826,32884.914995704,52633.2578723445,15243.5793803287,21755.6440988659,36141.3106656498,19018.4132529795,4741.28342607936,2753.00072573328,983.140016116012,581.069755243966,484.554701161824,524.400956165505,5952.87985961297,26.1204953790608,3197.58623418979,18761.0183727485,31135.8926471457,27486.3634173776
"PE(P-20:1_22:4)+H",16325.7949124021,14527.2804950381,18703.230254258,5355.62190939241,451.464390651951,3209.96388599408,30202.4111814006,31364.8649614049,33642.6494054262,19146.2196853491,26964.7771502739,21645.6349256788,2105.16503995314,4139.48499684553,3280.72641309839,11577.7878908277,5155.17692616855,9914.13535794387,85.9633712886145,1684.20498042691,4816.08013089958,477.59112383159,2273.27420147889,3024.96520901464
"PE(P-20:1_22:5)+H",105.2018288106,3437.21440977339,6097.91513615928,21500.451833228,38157.1696514129,27492.3360432715,32004.9015424612,31272.2108186383,37923.6921895161,304.581194063246,1387.61875626564,85.5139366585607,24571.9151391281,20639.2139789987,48137.5735453622,16995.0085650284,15351.649181976,17322.1200397793,6140.86522745228,28.643352596281,635.852587922116,89.0596845458785,3376.74017019631,2351.30182091433
"PE(P-20:1_22:6)+H",4058.9352940825,45.3740850010126,1970.61119298072,25977.4868927102,27536.6817767823,32515.694408592,3370.44877650621,213.692692770052,3678.42464099965,19554.614427531,26711.2556811991,22947.4439545726,90.0023279143017,64.6740129776689,783.769004669661,6605.60977997884,7111.29993479175,8185.88184460797,772.560094204023,55.2153748829231,5493.01507563773,329.413160097323,243.796662701692,181.289713520991
"LPC(15:0)+AcO",13130.0228907991,31498.2986658133,29120.3202590383,42006.8099050587,16083.6175965067,31654.3274587731,16431.9667280767,48971.5925979567,37846.0797686031,11008.9519684651,28934.9883323054,21707.7873046569,45741.9141675923,29665.4283098481,45771.6780140193,16.6257870456387,117.978229577723,1050.67411959783,43526.0311711801,18908.992725855,32707.3870476904,738.025229374712,1780.449554243,1433.92265275234
"LPC(16:0)+AcO",1315.19372844429,303.519160172749,517.222976090457,3099.27214780237,45.5168019833042,6582.69092687395,923.150833678428,2119.04000228029,1182.28243735544,484.612682066583,7.72958800382519,206.427482872634,255.536881828137,1143.01704947043,1242.13808056289,2309.05976881728,105.886529610621,288.361471123009,474335.920154381,266988.398184823,388240.776334689,16.3428250678079,192.869934284569,72.7772814977332
"LPC(16:1)+AcO",2756679.67547052,2073694.43082778,3082253.20893108,3847426.04252189,2122481.30264284,3257115.89450204,4496726.17606035,3149702.18807108,4425476.94824878,1873286.76428753,1594436.09105243,2006304.38816647,3302373.08024738,2364539.6649159,3437152.87860438,861422.229950572,771120.569975581,972725.885789442,3430079.29455532,2502601.23032508,15399.8059523374,1051205.33281644,917055.783086837,1096043.22137902
"LPC(18:2)+AcO",131656.355443651,73332.6391316395,130038.591715831,274845.961096066,135862.84523363,223991.144552936,137726.680508469,435892.313511028,331925.280082369,95459.4709929352,133640.176563288,128793.804431891,166722.473651177,303717.723314124,283254.062030887,189645.326025162,46846.1748539142,139589.62742125,210121.324516378,190319.281714618,11303.8854189524,56322.4742040897,45148.5812254557,56585.781351035
"LPC(18:3)+AcO",122274.08953177,114443.250336619,151717.028497079,115194.372315738,107682.82400381,121843.192433154,219789.77049953,168635.456281217,224803.712214187,90625.5936651955,56630.8939410586,86667.2573870066,134522.219909495,71921.587487181,125489.935987337,25953.1771849233,23972.2011345463,29755.2245759936,120232.759019088,80323.2207844297,105012.424818569,40374.9276609224,37609.3998497278,43377.8975412617
"LPC(19:0)+AcO",347575.904611798,307642.725661357,419467.380918252,386678.704409045,261920.219541087,354136.986932024,702211.938972814,521809.579948029,708413.798158899,213502.84104759,167236.929637517,221321.101940167,713746.511108668,398171.704552558,675686.730521785,147003.332965173,151911.382537035,178322.037142913,648945.857120935,410315.370024588,554672.653802379,235238.367389235,162873.039586397,222549.529862438
"LPC(20:0)+AcO",52.2260935199415,1102.74486689494,1410.38349294529,569.934733283465,280.095448017925,226.762182015852,940.750165739765,1980.63129793168,447.873041944778,1250.73084949455,1213.96396453085,661.822174947246,2504.29890169318,2726.84611563025,1914.82341481229,1283.28841630507,554.007914919321,1863.15010478339,6306.92663037737,918.0709730082,198.967968204878,15130.2776316716,17202.809574851,17923.866456024
"LPC(20:4)+AcO",148868.16520452,93686.4395989938,154229.422314753,126469.391521379,28687.6494037034,84425.007426685,197340.280161399,119264.501703902,183243.04314116,26392.3410888287,70846.5914455083,52791.0180310747,375233.999891961,220729.173574659,362011.066118193,40639.1784118846,33030.7139763035,43859.1252344351,342706.851554656,221579.481182873,295475.616973328,47037.1664400226,20739.4776821089,38153.1078177657
"LPC(20:5)+AcO",5838.13100192437,7770.57618384148,8784.18758615324,1674.79123124999,2095.25648748318,2404.08269582579,23830.0459964381,4139.30207149213,16190.0427323668,3111.52500118063,19.8358813540169,203.26704670121,14047.9953421467,14312.9665202178,17153.7240091904,2359.2324607745,1985.99642281506,2587.68628231749,6301.20969144188,6634.62132197273,442.869248803144,238.128990808366,1911.94384395326,619.441529757191
"LPC(22:5)+AcO",4132.73398679543,554.794768974117,4500.09470878852,1531.80341995038,878.068690790026,950.382590471226,72.7532677739172,5377.32607198796,12.0505805562519,5.18436964076579,584.849697165175,31.4375908170124,31239.9225822546,11084.4174821997,25798.428459944,3540.53418736216,4394.93107194139,4741.39007507996,1715.76973548981,2634.73275150137,69.5550598405004,100.346302382688,378.011863172264,2457.64834148426
"LPC(22:6)+AcO",14256.4588462148,14323.5247962427,18343.8854171891,30296.3787511227,14334.5579803289,24337.0060671582,44636.262293247,45824.8386234887,52352.8469619089,876.301284805835,56.7528191938866,773.203409761435,34678.1983521621,33368.6129520125,41175.9967835101,2909.82748651059,3758.53356400486,3985.63397095714,41819.8464845914,35766.7031527754,40612.5090287929,5875.29859871608,14444.5590730537,11126.5215200528
"LPG(14:0)-H",2868.30697150214,131.241710640163,3489.05403880313,4131.36565677003,4252.51760779935,4891.61657021809,1689.41237903398,197.151939057239,229.684895941136,3857.58569062726,1937.38746555411,810.522413953569,410.875097930694,811.151699775098,1156.66899365724,1793.97537324793,713.116944521993,207.729853549849,4658.53071877035,74.0553346401309,100.034159399567,174.410980081596,406.331526793418,65.3107853583204
"LPG(16:0)-H",1765.0413625153,1417.11453436501,1353.46605228472,410.741680836085,498.413009423781,0.270037047582185,1151.74434502963,1106.21764169295,6976.03112976428,725.37788273609,277.818221466198,594.762956524459,697.105172965095,2682.07326682855,998.412330478968,2704.82274968378,2530.10489392622,2967.55794928728,120.513986294504,96.8896129439524,639.859390464357,2105.48493907268,937.090398491835,1067.67916693934
"LPG(17:0)-H",1984.63992191721,3650.9949770545,437.798093695744,737.309098981322,928.182279738965,223.754777825357,2201.4586502385,4824.87451588372,5839.19626835321,2.14124688111194,1488.51266447459,17.1649672257552,5252.35029421803,5530.6490091159,4707.51336698584,7.49391167601307,1309.38003059288,128.948512867731,4541.80863557699,4170.2416593463,3942.22949197232,252.559024840594,1563.15773212131,3118.12872254917
"LPG(18:1)-H",3957.45175914096,9.62931805408832,4477.64731400934,245.758255290203,820.694268732766,18.4050318765473,678.652385905871,5059.45139661784,3473.10599930991,2069.70264912169,285.305515522932,522.259909752696,296.49984738234,256.547331221988,1241.45470386266,399.55296244844,385.839643458918,2356.7028867953,6852.95495437176,3189.68937385687,15.1863459924601,8514.23154785481,3869.60082121576,6968.11694707434
"LPG(18:2)-H",4230.08507854771,3250.92050301332,4775.66472633551,7009.92888695256,2685.58615457021,525.661873230825,276.843193667262,23.5847496769992,131.607965817927,1756.7650771758,8.65808664602051,3215.71760451379,112.506173627763,13.8072755915141,3524.08673890922,1140.66300244629,1075.11967659555,842.476115522185,2667.49436965716,2050.52955978628,1181.54052845664,19.1476768675998,1345.37422574596,519.151939702381
"LPI(14:0)-H",64.2590350996177,29.7934444506227,2210.29899252848,3611.92598079923,7255.12052005957,66.0991309101918,386.926542257506,2531.92338832435,480.388475170149,3072.76040436738,28.7332328474367,4717.70820386537,3824.45823109663,3306.70126967519,4318.84339805092,389.374318090468,1831.06044817397,14.2204790781087,1825.87149894994,538.368617414609,1533.36035654326,832.098580862068,330.462592588995,818.818625109459
"LPI(18:3)-H",380.927577168396,394.344870502594,28.9859406586294,44.4556752251445,874.748879517103,2907.58281191353,786.306795586179,424.523220144763,3668.07281069517,101.059831069564,37.2113432155702,2754.67360039423,6.23931212903083,210.78099059116,496.773174589987,2817.51293737329,2125.55338091207,1853.8710666446,177.164140477572,1904.40922262712,11.5114880456834,2140.64475916203,9.89121144236368,1042.06817516468
"LPI(19:0)-H",1446.69705872743,4538.95957751336,4056.85598128205,670.921926812194,5906.85605761634,2968.88753869493,294.046173758878,5971.56254303312,5.51127296411602,199.518942464304,3198.50403633098,43.3527677762003,29.0746043015448,3821.33436832636,1034.54503278315,1996.82831277421,195.228771784799,21.1560944649368,11879.5035513513,9373.72370485814,11126.0674265898,49.69405253935,14.2536971486473,742.938662097752
"LPI(22:5)-H",587.461435011457,303.587985704455,3463.93198932878,5724.20443894193,1089.2028091626,2122.38552912608,2080.74625627171,1286.16250641305,6808.7206271381,2674.80241731659,91.5388379219076,1301.6822279434,1860.60130775248,376.098169064491,2484.06304239993,191.556690398142,1278.09054366812,135.373475859296,3574.37343142962,3387.44171079867,3964.57510929603,192.669839607344,3639.09359751624,4.30436545948458
"LPS(14:0)-H",3087.03796719924,2931.05913799792,3688.10365678856,54.7173618416851,5925.68588353536,5176.650849254,899.44074584596,1099.56655277377,443.8178983708,3033.51846910402,1256.01455831265,2204.18672517884,1340.57096327917,3920.77985244499,100.599951569074,2689.25253532964,1574.39210843564,2531.48148272139,2237.31303162285,3232.84384672058,15.9276263942737,2877.51886549819,456.574504324164,2409.35654838606
"LPS(15:0)-H",231.14349414236,1571.4852136054,3378.93464667265,472.219414149374,5380.59022537334,81.9600534569731,2325.86940801135,79.9832715909693,164.195216560122,2359.99426217122,3908.64998546978,3490.63270762835,270.732265535899,5247.63786228223,240.382095859522,49.8354857304866,1666.65553709084,1354.69824656554,7035.91117647549,403.617838228781,3939.96308077093,1866.38382873898,1064.37177831004,2991.55789235161
"PC(14:0_16:0)+AcO",21386768.7763887,12269862.6834536,19973.709772929,61672852.9373085,27515399.9617016,49281.1964371212,32577012.5299504,17875978.1277339,48057.9949882143,24531973.0259673,24023002.5418066,51897.3854823065,18414599.7917323,15485846.3805758,29707.4061741943,11254073.6322953,9574780.53177215,12577.3310342457,25214153.9084926,21390819.7353063,39132.7991035026,9628192.28126473,15502855.9776494,44152.7641197802
"PC(14:0_16:1)+AcO",195.688527773812,4139.91944402843,261.79107651377,52651192.0320532,34448374.6385202,47550416.8366749,35985565.8527395,34420980.5577208,40747012.9702719,3385.30660323745,3.57309618301664,3186.56638354583,1170.55359377896,3765.74188031593,1817.51557032665,238.567428136165,2470.91661642093,1093.51448316263,27800526.9928559,20426916.8838043,25249287.9886887,375.849748931522,1229.91917938401,1181.34448033378
"PC(14:0_17:0)+AcO",339890.126281352,224003.276055642,358877.245307645,3550.0920885806,131.454364431799,7055.59190943352,336743.079024316,339789.734299306,391532.980933491,298287.816016336,281585.439337975,333509.092489797,361186.604814056,392706.771124317,455744.477927197,2.9405841490499,168.106493285047,2239.27698779935,360180.270343293,274582.789768038,332312.667323336,3321.79676227856,625.045232609713,1259.6879917827
"PC(14:0_18:1)+AcO",25.7405376863815,1530.06839618116,2080.3124781632,13771.2956707279,16224.8086315004,12002.5371939376,91036.5527787062,22313.3179788104,65610.7190958471,11554.2524299272,19234.765291427,17139.6413933121,22959.7576904393,15111.2597747778,23106.2176300095,212169.275519753,117172.814648834,195452.044483908,435.372747344164,2374.34861502048,4842.31478247137,383.277854220265,618.301219095676,126.782757857887
"PC(14:0_18:3)+AcO",57345.6526248502,47531.3788935025,67052.5211656209,158427.004285411,69050.5900713057,124007.907192572,94262.4364753709,98011.4171402101,111275.074086117,37720.1994406314,34371.3099233618,41547.2255836017,98661.9055924558,142708.974227654,145584.74462989,38389.3006227584,39725.6037141392,46601.1591022379,51548.7659242407,150258.561810754,105485.414257047,44182.2354781123,28670.0402811653,40768.4255526573
"PC(14:0_20:2)+AcO",280203.862867462,236910.935887156,330747.18929915,677605.496474975,378381.676268895,576160.266416285,409828.680386664,466262.705010291,507015.933991596,270367.017415468,176865.064413332,262570.367775027,309467.810752547,356746.733910811,402552.532607883,184602.755430966,94017.5306781095,165246.568142148,453265.134142041,333680.386078035,412001.260504775,193493.989914795,183059.779905808,209398.401259987
"PC(14:0_20:3)+AcO",4185404.92663362,3061125.10810431,4621400.99798107,8611558.83747103,4276342.03139841,7028876.51650529,6580255.01536523,4443765.94692868,6380337.23926343,3480645.53277279,3601497.72402719,4051681.97880517,3603027.18821773,3165531.33012636,4098718.73646019,2112681.96277924,1671245.87685933,2252233.43562541,4138579.27882986,2504695.95168899,3478871.71827717,1688126.27546007,2075499.41103166,15399.921009778
"PC(14:0_22:5)+AcO",106699.797631264,163923.210460309,175172.271275144,206231.512277062,191269.147256609,217300.174733663,262651.699560964,244382.11586799,293441.368905845,210803.718175737,128315.50849015,199866.090653608,248851.399754279,279924.345152199,319569.235794889,69195.0415970511,110629.493960845,107668.6738193,246765.584104866,167569.799070949,216944.45001499,103536.881129907,95957.7208889696,110976.177626659
"PC(15:0_16:0)+AcO",4453.74082403392,716.322593701231,5047.71453664499,4814.72392689854,7500.31635473044,1334.07259782793,1172.54499508435,4152.43655498255,1624.88476248259,150.379310338101,2721.71279687931,3890.7514276174,1555.68131240591,7010.2002592459,24.1825342085599,9336.23693939202,3266.89484268977,7454.70746682362,5386.55082228165,1859.84478547618,6716.80075821027,3112.78091532852,98.6352206909283,403.605822560721
"PC(15:0_17:0)+AcO",327.991195717822,159.636906661604,2209.19632589484,613.213707644162,1052.5328528037,500.963943905024,6672.76157087924,80.5919905799242,4.74949671554606,687.733413928436,393.95423628879,243.046214390996,185.925957470882,1156.5250620128,1278.87883002655,4031.92470955444,4272.2885882156,4955.06106830727,3424.04561835878,883.952074492711,234.551967045978,587.004632709138,450.614514861319,333.504590068592
"PC(15:0_18:1)+AcO",2488.39990909866,646.429584860832,295.83018209327,5253.30066558458,6.72388098528506,2849.94485696726,58.3838403812509,859.179807249297,124.826444653422,952.764235627977,283.030268957066,1293.20589780284,4157.93165541216,499.184643168909,3432.83186838625,972.792723625075,42.4673648102114,53.9725105088885,1963.95509865685,2.66063317852306,5504.28959727605,7027.62054714047,10684.8327753975,9771.08586078883
"PC(15:0_18:3)+AcO",236403.675507096,232750.748409008,300999.98510135,333412.185057279,244059.167977603,315394.235629044,346412.643261981,304766.864093627,29724.3987233492,203054.383203811,224315.953643834,243571.083674152,190046.686020574,121955.488884145,189398.176566283,94505.2355005483,68518.3943717881,96962.446962666,188762.886635786,180518.212479844,193272.393628711,88354.8855775109,115232.108693303,112596.356314327
"PC(15:0_20:3)+AcO",476.492112988385,23.9417602835606,28.0341079217524,2722.89964125433,588.658863870685,3141.89377939504,14225.673191791,14005.4210069663,15942.2385402818,463.080772946446,3112.39843270892,363.71452578597,1292.41111724093,5008.65904589884,4965.50732764863,674.347721302003,2414.87969756756,120.927663691676,1216.50551086065,6576.81201188171,298.264535965324,940.709993527265,9.76703748484858,733.094695010497
"PC(15:0_22:6)+AcO",932.966055973845,3681.77162637558,1493.76954919382,542.505534752109,1329.22404588169,462.49984402054,4549.66013658243,5375.6460149931,13.9129480110605,7085.34358885971,6192.59641674352,7670.54780372509,4438.44269473563,952.545962643381,3946.04166418992,2.46223763238302,701.17606070684,2806.81920208431,1971.51162315983,519.49332867485,503.491470535003,1673.82365016279,1902.57300550806,1406.5189015652
"PC(16:0_16:0)+AcO",18.8188772293663,855.925325497375,1874.12732992484,101979.501415233,59806.5306364685,20423.4833576564,1836.95110031552,1862.16348711958,3856.04765792758,1525.61185889078,380.77266082071,5268.3818424384,1007.28992132182,4322.33102302923,64.7879178102762,16.9540483756448,76.2606445742345,11.2938119696047,5.24890267378761,1201.44332879009,5136.32592892498,3214.35149393989,3221.21069871684,2229.2138388062
"PC(16:0_16:1)+AcO",27064.0979749299,66509.6039058866,24096.0265242565,305055.318578856,218978.089827273,286186.937009693,308.869796036642,2933.66135138966,510.193242914189,152285.143969004,104504.660162031,10730.1786380043,48642.9073993524,41019.1778688549,54312.8333143409,108084.91219894,71260.4931453936,11181.7880477414,717.039053763666,74.4866073931568,13.6559877243212,96317.6746632342,137281.52652039,4297.51209370329
"PC(16:0_17:0)+AcO",1897.87386131426,1384.85855730148,2632.68523084075,302.163451897322,4.1604306971802,203.630171805945,455.954828606956,1483.60762269539,2659.15812773859,1504.74608952282,1161.05139108344,188.692570703516,218.379318864281,1969.1522152817,94.7356785276957,1607.51378338102,8.98585379847169,696.871149501903,486.878400007109,834.402276131981,3837.31726825723,11518.5014643422,7118.83574201028,10437.7071970129
"PC(16:0_18:0)+AcO",573.708187246293,1138.09216193559,3701.23735442748,1113.12317074817,4067.87471708057,366.228491728395,14.7630646305851,19.9972548127629,66.2934328636419,18858.5973365155,10442.8422416739,13112.6040518455,50.0532350007792,518.430109112714,127.245770394611,923.64477304894,76.3792427745022,76.7909905084828,652.993205477571,439.079503296914,1145.48335435847,11097.6056211913,32491.135755007,23810.7319503857
"PC(16:0_18:1)+AcO",92153298.0168032,2043262.8151239,812188.510259064,194740830.915404,153546405.542207,2029236.27077066,146829986.077564,127649232.084513,596571.273340319,103523957.518872,115912889.438233,1217009.7964096,151257647.223367,133013713.78367,698603.712218753,81281465.4980778,67250051.6751471,383007.293204646,134606364.829783,120616110.964504,2240162.89826336,73387825.3774787,66462728.6160624,1378875.13319547
"PC(16:0_18:2)+AcO",4403.67781791855,459.026491777361,857.703105591536,2693.45429747295,2274.20410799866,144.131473869792,110007.756883428,144677.472740259,147389.733893409,3615.95533815446,1472.40308104786,38.5522854127268,448.449613038444,6140.25551751627,7823.66778647183,28.6006424220977,557.08879774903,30.2940985321721,460.013135949406,62.5881331876271,17.7272452076281,549.206565930867,325.945539202839,3780.99100896564
"PC(16:0_18:3)+AcO",115793.657666812,62256.7397499486,112874.600872152,4520.02423381033,1652.83274130159,142.058797417122,77056.786416986,51831.4201793181,74596.2537067099,41.038764068282,134.54110281572,497.093004747957,163004.761174409,130315.977441446,177754.208490765,29855.9170723637,15172.5666982753,26705.4445775371,143688.541034345,107999.635090356,131766.687629136,30023.9330235518,52359.380489171,45345.8212545718
"PC(16:0_19:0)+AcO",50324.269037838,40164.6370312613,57809.472504364,37.8456665955045,4460.57347135924,363.99497145911,60966.9518720992,69655.4431351915,75594.3931771136,16136.6715283861,63809.7628443657,42664.8799080079,46.06608339167,15.0496612412697,0.526761055601413,48916.7457844715,29064.7374188973,46305.9357085572,788.312684106873,7175.43989510398,21.9150391401266,48443.7404511385,48129.0093327137,53658.5200496115
"PC(16:0_20:2)+AcO",865.69183446814,356.728503756422,622.944305754033,38056.6874710365,35552.7205458901,40240.9188149818,1558.56792171971,1494.7843047151,533.870654914911,20559.3212536594,21602.3131181531,24099.1340318389,1680.44001288575,1919.65948940747,968.737712347141,28564.5139334192,7969.65033380197,21579.2845119058,403.868724455777,10.5457718538331,3734.63581167598,17439.9500331453,29351.3025833158,25769.7547337519
"PC(16:0_20:4)+AcO",1311.15437645121,2101.5748120574,2825.1138537716,161.77691875167,7211.4239842832,592.456574991334,2595.8143507095,3071.68771740109,6603.68356581074,2650.60742711943,20.0620383557805,1558.06952204787,5690.15537703343,1267.74312970452,387.154571144342,249.119334828043,10.8657961094027,524.803135827446,215.75089406758,749.860850096884,4625.83495854033,15737.9757111792,11647.022129467,15291.7571289674
"PC(16:0_20:5)+AcO",36345.282837122,48784.0593688532,54958.6629687436,48101.323583337,49837.5650342389,53563.1244242466,2996.36753944821,4820.90128614252,18.3312502950636,32399.9217997874,34006.9036485751,12183.6655205493,38079.8720189207,64696.6226140002,61914.2685704763,20117.2610933404,16802.0487334847,21984.8540712577,93343.998148536,61442.910944209,81048.8821415484,27573.4502776658,33491.2957431419,33813.2829112987
"PC(16:1_16:1)+AcO",1120556.59254127,813713.973788513,1233385.64808866,4289.49241509994,130.548076121582,1573.04267525221,6836.72163331915,114.600851410922,96.6988886845213,2883.25201718008,2209.11990433187,5162.383531067,1488.09960812761,6399.00354750217,878.489992034313,428.720729411703,229.073364744083,134.660043545931,428.435049646257,208.418526907271,1044.95666302309,3333.9081002526,2577.29027036081,1718.2230585404
"PC(16:1_18:1)+AcO",83260.1294388345,28759.2995986171,12709.0919558016,474.744586275126,698.154494215531,1326.86519744532,4969.73959236903,603.379498282984,3824.58998022501,333.892289769591,303.3812527064,122.904579918563,116230.237525668,164842.374796577,169557.127917493,92388.7564559863,94048.4398691164,111207.628886123,178409.766900127,161509.81325708,177917.534472699,75767.9154484129,77989.4154959845,85380.2421460747
"PC(16:1_18:3)+AcO",314774.710330083,218434.175668148,339693.78956267,365967.979603694,259088.481603149,341339.957178606,419785.795482716,354858.593451806,448324.638040446,218816.567493772,330174.181692509,307310.22556504,481623.741164347,577120.731605167,639536.941218285,167732.090935581,93130.1342097164,154818.374552724,569041.686252148,376071.378725539,494873.819235789,172709.093965904,219906.285317845,217228.790954641
"PC(16:1_19:0)+AcO",1115.91324630819,1870.10048642881,1731.55544358859,262.119014111887,5254.9845156196,438.400254039419,6119.02552062349,363.9252043606,237.320617707166,11.7983137666505,960.485541481482,780.041538619611,48.2394308373206,871.865186267822,486.663814433596,638.204987913532,759.254239114009,2810.302364313,160.164581387998,2337.6869473842,224.769786576286,50169.4709732636,29967.6283969788,44904.5594675588
"PC(16:1_20:0)+AcO",3975.22332399202,15.2105761853588,4570.59725534557,13211.0210584846,15335.4403506511,11766.9357973667,424.561395058403,2442.77622941221,1759.39599119261,8768.01414386047,5207.97942570839,8247.65317586909,3168.70680372114,2298.70616647009,772.063122799511,35.9115481773862,380.149573891374,2423.30265669353,2087.5134326459,6645.39711309517,4031.81971550359,350.006972944626,2197.59004088463,2036.09858943975
"PC(16:1_20:1)+AcO",2206384.78869024,2041463.68592601,2721897.99143154,3369967.08988683,2859610.60413716,53860.358467843,3132678.99627435,2822017.35614826,3446243.80736831,2236487.60833607,2178204.93647719,2534502.73542126,3192300.27923357,3160107.21091363,3843050.34627642,1317517.87053856,1407494.01722477,17038.3692450601,2674191.20049012,3170448.20625986,3058114.11820689,1499252.40988033,1526169.47748984,18617.7148108685
"PC(16:1_20:5)+AcO",189.921254333933,2520.17929940534,981.81871698222,64874.8544375856,23316.9705670624,48047.583469129,1307.57290070147,654.139651005953,229.853913348354,1372.85308541786,450.750189460798,147.971578593498,191.651011617893,334.256916287474,1842.95771554928,2408.94093921035,57.6028180317525,382.237442975598,967.132355792046,3331.25680770581,5899.56425946693,2257.80172390822,732.304506984877,3969.10129962799
"PC(16:1_22:4)+AcO",123752.674694862,379612.946558367,329718.490293429,151835.863203932,110827.964347624,17606.4640153561,145637.544371585,140646.376434874,165683.442629082,1430.87103096585,3574.65197031121,879.818060919562,5103.3645934973,8.89528654002765,92.2843557576071,52092.2086790449,38841.87620086,54098.0298972697,900.81810385374,233.211402910354,230.471251603811,854.848731623561,130.77228475608,4029.34543941792
"PC(16:1_22:5)+AcO",2592857.7216971,2407877.01306734,3204564.62558714,2060439.67724592,3188788.28470057,2875259.053683,5090629.19175746,4086892.29814759,5311519.0704799,2859400.28966973,2375265.8289545,3032789.44195366,4297546.7013188,3261985.55911809,4582995.2578112,1423559.98368845,1465330.038407,1723352.83169192,4521375.28627174,3650387.1429016,19421.6216402795,1739922.09447341,634281.877937529,1339994.26372847
"PC(16:1_22:6)+AcO",2046.96742790693,3569.74002058232,298.524936517062,6970.21050601734,3665.45508728248,5574.34321794182,410.69926900644,139.676011054426,50.0829049716172,4.51772994872804,2830.88477556443,2531.23698304575,2182.0121153582,154.858525241475,7185.28359273553,36651.5048409581,29036.2052609417,39098.4995773094,22.2501806512873,13.0207126814845,25.415818761179,224.192197604512,370.124152801152,549.122097317794
"PC(17:0_18:0)+AcO",7712.32299742441,17372.686731011,16350.8523438483,475.813413223656,101.736494936093,7546.19329237301,545.236570694803,1076.91291709543,4716.78209999269,115.664771088079,33.2352508333255,117.162252433584,665.120105897563,38.1981816158796,4588.21984003594,84.0831668096383,88.1717161824875,1067.73302791112,2927.61485813249,54.680291267424,136.780641667502,8199.19905040034,16551.1223325467,13592.058713514
"PC(17:0_18:3)+AcO",209321.813555991,218502.117363095,274809.197724514,328060.801021275,200189.51692363,288313.711198559,341861.528482526,111413.319673649,262363.542222268,54824.7554830564,66071.3061982775,68555.1518312093,279666.751182006,111614.147779641,238324.662841464,85096.0158813234,61302.0919729954,87069.3410939265,186464.716260295,73302.1825511799,136096.311938712,37066.4551351145,110630.726861563,80660.5150004649
"PC(17:0_19:0)+AcO",4666.14130972821,749.75980369309,4409.22331564976,917.996275257787,591.523343152755,452.138888426867,20858.6836630627,12004.6165916581,19020.5896144514,2.96743519129808,1152.24907179408,9.24436877957438,222.866351736254,239.370132997393,7308.64835025851,492.937684478672,1508.86993404931,27.4865281120585,3674.45555119323,1620.67239021388,5242.04214826355,4.67527443687496,133.477792315616,137.972376121188
"PC(17:0_20:0)+AcO",8774.56642368777,8326.5761277435,10963.543038064,43.9539327229985,22.6720295479798,1952.97205698704,2336.22383381203,117.106090598243,139.069024539236,15967.9517160451,14077.396576284,17348.3351332773,25324.9661217746,9560.30335368855,21255.7884473141,2045.48230220211,1648.22106557005,36.1221320912645,13949.0212017973,20931.897194092,18245.606162904,12380.7748065407,7204.6414646637,10979.152437339
"PC(17:0_20:3)+AcO",535172.867991422,538732.021811026,689306.276808992,767960.464316854,682113.946187102,792572.654538992,785372.184278272,559660.556338759,18577.7109439569,474786.465050889,463216.602824297,538459.476341033,836537.390102107,763057.696241208,968349.213436045,374155.507023774,258602.597775763,376199.472922293,672821.805622817,685677.698523358,710947.63482991,346973.08254478,340692.693840773,382162.932376638
"PC(17:0_20:4)+AcO",74274.1936562399,57915.6651409098,84410.8909016479,142721.574143001,51698.8730980849,105924.291834882,136848.448205412,115653.947477578,146135.505070511,106483.870827933,91852.3755274901,114663.086236454,156002.744336641,85502.3444943946,146775.981970337,48443.9741678736,35325.6874735982,49826.5274594539,150472.820419093,88902.0027387722,125356.51317307,81195.320133367,79898.5940930418,89522.917655733
"PC(17:0_20:5)+AcO",298591.824205144,277463.970722589,369152.072222745,392693.088923529,174327.03493304,309126.207764354,429563.101535369,360030.870536886,456977.237094688,220096.861216106,480990.458103013,384575.715065159,537824.909800602,338321.281260121,24559.5755135556,181460.982442091,192662.973155407,223240.72249952,537956.09111407,336871.904205252,458101.096491329,204265.140216931,286243.406627446,270955.34874308
"PC(17:0_22:4)+AcO",954.033978557974,2146.98814295749,3599.18567363994,317.330882379522,1523.94797624917,100.267497825066,1488.61305167016,1268.64574215023,3106.66314373795,47.6151992576848,189.309103554886,1940.30915592185,246.333415434468,3289.30690449101,11.7988018437356,12100.5228987907,8819.19659495491,12443.0782113836,19742.4142749687,17924.711191117,19715.3031090916,3100.08475613339,83.1502967031373,1784.10491437423
"PC(18:0_18:0)+AcO",71719.3446134871,82053.5141205422,98958.039852802,18845.9629530779,44174.1838033112,34569.7203327721,102075.758076377,91058.9260239007,111775.660369397,23854.3941921189,49232.5636822986,40211.9647277515,146086.696648049,157792.474888207,183711.06570887,39404.2662679273,28902.3982542051,40631.0592340846,130944.674262165,108977.2923525,125590.890145522,26117.5907528635,44477.5378256332,38872.0943040384
"PC(18:0_18:1)+AcO",52459.5221909336,42544.6400861186,60713.6632806407,121.421998454795,4712.56373612901,68.1608344011997,450.473181823549,1255.16945214621,1.62251849015794,55916.3316551468,57932.271740752,29139.7189095879,481.858875111336,1678.97782095061,25.0246862356212,19671.388502477,30517.4884304482,9104.71196383498,2975.31975049335,115.745288591593,5471.17143984969,2106.0002625478,9.56905917146724,47.2171014541859
"PC(18:0_18:2)+AcO",148198.279082438,117259.882501395,169560.256492026,315646.034415599,177309.779372217,268968.846536853,316966.86237174,172344.763666656,283205.389964454,121257.750944061,169878.022541087,163662.190370063,5027.43592811236,1872.54362482098,2133.62695026632,52823.9337770808,62888.5201431401,69113.0906990372,187001.561787653,252266.66584288,229803.377036502,106195.513017734,110978.004798137,120563.563940708
"PC(18:0_20:0)+AcO",736631.490012529,85328.1318398838,510547.874262758,617422.390302327,433837.935277683,11484.0793479058,1076214.5796497,867591.30361869,1124983.049717,374524.682762272,298037.397573542,390607.544827665,662205.790725017,658555.18410592,16810.4151520839,181445.904402315,168860.427644563,208793.838684425,733113.182777298,545036.46087955,669160.568637355,212733.821924389,189114.364814782,223701.162626783
"PC(18:0_22:5)+AcO",2612.59040330223,1591.68643764126,76.9877207103255,4.41760278461184,933.029189223334,162.990029098493,1689.87072149999,234.75515261706,261.45050747491,152.859086742156,376.424519880682,7.86831008239188,5198.98722404648,5115.66198056462,8057.36898788048,592.748693239733,8.40086884936495,862.715507130488,46237.8783012109,11881.9442006026,30461.8256100566,57.2872179220573,781.278203325088,2546.72650806548
"PC(18:1_18:2)+AcO",28.793313469821,0.845640217820648,35.215268735345,1615.48977115271,1902.91254672556,185.318621125698,10.6944991667482,344.713116722474,5994.23819535786,24.3662458765596,99.032480270843,1289.97258833949,17747.0643361752,19502.0775084958,20413.9336151734,790.337501661642,198.422748238929,74.6167466871111,553.301741980353,82.9064410257699,271.449082303903,0.394915055305429,1828.72476482218,136.032254101326
"PC(18:1_18:3)+AcO",4616.11828397039,545.044945900253,3254.83062878387,750.004320925315,263.403826879772,4501.8656090131,202.552657809619,1441.44887056919,4847.80814303755,8.67133581625766,1837.31495397762,647.861594462596,5639.97588457245,595.256435901797,1147.48634017038,318.745838494265,232.500963449303,685.924617013229,1070.63372418541,199.813832236243,2014.01616502931,30249.8672685639,12207.1706575647,23929.8473640055
"PC(18:1_20:0)+AcO",939165.61764209,662150.62120869,1020478.57857505,1607624.062633,838478.069520503,1334299.12057898,1263329.31290061,1065277.50094169,1347679.24904696,712684.396719913,803732.06158681,863215.511161959,1808710.34652471,1316953.26991923,1895561.62701245,700824.57718168,323150.894442205,606852.832205769,1531673.03666691,1081545.8745494,1368206.83131747,832295.289323374,743200.565615889,11553.0739624179
"PC(18:1_20:3)+AcO",30472113.0058179,29354793.3431579,146152.406186934,40554163.5525291,40231102.0724582,260529.654438953,48590343.2702615,41987890.9593492,129152.152981058,28991153.8745628,31902435.944831,145928.968696529,46057523.9943454,41842992.6470642,125655.320531426,18016432.3970812,16687472.3866967,61427.1228672728,43704476.033432,41161548.118263,511342.0757001,21613159.6682531,19888435.1022485,248428.381023582
"PC(18:1_22:4)+AcO",445458.561621083,469692.661425604,587959.671163519,589917.581487518,569969.584869907,634172.746645972,720513.78398615,612395.744271635,771419.425850663,338293.457437858,426105.251399094,9625.86443687891,677421.896097529,627572.089004436,789908.267414945,234870.286847593,292256.093449568,314961.086236118,657632.670245864,635752.58817072,27463.8782031851,251264.190089012,301137.686133933,305950.008973485
"PC(18:1_22:5)+AcO",2509324.00342001,2363848.55431704,22064.9026952851,2843529.25426025,2575149.97304319,2961932.66977973,3695578.7438619,3231369.53015977,4008945.27938232,2014630.43058016,2510096.44621628,43414.1469218779,3658108.68281304,3735605.0883228,4471900.93083248,1191167.02126164,1171375.33321517,1408813.665972,4136737.72713985,3604483.10044868,20806.6719213094,1534959.82088526,1655253.19663979,1770093.19976148
"PC(18:1_22:6)+AcO",5817270.19107091,4532693.69162256,29274.2798327469,7475523.54613805,7405552.55596011,70605.7373772279,9532625.76948708,8455020.94364272,10410262.2109137,4867186.7722977,4930565.59724992,41251.2991138169,8313277.24747756,7977284.10407347,9857845.05991662,3103639.07886487,3382542.97224526,17975.5622159229,10758016.8222599,7869432.33043008,76301.686469336,4682046.19467619,4760828.73945984,32634.328939847
"PC(18:2_18:2)+AcO",25775729.7507236,20285051.4176565,32531.4930677536,39553984.9729446,30314369.3793827,54542.5378781492,32148391.6569826,36235755.216587,39575662.7447116,21735939.2503489,20433028.1430594,39174.360578745,31688671.1783965,19127942.7383346,30862029.2010627,13050156.8719886,10044773.171989,13743177.5356378,32351024.2006605,23960368.2124087,74580.8310208524,10969107.8960023,10359873.1284801,32076.7504556193
"PC(18:2_18:3)+AcO",4115179.78158659,3804113.19473065,5074359.16190033,5937257.01018904,4733459.36074136,5829881.62856702,6093480.52008631,5136666.47789722,6499438.46848355,3469271.8299306,3507590.34324437,3996807.31561313,3533821.5063238,2585131.89675251,3710709.36676973,1338377.63533138,1199198.62465579,1511988.39961006,3496442.66220082,2093344.79376452,2927230.86882335,1175469.75886808,1142217.99131085,1288259.4523893
"PC(18:2_20:2)+AcO",618.997136537551,458.498362475516,3772.74160989013,4866.03172157961,94.8418114133506,1447.21894739266,777.504955351522,3006.52800343534,312.087903265538,991.621900582325,1174.54715282249,2588.31228121992,14545.0950388556,14612.9900718065,18362.3112330496,751.472541654089,119.838309041958,1103.74798195887,686.127417412838,7290.9402308708,4359.95544694216,6215.76158738813,12932.1062227817,10510.5415094858
"PC(18:2_20:4)+AcO",9329579.97579398,9628282.93409835,15265.2818430083,10787319.878306,9050007.69560556,10840150.2540319,13244797.4208262,14734062.553252,31540.0535378663,9273899.65702569,7745572.55664075,21381.4338258419,11099112.5192977,8041069.11838445,11608034.0276409,3528520.20254911,3797108.32804636,4371722.5114281,12437771.7100433,7930411.24201715,10665510.0320205,5115901.55080525,4195803.58609958,23016.9304426023
"PC(18:2_20:5)+AcO",1187396.44620411,1207761.2347632,1537701.32143738,2271102.53743327,1181188.68152012,1883136.07441737,2484711.90029862,1569757.71780986,2346613.30942403,1350237.99934886,1163864.04068747,1453524.61989702,1941755.69981764,1471944.65976145,2069589.95532089,558197.235068107,558037.401916461,665718.273952469,1731110.38319489,1374451.92148675,1625749.84467304,765087.73456153,649962.673170219,788337.301161999
"PC(18:2_22:4)+AcO",830.15483329089,132.947376132043,6.53452288936911,3026.11573243395,4773.18699947315,7216.47536741063,2515.61055455446,2943.80407417336,231.652749083686,13652.6152333302,8387.85664813455,12983.5563982585,909.879608474898,4.41346744602065,4323.40553740041,670.671641673818,76.6975310864782,1826.08142576984,1505.96689143141,459.464511298005,236.607232745275,232.128347962883,189.65923600215,302.064997244113
"PC(18:2_22:5)+AcO",921393.3719408,1101815.15450278,1303161.5436968,1122234.4926386,998871.387868583,1159350.33356477,1801076.30333974,1774514.78558899,2069325.37226829,943764.842621716,813534.112490105,1015977.28594072,1455908.50532954,1322205.15190915,1681849.7066524,563117.176571609,432358.74810682,592368.829472452,2068527.98325316,1164026.54491922,1692929.52967479,608105.280622752,594084.809384618,668162.008390445
"PC(18:2_22:6)+AcO",2569374.88405591,2252359.71672471,3086244.91197013,4339521.82249184,3529233.04114898,4299378.64964091,3869949.01058838,3851051.84482297,4468419.42607428,2790432.17983492,2448688.59705841,3025896.13669696,3769303.79804602,3341949.73732868,4305925.68418622,1579199.45735847,1502833.54145367,1837340.51192958,4098017.74730202,3279231.54117842,3861924.1065971,2024238.78489525,2007359.93743204,10944.4362942877
"PC(18:3_19:0)+AcO",691.839291860064,401.884305803425,428.617969014683,19738.7460899016,16079.2981957824,14027.9431927275,473.635474083167,144.092319448878,1400.35915986033,94.5294598142547,730.964863895996,1112.16699419958,3.54229222668308,479.941643275305,7872.16322179923,75.86356713658,2192.53719141758,353.502159993175,961.910321201171,4.48136133482153,222.247820349718,753.322728974937,914.747561081192,155.365757416575
"PC(18:3_20:0)+AcO",41594.1067226566,24098.9328445084,41704.7670926928,31531.3521810834,29533.4599700299,33383.357506782,30039.1212540733,23540.538986629,31009.4983067994,18014.7185308682,31295.8878422806,27385.2064595797,45350.1316050935,31817.4175902284,46811.8222997314,23.0785366945793,958.780453454834,99.7725749074091,679.275514666209,1208.31292654903,151.336726216528,15971.1394683284,8144.11441471777,13546.047282718
"PC(18:3_20:1)+AcO",239710.655249151,166563.51266174,258833.658571815,300933.555755819,262958.847246367,308189.122229042,304506.372740425,222504.212442543,305012.962040189,181065.475148161,167975.634246513,200949.415821271,150913.85790789,166385.097525609,191792.555812901,56777.8768866952,59057.9171235272,69107.4205661807,201028.172970956,209103.516301993,214629.947917337,96268.39605958,94595.3300309695,106069.15442474
"PC(18:3_20:5)+AcO",13137.4872017663,13455.4145974315,17075.1476593365,46.3748412578386,1738.77066520355,175.59163075972,1611.64820352334,5491.64802190975,159.812908444991,0.442421940664208,3864.05085604865,1205.70040440337,1756.75835001612,109.448050558443,680.676403413481,1228.50428925567,87.5240751864191,2679.44877952031,9.63078599667656,865.468401978127,26.6098711430403,207.391492804321,1182.57135339937,1660.64976156455
"PC(18:3_22:4)+AcO",33.5740815432665,4535.75101160683,13.1031997709837,2891.523665953,249.924419062438,3.93690429405438,711.011228540387,450.493672623947,62.6859378662735,4592.38832302146,187.40061927257,624.491372328533,22300.9346010586,35810.8741250369,35022.4401161754,891.044450729605,743.383396740728,2578.10385437315,43188.6986687198,29744.4315983312,38186.8619886706,290.041815541889,70.2272674185124,2720.45539855284
"PC(18:3_22:5)+AcO",231781.488069553,294459.714625033,339365.735883167,278294.672261936,120265.21566375,217266.140139679,463290.702189227,356523.809159398,474472.967324063,106634.020106983,95048.1612574711,116379.016710094,222816.366981677,193953.530226921,252394.775181551,13266.5115297746,27350.0475443801,24366.9671915184,307986.89802176,222388.929188868,277682.086881142,26352.3184568483,30437.2067727567,31472.8743259066
"PC(19:0_20:4)+AcO",161.015525509591,634.189795994775,3694.31294621521,384.526215342538,350.371192638532,96.5343628963189,107.271307560014,5713.04204718502,1252.10068158205,3606.59766303838,137.209253391066,978.848771378044,103.926481336063,1715.9329779918,234.119560373677,1086.86737222278,1954.59407700523,1455.15321245656,754.993556904364,5977.06791627193,313.14056297702,5723.93622725486,7341.47929049859,7228.0283227319
"PC(19:0_22:5)+AcO",22.9596845370798,3955.65132592759,5661.11691619525,7.94366416524327,5682.75890005861,6792.34523291496,3742.24726472907,52.3306224541936,11.2014532224412,228.573184313586,365.457967223461,998.357507140497,518.72554585569,978.125580486197,65.6383836233019,7823.72350897441,11281.5063512076,11429.5101541663,404.240267565166,6788.71539282479,795.546997779864,1725.45823479893,275.243576443954,823.718113111121
"PC(20:0_20:0)+AcO",352.930904699794,537.04117829045,1600.34439097727,29956.7428603751,14601.3782017176,24299.7879968469,20924.9844465041,9235.96525627607,17457.1032268891,455.595661074092,2564.28780569405,975.364925131007,77.3876079876953,310.200058641687,54.8789499115203,470.379125758992,597.382204637996,48.222969292549,5271.30308814758,281.459993214301,1124.98652076111,637.259745370724,23.2169175958807,850.715700463236
"PC(20:0_20:1)+AcO",42.3424268624724,665.768984055666,83.5450889729673,16995.5297707354,23324.264045589,22075.1017042017,16174.4729397813,16867.512227817,19122.4535115313,26652.0090589179,17022.9806940473,25674.6651398039,11915.8040410595,43699.4050552139,33335.095865648,20685.9084662324,9654.12039076776,17982.4471626733,12072.1196893525,13488.6338939303,13375.2447595494,31159.8399389948,26040.261313202,31875.5260007421
"PC(20:0_20:2)+AcO",65133.2792656339,46013.4375055675,70833.8134673509,130119.987550414,76511.0329749897,22284.0942337657,70114.8064095972,58801.4138818891,74610.2113867717,61403.0533903416,65502.7710915675,72474.2836269449,2534.37195748053,1183.0389893651,1233.92184106011,58333.1804438819,67510.5142062665,75146.310235165,108984.484161256,11428.9116844926,63145.8136598657,67933.238397334,53463.9396829504,67718.5534177586
"PC(20:1_20:2)+AcO",561062.735889485,472725.489812862,661165.476341042,1161824.97322774,603987.380082323,963203.693073557,892561.614172615,571756.783846984,847504.86004093,556834.07340254,625999.684161836,673447.517910752,1334093.80465164,1016052.23620301,1424747.21452585,489464.11261046,604349.916825406,653517.589063632,702360.793352814,819929.61292872,796529.449186736,876011.202290634,660195.438945684,857557.059336956
"PC(20:1_20:3)+AcO",1761.20873491494,700.072376937169,1254.52369533148,4318.72247886482,6867.57735982516,1621.52042475241,58.7779974349649,4965.74931055586,6249.25234317218,17.5407965918405,200.782605391521,645.794976539623,80.7225305781776,3821.3782032913,1067.61701306878,186718.247527026,159947.549218797,206478.256411446,340.555402087096,989.767791650021,214.157299835413,251078.803164835,298611.911562623,10575.4795728634
"PC(20:1_22:5)+AcO",54.7225922459396,449.02269419765,150.993555334045,7688.55612755822,752.795521300152,2274.36453137735,94.590408689858,61.825618441031,268.032375973763,89711.8626108384,76576.5580838191,96193.0340922786,414.666859174905,4.68883851377525,421.333694621392,45362.3242565782,28452.4992849473,43850.8940647618,99311.820201177,135144.540538705,122654.644384068,1257.91238118553,717.842974569414,3192.65795700021
"PC(20:2_20:3)+AcO",1306254.19956188,966840.041470012,1449988.06231823,2282616.58832919,1304223.65710919,1957189.21718272,1947539.77042023,1793430.23309865,2165056.67406477,1461609.54008426,1120122.34767556,25136.3546071775,1796566.45563893,1774785.90643291,2160616.04709309,792673.908440509,479416.35401587,6436.1722068517,1493626.11817478,1589741.71237507,41136.5364825205,1110517.09150941,760146.452343564,1045921.63643218
"PC(20:2_20:4)+AcO",1255873.02700854,1189098.74604732,1567400.48630329,1293815.5594609,1128183.98560343,1323706.09608178,1589551.38137812,1692469.75031571,1899405.06559262,954635.69146114,1095548.41115157,1165879.08290243,1729737.30289799,1787812.69187358,2127295.71614441,635815.459389833,555857.831732539,709897.55311949,2017208.80953239,1651039.44800181,1920241.44581797,774266.497155083,684149.199780641,811955.351878836
"PC(20:2_22:4)+AcO",2217.50891684071,8.41123195844,266.648069128404,29085.7827648903,22842.0440788917,18793.815753252,1319.63841810049,2171.66403849334,325.070321689591,211.030405177959,298.207884986247,600.440719690423,566.347443833956,27.2034549525671,598.4290572994,2633.57474599217,1042.26783893768,399.879031834613,6943.23020277596,22.5206844009557,7555.33719863715,2590.4328378841,95.6665468331661,2271.41211516079
"PC(20:2_22:5)+AcO",442.848885665653,134.399924619094,3171.04798224258,6751.18612424246,5096.17221332864,1779.33741727323,17707.2120743672,42334.3990092156,34744.2130543866,588.059709673895,2995.02525566368,12.1522997192829,232.430079434526,703.05566536335,107.512964189761,232.129417450151,8.75990773019398,418.840743569145,140.179301979214,4397.90962605479,51.0215057760935,82.3020193019988,877.620011186863,3.75237144269873
"PC(20:3_20:5)+AcO",324878.313186862,335054.289718005,19934.8414247778,520070.792579703,425270.728258063,516532.428213781,629648.978173309,720124.768784648,781147.158010543,299941.956702882,327560.982326,357871.39437937,591787.442557567,406801.404568243,605865.311719731,208726.994899482,156967.741287755,217572.744744757,562661.468439247,383221.13959215,495258.801891154,194503.033165624,144654.396122182,189369.698155534
"PC(20:3_22:4)+AcO",26829.3039042803,68484.7332918185,62256.3462902484,45703.8143194388,82532.7155431299,70281.1321456773,26041.6096552986,98891.810729948,72291.5830329572,17902.7304333785,57612.5418296927,40653.1228329026,38330.9293884497,62050.695041479,60493.6225492816,10062.1088582305,26163.111859652,21768.51604585,116034.114254839,74282.3421756868,99656.0344751997,13178.8602871059,10861.3624146207,13399.8822063494
"PC(20:3_22:5)+AcO",241285.765084615,331599.596528783,370021.272131216,267322.41239338,255439.09657634,285809.455819594,638625.947151221,482079.117263298,648617.044134221,110202.975528564,33011.2363776471,87215.9877922613,488463.63933138,422660.132713789,551800.419292244,64478.2073273755,71061.9610223992,8576.16368619249,625145.57098116,252834.831768532,459975.57982983,67104.9918329791,79197.2783786299,81051.2773653834
"PC(20:4_20:4)+AcO",1065709.85793016,920978.491263852,23079.167289966,1033862.35863745,819801.015411335,1012716.63066857,1566012.28521395,1290228.65274809,1653052.3829989,706506.051357826,417423.470677286,663449.614233666,1548779.62441477,1618473.62882838,1915279.4106283,307577.722163518,277756.473636567,348788.520560882,1542583.91649882,1132192.02672424,1400370.28152957,352293.237422167,271870.05688134,348289.114189119
"PE(14:0_16:0)-H",2539.83009825623,18.2420467126345,4578.99122658578,178711.934611801,77506.2404407985,139673.342792284,17683.8777736941,30872.2085122146,28098.9874937468,66349.2212090009,99904.9577012837,93075.7121436389,507.901414405315,436.186842189431,647.794509348922,525.800966264066,23.2373031833544,414.155549827721,259.271599147584,2171.74304209258,52.8930151406571,3435.69591725047,348.071957262092,855.405465544084
"PE(14:0_16:1)-H",22897.4365377446,30497.7216233466,34466.133420611,35395.1272101245,36226.2835039777,39168.122965671,53014.2988264862,35849.6567493448,51431.4971145083,28404.2424303465,11842.135695119,24169.2522838256,62.2628080692291,1014.2614541473,1917.61616507786,896.954232173807,1565.44512160065,553.153766942485,2023.00495205537,2487.76048041316,66.857618318262,20181.6260057052,11518.1305351309,17775.6027526523
"PE(14:0_17:0)-H",18.3364677205915,2882.42261365133,1132.85529147431,2325.08017526374,29.3134479605744,813.24144094419,4536.24767757895,153.652325226991,3992.22432039609,505.860746404045,1600.38889509039,4655.10549917192,358.949495401152,1967.74004497183,193.914862987946,16843.2959928268,11844.5297961215,17058.4800130489,1869.72166277385,1085.99115974364,170.317469144507,275.750271536562,158.637106617457,2960.32906554147
"PE(14:0_18:1)-H",547.214278532548,3050.1984113284,3506.43572266664,12.2202665104367,4310.36293015552,2861.44988649814,2248.3015090402,382.679577770347,2932.44426475209,41.6813012612033,82.465298039562,30.9199571443935,335.759274771235,307.175306152703,593.336880940881,1709.07219030606,2272.422279571,851.525366346737,6105.06718106766,546.051398833374,1327.39233878947,8097.27551348515,15449.6294474222,12942.4366756149
"PE(14:0_20:3)-H",267.741152823694,24.8606304076541,5129.43912715791,72.3202639563054,109.524608163219,3858.73021029404,2378.95704420023,53.480794139226,408.242346173211,9302.43415687929,11963.5580787755,12013.7624474087,541.254210414054,1692.11393824748,7767.19721521149,13.2979879464195,1627.77862623265,43.1718494308362,974.574469165797,65.7629515875232,303.14423789718,323.329863726494,12.2668043437001,268.5002366511
"PE(15:0_16:1)-H",16161.82576497,10677.2187783227,17081.9163207684,397.586599801242,422.361978808246,828.167779391077,22063.3169505922,15995.5774545225,22027.0121641503,14.1952017731192,101.422894709891,2769.01924855939,1412.16081141885,4185.74150758369,1302.23321516077,7733.75189795137,9579.93214656849,10344.6335015267,58.6926537588686,790.570034092768,604.383239716168,16.4081705072668,747.843998338609,297.504763135109
"PE(15:0_20:1)-H",58326.3227233944,71771.2680121051,83844.7235458472,40135.9495057454,119838.185806664,87819.9034308478,141976.310504997,68122.2529226255,16638.5463005293,63981.9815248616,44270.5588359938,63361.392065943,46498.3937254418,86528.1143910422,80083.3156322744,56093.684525407,59394.6326787207,68910.5767987229,152088.391446288,181991.765415062,174800.083158897,105633.603738682,52066.2875870378,88628.5502600054
"PE(15:0_20:2)-H",68489.8393907169,94906.8784715358,105553.550489079,149676.313397517,63439.6265456656,116168.017236874,106983.032466409,136939.589225791,141161.795806821,75246.6932679141,53923.5458752976,75458.982097995,145842.250521079,102415.233353702,150598.321973843,102235.990117406,49046.0067186339,89682.8933238925,93434.2062706018,105196.650562579,103937.115982732,10622.6479482778,27753.9584507469,20995.8730330476
"PE(15:0_20:3)-H",807.980758365871,628.065360646509,4287.89307073053,278.979987190495,4273.24901870195,178.914012113746,470.12939418345,1598.28706141435,6581.65957921643,425.863647631132,4722.73637693343,852.270627716798,4359.16312681791,1868.32113307084,184.753699291926,2794.5453893119,6275.70594730857,5444.90880424019,3644.40823886745,266.934325300257,94.0584228903358,1143.31938548983,53.5713973211942,2467.86470852264
"PE(15:0_22:4)-H",512859.042450701,472210.325270698,631141.218057184,802182.626794211,359197.405741098,633175.759315945,803241.435178523,537631.619078927,776053.726178707,313846.128640423,478471.407105473,443258.522018834,567277.938289982,407417.973874006,591168.356455702,290340.266646031,242066.649178309,317035.001000097,539874.663329888,614615.698352721,604099.176497326,221328.783981409,183569.586671466,225663.881506051
"PE(15:0_22:5)-H",971578.424498557,968526.74632764,1245046.33022546,2702790.18498159,1649243.78804712,2375296.08386364,1518097.29185215,1364565.37213102,1668323.75623036,1153492.37507435,1164878.44662972,15687.9212436186,1181060.95402647,1183648.38129476,1430449.79923203,753045.774746931,770315.810765818,908705.295762009,1295920.8609898,760281.943582225,1076807.20801274,699551.436061201,713427.570462573,784740.177852023
"PE(16:0_16:0)-H",1412910.23461496,1397001.43714923,1802938.02831517,4778878.3734037,2098467.29447299,3749232.60742121,2239416.66074737,2365888.79271923,2665232.70269947,2029842.61062243,1724130.24624108,2172173.71815628,1271683.21728977,1374937.45331891,1600009.84396906,529543.756113458,1064595.64684812,956186.934332037,1365350.11169525,803376.703779827,1135730.69106355,901323.800472194,939035.596218038,1021726.25031086
"PE(16:0_16:1)-H",88967.5264568304,92551.0483487945,116588.851957914,2736.11394712705,5.56351868518429,1572.03743812422,1973.6592760189,87.4268063331906,979.161152970417,22.1511434901679,4672.20882292203,1386.35096056976,96041.4656927883,183816.220071572,168442.671790298,2077.20092617474,1637.05005779132,278.373768014323,385.916933982592,119.621587564987,180.13140837565,837.77750165149,15.0866714256108,1969.43859584988
"PE(16:0_20:3)-H",413.821836597652,130.170665650194,5472.59714407638,162891.676099287,96527.9364907101,141573.325301288,21693.0772380065,33801.6571943856,32114.8036695219,168868.012935132,64379.1322021739,140636.617746956,17691.9465832185,19756.8515126722,19975.1272816128,47337.9751197729,40537.7895469479,52339.7029852001,31048.9199670598,34567.9758775264,34335.684698542,456.043034558835,2380.11667839393,1158.95686709355
"PE(16:0_20:5)-H",44300.9914260791,18412.7819375081,39574.0213782824,135461.763573605,110104.436161586,134173.669460307,1227.99219083857,87.9583656205415,359.186363245341,79706.7957304864,46376.5703094782,74486.0960977962,34011.7778545166,59923.587937113,56572.8685973356,36079.9046840431,18136.8133753471,32152.1103155125,37916.4840067058,15860.3964417095,28172.826751386,55843.5455942896,47810.4486298426,57738.9875740887
"PE(16:0_22:4)-H",11585.9569399486,10894.180757753,14834.7775798318,5883.92272998575,476.908631831361,5074.31133657388,572.128845593852,75.9157896491407,6589.08289257594,6.86964686574331,1325.13013338467,401.313022787879,1995.38583652523,53.619448334871,766.261959893389,1475.79066199596,2177.4692082368,20.4066653948942,101.819169677413,67.670690638206,703.41826676657,31.2774447627046,3620.15487398602,3246.40330633898
"PE(16:0_22:5)-H",595.097839506416,489.174542568566,1845.45194392568,945.602274448877,6788.89727132667,1075.99166093806,17.0306563811172,32.8157662710017,4337.62723159008,5903.62496837145,6135.9759100386,8882.76192776086,8904.49453075975,11392.1554517992,8329.38478239029,4.37955202198565,38.4337821311496,96.8337159855056,6714.25775586147,7681.66969537489,6070.57299102227,344.021367971199,673.755105070788,3780.26021220298
"PE(17:0_18:0)-H",1297.64691388748,540.417343557817,12.7094454726601,4451.80924099002,2695.98197141177,1721.02322233236,613.673846048216,56.7450616128431,2320.9173515245,239.722358802275,214.223289507213,1767.00707227612,214.348091465947,55.390747720793,516.045299633623,60008.2929278529,8240.32877530554,40176.442749612,173.959187283209,1149.37799562164,654.711390915179,2244.39645440574,698.352769882557,652.619548357469
"PE(17:0_19:0)-H",3916.72018949975,377.629126525353,690.676893268821,2865.50695472582,5224.23150699203,2304.83761443429,50331.6587231829,20956.339557315,41261.6478844265,423.323155181263,5227.94487931157,830.665026030512,17822.4577876397,17727.098711563,21505.7858489768,168.256097430166,20.6910890137833,790.17936358911,16051.1114105979,35183.0572647289,26788.0627899462,14211.8151495049,14438.4884065931,15912.8405563178
"PE(17:0_20:0)-H",307.695562053215,3497.8776470585,181.2715707261,2088.01460990041,3348.57461870022,758.555723480677,26.0703476933968,1348.58297543409,6750.2037533403,159.177869638066,3204.35765869685,824.194932047789,5019.38467983381,3000.36691474332,42.6319462887101,4.1899789448167,1453.3737507543,187.073930614896,6306.75618223451,8428.67947856237,7708.93847249321,2184.04047845107,2450.71746675872,3167.99187339237
"PE(17:0_20:1)-H",179372.240509725,174156.656597662,226752.807897856,266202.548153537,192475.077695431,250501.531436836,138856.785168028,260928.525614122,231350.118467642,177642.270067794,165012.112399426,197257.852298152,406474.429798438,256721.19829625,402635.69975232,74648.8848813046,100609.512540231,104787.948834562,183250.029340005,135147.878368238,166695.209451801,117024.788949961,98765.449502792,120232.016062934
"PE(17:0_20:2)-H",34604.0868926269,43303.7289767876,50226.5788647659,48735.9415261607,84579.3721512419,73054.1268655027,36037.6620616708,60599.560493699,55923.3987439689,51434.713807248,45091.9659341043,55752.834245654,85245.0708791195,127748.334007396,128433.42429224,31152.0982901693,6521.21504681285,22217.5925534562,38058.5717223245,69288.8433384161,56138.7981843441,55186.4104165895,16518.6691526316,40570.1939355016
"PE(17:0_22:6)-H",53732.5261266825,67535.7141590617,78187.5345896134,187053.003253891,89331.0794001768,150715.54956264,89892.4081660892,78662.0019966509,97550.2208100203,71831.8190846825,42050.7860647875,67256.7795998183,68015.555170686,53072.3994084341,73394.0989446742,45022.046586454,36830.1777582033,48733.1123522053,47675.0307934361,105337.95668937,80002.9815165466,40369.2671721858,19390.7866186692,33598.4903577854
"PE(18:0_18:1)-H",52.7313553049472,27.3385299376333,106.749146714517,37.7388089474485,381.306091715064,2223.94928850831,7.66476367317399,1142.85790734632,4752.64303736605,457.146760485382,479.683308690816,529.324154439767,6451.91554963601,6141.14083836395,853.169936062118,7.91613652841437,494.756971479271,151.796899815042,14442.1548608283,12234.2918780633,13963.8936183231,8677.64117290314,10251.1655768757,10486.3648168145
"PE(18:0_18:2)-H",8835.03101238486,12670.7236819699,13901.9702231775,3349.84889747556,6865.83695922582,2912.81476091324,41.552879988111,12.6483006662959,2084.27316329857,14.3210426531513,3319.53323869211,471.523709724133,259.098131608639,29.0591990523973,19.1423420756074,633.03913862309,283.084593065334,1763.34327423635,188.197196606873,1874.5167761586,125.370230881455,36.5883013030729,1727.22540841201,2469.40927472798
"PE(18:0_20:1)-H",90537.7317435017,38334.3420626154,81347.5545634576,110736.464230221,118428.26137884,12506.2539798282,131934.178233414,171593.75541851,175655.926013501,66284.562104129,11900.6861477961,48426.2323819474,93172.2928638489,102806.88408244,118459.592357779,28114.2508042683,26902.910082272,32799.7858114424,99357.4661893282,60336.0411975044,83626.0713097053,29755.8623728791,24072.5435451988,30013.016701361
"PE(18:0_20:2)-H",14.6660201913727,2.42985499272182,77.8474687389391,12648.1887927065,18807.5040745569,17227.2409294763,5927.38431719908,745.994345695047,23.4882760144302,1913.03613620616,41.8778767584876,1647.17247150243,249.871908226349,7467.2062136657,1333.44008693035,574.165001517908,42.3728036167308,297.291527648214,189.966586392722,120.655561264998,25.2372811618931,6.3988160352049,2581.16978701424,1153.91679500965
"PE(18:0_20:3)-H",15785.2193885131,32127.6099285829,31175.4701918251,72808.7167831398,44024.5133658547,63764.2464915236,2218.1614328052,133.993858442187,2786.63163229038,68829.0857292604,31324.0484046242,59899.0745132363,67.1658686711842,5087.94150188458,112.52997393764,59935.8002730676,40714.4116912067,59831.9344043018,21698.8367655076,13087.3147291162,18216.4734751245,61590.7127760872,76925.7115850764,76664.2315014067
"PE(18:2_20:0)-H",375.74780293547,2826.37254386716,135.520255728207,0.614391959197794,191.419780102221,3973.74579767811,4853.72940336731,315.017350633952,2468.50937114489,1.80829043090061,218.156040515568,3521.18136605928,6696.63041973565,6665.87421202226,7639.33480488576,66.8312713786827,2063.6950932031,12.4378412731744,287.672553169982,282.440379249163,2883.78850981368,1446.59034756372,2389.97741032229,35.6822453825572
"PE(18:2_20:3)-H",1586.18542866414,481.645766695113,5559.71728576878,100859.214190334,126656.274402064,124522.314080705,36612.2246455348,14385.7647728002,29517.9432186928,54346.6541528987,42678.5562027679,56391.9148114209,1944.11736637643,4905.53282009128,4821.7642825189,44639.5733497927,66189.5342877162,66317.5699830701,34667.7261048452,30114.3692925746,33909.3884079529,101811.905544888,112705.949745068,118972.270875094
"PE(18:2_20:4)-H",24188.4225750887,15139.6903407755,25004.3104105231,417655.910612429,278116.564078135,379869.426499444,1653.75807342893,47.2282205309798,4283.27759726512,189111.284127049,234661.036051648,239897.203992994,2.41552730142643,739.541605055062,2011.44029064648,161446.320668009,103318.144624171,157313.329621433,43697.398882762,53545.7913982922,50878.8558737475,170028.917273011,97341.0398071579,149920.12146397
"PE(18:2_20:5)-H",398.610202539393,445.788583500581,5854.69998899453,12.1824869954677,2651.83674146104,5980.69376061848,6.22466443116372,892.363721071076,4845.81028720727,3494.84608159439,135.532901929843,514.222646592401,4983.4757980843,57.660522682339,5488.42529256033,12.5895536759511,258.537139416543,1778.31434850337,39.9271799383501,869.77410234716,75.2999847062112,9765.86658478124,10432.1925233103,11208.7221932746
"PE(18:2_22:5)-H",216.28518706924,1331.9512177498,952.889961275892,33055.4228266565,18966.0165351275,28386.3624936464,367.343055891684,4044.59626614726,442.776413858511,15922.5526497583,24746.5923956834,22727.3640801298,1206.30808747082,7342.29045691492,3656.30005872251,20934.5521060673,18905.8078291564,23740.0554501186,3128.64244121947,213.299920379632,638.89648687818,17554.5008894588,21261.1925188509,21494.3935837045
"PE(18:2_22:6)-H",149.533585050712,79.3623179483285,2237.24114274197,45545.8705047473,45473.7612079925,49771.7327473047,473.11554318401,815.125954788657,4556.47816925545,51990.5883466709,20015.0803189596,43397.2376210985,29736.6068032797,30198.0906466912,36251.6027611814,33203.215026398,25167.8981926633,34730.6222988982,184.406434772089,17.7358357788338,858.989625799848,27052.0274803379,25997.1982187926,29492.3578654384
"PE(19:0_20:4)-H",16512.9838507706,16704.2299586853,21323.2151784457,292.284663152765,3927.25311966908,911.987951002871,56.0970987523072,751.98138927302,641.627350940296,619.160563309295,12.3852358701104,83.6475932374037,3244.52633265118,73.5657606513374,2073.10404501158,466291.534680487,193916.053708699,390974.16939824,18724.0649513924,23377.9412857895,22027.7856084069,74955.366958942,146790.911153297,121832.469720088
"PE(19:0_20:5)-H",3525.87624006683,3707.08840778028,2804.37238132766,7255.12052005957,1603.31214544964,3214.42312020985,3206.52212788984,122.086097699987,5533.93914277277,3049.45149819832,657.640405754025,396.929715177075,70.4644027005921,4388.7367207909,216.2889640346,2506.5053315955,278.027187075956,525.832358174478,1119.05879453408,1053.43965018773,3727.52033665105,7301.49932815229,23357.2222714529,16728.4743997601
"PE(19:0_22:5)-H",2911.05192944305,2322.66185150666,4227.3069141667,308.562512935668,62.3780207042904,19.1281978073241,1021.602651354,826.499770487377,57.4839420503006,0.88620199186949,343.185069130944,140.858325911459,133.005570632563,136.255443437089,5279.6829754839,120437.551346044,99373.5622814864,130880.48232329,7033.38146230432,75.4285431740951,380.644294909887,45273.5341924927,31083.2665804936,42690.3525891808
"PE(20:0_22:5)-H",8588.85876867226,8634.30583766439,11054.7125859808,2040.42656407988,78.9080997848549,2521.31802878398,3045.73101795977,1477.87654856666,214.915281654875,1224.49395661541,501.648688826761,360.819092688387,1478.16306263241,1192.68215642417,3231.03581799201,50.4321213713406,107.241752343031,841.510020658645,424.592123358941,1519.25839084023,2498.19234243892,303.341504828504,2575.95301310064,575.57174448135
"PE(20:0_22:6)-H",20.8736377911089,146.360018683322,249.486686896897,569.128677207291,1582.67375558421,118.368651650187,3658.24194297305,2464.7897059203,269.485791446485,26279.7918479725,39077.0417531035,36615.4972009421,24690.1344732285,26609.8239899598,31014.0909324788,7858.15787186503,13153.7143534327,12585.3320711774,7034.38925534542,2954.03784933224,151.750617654944,13751.270684018,11469.0330495266,14054.8266321495
"PE(20:1_20:2)-H",47185.4420237441,9407.43689911572,35335.9151528971,30741.8249782389,28242.2548685772,32243.4053501503,20334.3790045201,43861.1476774784,37148.4093308046,16961.545394764,10522.9571608679,16182.1174480882,41526.5853071539,20394.8549933305,37662.6901877908,1006.13388379856,138.350032572783,2637.71294134015,305.33895127959,2177.08370707766,323.259850409221,262.158662851034,2737.82619651979,104.93741208169
"PE(20:1_20:3)-H",1218564.8300379,658414.873114511,1190016.72493903,1400991.77915622,1297216.67212957,1475009.87905083,1222594.55547889,1259360.91433689,1436389.48266344,664749.31232549,604819.75676934,731731.589335898,1120423.46934225,816958.83985762,1174914.31530915,665618.365210991,533570.255510304,713849.510504867,803840.52611905,1122761.50755344,1007859.87440839,353888.465669285,684652.709154092,8121.72174587459
"PE(20:1_20:4)-H",475441.887099718,336564.564155996,517512.815004352,696372.949358938,240466.992693921,510335.668596354,455906.351453206,1033194.86311821,861701.990872285,606094.018898798,313869.544341697,546738.572169994,568561.698477925,588029.269202289,699463.641573323,345007.754732752,143399.38770884,289233.015103164,598456.677314576,370937.103845155,507626.356957024,289180.226438278,257147.247560696,304128.515638709
"PE(20:1_20:5)-H",1241.41706106349,11.5969280105981,50.0981296898462,248.783659576176,3202.7026632419,345.340771903801,3139.19147808031,427.196359096016,945.774851109633,2908.29999735299,374.296855773703,303.841984724598,152517.52314205,263363.441356317,250503.153909687,86333.6062541155,61833.2572875976,88117.0332408357,5033.27570720951,3990.59647166766,965.767448991646,116.706042392103,18.6000212026476,1686.7989275703
"PE(20:1_22:5)-H",61538.1175884676,14234.7831912353,47397.1110739726,108412.497090724,38173.4837112587,79856.1761681055,40501.2722755916,108310.909754234,86111.8841934741,18937.5732941366,44855.5798845055,16153.3938354498,109590.200918936,39498.8338971183,90867.1163422176,20795.6314833527,12208.2943810568,19596.0687622697,31972.6473592515,71069.5350177238,53875.3516845731,10640.3382320052,12936.7547445874,13055.0867266361
"PE(20:1_22:6)-H",95644.6874433192,80052.3277899004,112352.994036042,204219.703898836,130119.125614609,182508.053266007,76548.8773069054,102070.362267631,103369.136979637,126834.414761402,87701.0098081687,125574.514556918,106907.070643506,197547.472251401,183294.187344854,96457.261122581,72773.2567097296,6840.83805867717,170709.1964099,225436.713023385,207249.336497597,71885.1231225355,104621.150459736,97440.1205187839
"PE(20:2_20:2)-H",82888.641060155,54579.1196274215,87486.7397975052,106953.25872538,94695.1831329242,110214.378978885,150028.872141183,184473.389432996,193582.71070147,62121.0832890558,49860.8520697563,65004.849143878,200223.043508222,79884.3376224202,170610.494417542,58621.5598439708,18719.3540405973,45719.8337908331,33940.3774412198,117555.368205073,79174.8853597041,15614.1693135844,28455.7355154772,24240.2258277637
"PE(20:2_20:3)-H",275102.66036254,271214.043018095,350515.256217353,307269.882339165,190805.043434659,271861.868701162,235910.105794061,259492.385122017,286703.126594066,134574.729435631,140169.875182706,157120.754209,475722.564146371,325136.540373026,485920.027836866,73204.027424206,123341.534406365,117729.63571466,143302.780397152,273646.903201724,218037.671669359,132516.650051387,61507.1398223511,109139.645269039
"PE(20:2_20:4)-H",69090.1246187265,107988.984736034,114659.921279317,279818.995056225,96705.9047156376,205109.281915026,235293.449904041,170153.060176558,234656.797917862,101243.903792428,112137.184659661,121593.818810303,116763.556987696,181947.155500897,180066.288750569,74615.2580874357,67344.7898140546,84590.6649743054,234574.922527429,205993.207189844,230606.821655698,73875.4731200334,38251.2308306018,62969.3649196899
"PE(20:2_20:5)-H",22504.1409337854,21354.1847787236,28117.5474162205,60.7394122507481,2441.12993319172,155.930737605825,2666.37597450344,11.6522926392629,3321.74520717066,349.181036716903,539.672180465406,723.589825798845,33279.4480309546,35012.132130731,41294.5820328194,3.13047022742238,498.441179635895,2337.79406806035,509.214759758614,6999.24264893165,159.797076689152,199.952747094145,2981.95209665038,838.326531668541
"PE(20:3_20:5)-H",45148.7655952445,36809.6659884223,52382.2010608517,106980.298137087,62138.2531472173,92286.4692094709,68193.041749379,92013.52903699,92713.3498093118,20623.7336499579,33254.102708038,30046.4585731806,43126.5464583147,102957.634056225,87790.3550285132,23407.5701580348,24453.4982093678,28554.8819837051,79836.6536434272,67344.097484535,77042.7660627632,46255.8243336293,38925.0954961633,6315.5880863642
"PE(20:4_20:5)-H",4407.23542866327,5.84100885030189,2300.05324746293,686.039919497728,6800.59195874701,311.473385706659,6214.31894371907,5254.89584429651,1062.39311301382,500.053000118138,38.955895072612,382.693975069594,2280.21636693119,134.293636391079,5155.76781226575,5782.88433984536,6314.53102103563,5899.68756286978,2694.1268879708,637.018908464572,295.915542923136,164.287813727409,1432.02431035005,106.815233411539
"PE(20:5_20:5)-H",11351.6874487335,23035.549901873,47557.2603997174,39248.467541896,33056.506721615,48739.8194750397,13737.9716555435,46584.373581992,34905.3516808515,47.7603816553168,2088.46940643952,535.416874383995,27222.1900903988,57605.3337760842,19154.9029670074,15396.7398261878,13177.6521291658,10457.2757052421,34289.6263877037,35326.9503268903,36432.1559507947,14186.9944234764,8627.22621103873,8303.61334369005
"PE(22:4_22:5)-H",539.267866661731,994.008693977369,438.089099991213,220.718923608178,14.5665511536063,354.293263470543,43.445988713658,260.188112713961,767.773487468894,136.740863794106,4348.45939842844,408.662912050968,33465.8876317602,46739.6221010554,48389.7899659075,87.1336527060708,407.759248697394,1331.39492299977,2687.96834834705,482.200168618523,5.97198741200133,1619.01751126481,7.79099613923049,688.498441397129
"PE(22:4_22:6)-H",1022.777047853,220.308564956578,4439.78511515649,607.379225032363,131.632250553006,5340.47534734124,4661.89835246685,3680.81924966222,16.9340942439733,98815.2471978759,95835.8091001315,111777.573397025,104.066769033342,1268.52112164565,196.800514615528,58208.4847075667,46502.7193017545,62330.3940321562,178.039659004773,12.6875023785407,90.4984817097657,2739.03187983012,888.276561097871,457.130817939012
"PE(22:5_22:5)-H",134388.142582818,132349.240800818,171134.297120112,264282.318761494,172748.064020797,238587.894754005,339527.251581611,237968.553877652,334233.714876746,200515.645011648,181667.04681951,220329.240427433,208698.695740132,128067.28452218,204499.977831436,95749.0990186463,71053.9419771001,99229.6260647168,214273.129389064,214058.178626767,224165.513791271,106416.401698212,108165.121746381,119181.070720042
"PE(22:5_22:6)-H",471317.012598856,321513.184520849,504921.106617468,1058668.12643091,734667.166061442,979256.32326936,603382.503294918,628188.185142916,712749.509767464,722105.087786554,491345.305869568,710896.303237522,641504.84838162,373601.569090897,616660.754649819,329912.836577871,296899.01431608,373493.209995088,626390.26854786,493224.380126614,586119.949245215,445414.748505227,300660.711639148,417239.330397545
"PE(22:6_22:6)-H",2290.58987263269,1043.57832663069,165.563141455047,14.7162209077766,5747.16797617401,2640.36561874435,0.202673491656404,561.078267588976,29.2480886514506,320.891763192743,1054.61806514527,4293.96153203264,4110.08763567531,26.2485509575119,750.650651775985,2006.71004553145,297.540423473467,258.194517439336,23885.502462714,12640.8838046255,19130.6725648092,1577.33732658619,347.964216416673,141.820582460143
"PE(O-16:0_16:1)-H",125.644022270393,49.4894428540261,6407.70780572488,30.5736632033385,120.426571236706,313.118596209952,73.7656983799408,455.47673746862,3578.40685592782,60617.6391057332,39914.1395000545,59001.435509986,480.136271284554,5061.00513870784,3057.18064058718,390.318887631943,961.521573222774,2001.06648278545,17079.1442794554,39201.6505592827,29425.2672739871,2978.90315083525,929.48273865791,1633.88378605062
"PE(O-16:0_18:1)-H",936.026567327088,3094.76864499157,994.523494994205,5937.39190916459,6680.44808615461,492.941397346554,2185.4413711015,253.774453763855,7.782281466923,175.02395986748,4.74354015105543,74.4059121355879,30754.019674088,23244.9138818977,32738.1440442277,6765.22379315569,8457.18384142735,9095.83118690238,141.303438400557,1627.91972549125,193.98413870263,86.0083077088171,176.743983449383,1688.41005300846
"PE(O-18:0_16:0)-H",182249.103444424,993807.404642838,775920.122108668,157047.182314534,837988.984417724,547032.007771225,185188.03685031,2353386.01540634,1468811.19953232,224376.457189081,1262318.61374115,783357.071753509,315073.463072263,292051.846242732,367489.164881382,210890.253767218,476049.818899186,412388.312310826,1788931.97434947,1320378.5020304,1627858.26303051,141959.503594642,160341.952065734,167599.86166204
"PE(O-18:0_16:1)-H",1110648.798445,903153.631728587,1287016.59843942,1738602.02375371,1273174.49776166,1644927.33256106,739916.214420387,1780600.05125784,1458543.2657329,1031678.72561406,569756.319417549,948637.270039407,1161901.86433009,859536.556806488,1225751.41500379,254432.825017343,415709.055494724,401312.598844714,1088442.84321949,1199455.60870973,1197215.52246119,451552.870251414,613933.568193633,588868.890324812
"PE(O-18:0_18:0)-H",3546.60266039032,5.17818393784726,3850.26010483627,54.0953672437401,66.6810466257708,512.295559893868,3484.2988574392,1620.32647669829,5226.64910889329,4852.04868916582,7255.12052005957,8503.57639928664,5757.39258952914,338.213051799382,1239.14258648863,7534.18594630245,3336.97910040758,6440.82058665303,2123.43257821819,516.903675472035,336.389818948391,186.251205368211,566.001277769829,3555.64232212097
"PE(O-18:0_18:1)-H",99826.3980431969,318887.719769811,274431.722576006,370492.643026294,422712.697895525,433970.368613669,462630.049625008,896864.589993275,786717.266500306,282713.262989941,525610.180225683,447240.702548177,535629.404042186,596002.625788463,683968.917198236,167792.548928014,137049.023045439,181493.945243448,519262.59580017,260017.554524973,408172.887954168,275510.492209292,145187.257425642,9111.53105165394
"PE(O-18:0_18:3)-H",3522.41544548879,1964.29382395236,2943.80117415082,23889.2407207973,22951.7442586958,25609.9223336887,21337.0665004885,56054.6214701258,44783.6809577754,84.3118400913746,1189.86539869574,130.652212445835,3.70168260729552,879.645391793185,1172.30333811731,196.172327411173,737.224221923008,216.878872447276,31160.9176181242,26330.4240308237,30094.1694286805,10228.2939479406,15612.9883556824,14254.4289267859
"PE(O-18:0_20:2)-H",10373.6085898682,15748.9274848283,16905.0597677015,156.970341347726,1724.27208213525,182.616127744063,24.7227419957758,8.78503187108493,947.714362509211,16639.1766166899,20556.4872752498,21061.7935285599,134.797797725384,2172.34501692623,4782.34652097659,6076.7675257292,9712.99247099625,9453.98732123699,1021.54290233954,431.821466662719,2047.39413573499,13615.605968967,15969.2299894196,16391.7005585635
"PE(O-18:0_20:3)-H",28360.9337877119,104264.425931437,87094.5363390597,59988.7842656505,84392.2489131713,79056.1302684349,78085.5792595339,102889.016304486,104732.381203372,96145.2830417901,111028.680190839,117770.983651057,144294.201732383,70630.5471592257,130727.489534914,28955.5611410518,29417.0505162977,34817.9951292179,155371.182054953,43636.4766789912,104296.367822102,46205.1089785497,31945.3267551599,43688.1537193089
"PE(O-18:0_20:4)-H",36491.889168014,22506.1193339505,37499.4597416243,82.5437396888458,906.256686878069,832.75758302062,30073.5334032773,35508.8872061817,37953.9861501979,4144.98081279292,2387.438677223,2714.21770830591,63286.2166407124,59657.1387350415,74406.8377970929,32300.8523022197,7882.94405760294,23717.0067740211,34186.5907594971,22849.3554862103,29864.3785428353,35570.8628247373,24582.0241877951,33627.2959518683
"PE(O-18:0_22:6)-H",4912.84675683888,594.251093635596,489.288841445184,57708.5099258183,42101.0486765621,54511.7153963475,32556.3599776103,15384.6955066492,27747.9681216956,12908.0716021179,19249.9962970672,18013.2305382796,18526.966902629,28655.0470380598,28443.4925267598,965.262623981914,205.346476134106,2546.74662579014,33.4778292743172,4963.01641418864,642.443463300707,7634.82976103038,32134.4208225739,21629.8501264634
"PG(14:0_14:0)-H",598.847702556125,928.824000530106,278.059842283198,581.116550451013,4874.82210631045,862.168915833996,1157.00249142814,1491.68658716404,3482.19267921196,2553.4224122239,3172.54198700637,54.7776919812262,228.593285282391,5615.14541397526,30.4102214520977,4905.05621914532,9125.74356303743,8410.89585607365,2735.74900958531,194.669661521334,2031.3509810558,1912.21871890322,2583.9871144213,3306.50405765896
"PG(14:0_16:0)-H",2907.09432133757,29.8006496730337,3885.53236263698,86272.1375236712,14617.3822156028,54862.0240016727,31.0009121962642,216.243536962909,1340.00346734379,216.554649869642,271.996694820029,62.8605011856837,159.269353771541,252.523849702771,453.034676498598,19830.2944234706,19841.3933190827,23660.2209274794,2475.0372739708,2543.23797061473,1321.16477669688,1234.98140163431,1186.65485567651,363.008133365146
"PG(14:0_17:0)-H",418.879633530742,2758.45500312856,2519.30778150109,242.617533419265,26.3225355310609,231.97950334312,115.741997699574,1145.24432164369,934.891676321397,612.131249399205,57.2825353239633,119.849439679186,3625.04489419872,17.3496369098635,43.5265349578972,12159.3886529396,20619.0545755299,19635.0931416737,831.391137756945,658.767955088448,4179.7692509933,1432.80035837751,186.937787664012,72.5771615632157
"PG(14:0_18:0)-H",614.64430057286,378.968787490705,3870.85408146865,4659.08747341362,2468.96869955961,3663.44095704552,1645.64701426815,7274.21018600602,416.377120622353,216.723849088995,1418.27783279747,24.7378683687085,58.8064495213861,880.559473517626,546.740718188756,16.9090828498576,1184.44985419989,107.388641793534,2246.99392470209,787.789462409483,286.669512105015,53661.6021780629,9311.44852210234,35826.733011334
"PG(14:0_18:1)-H",81.0502404463226,2094.63625930665,2514.16867449714,991.612685900169,6248.68251922837,294.057113801111,6965.67748038068,1078.57724589119,2257.08292485807,30.6977695027021,494.336178686077,3152.7554919573,15136.7693937664,21681.5361388528,27793.9137509867,91.490999854516,2113.41235998752,74.7305681593313,2840.38854159816,3839.8642480256,551.03893631819,219.178683397433,193.901237141256,982.661911538808
"PG(14:0_19:0)-H",2054.45521819993,4227.78881432802,2384.88593755119,1562.96924567823,126.522564064408,32.945630140608,3486.80476010863,103.911737200197,3809.22293025426,47.3615697981473,1284.52819124319,4514.07133335867,65.2309202625457,2159.46986183994,5056.03945270284,18049.5407670746,15720.6260530876,20116.7504400165,181.396371301068,2008.36019081733,286.69902055941,19.0351809589095,682.056745170534,246.441616667313
"PG(14:0_20:2)-H",35516.6004850958,15934.89949616,32510.4236062209,58023.231107286,45447.7019137319,24179.1091534998,4293.89126253318,431.673831283987,5.49194193490483,56522.9707497014,46599.8313906152,59771.4714316554,22440.8933215233,35154.7245490711,34717.8975766464,33331.9509040795,17449.5215030206,30124.3104024574,397.106542728436,26.9980626646645,1656.62165637582,34377.1746118567,27568.7611070613,34544.1773592704
"PG(14:0_20:5)-H",67.9201727442844,2627.49359219864,127.895398473296,469.718899523757,134.771744898481,5583.33610669002,77.6535385106611,1544.76087102742,1319.18267097516,217.281714574412,25.9968106296685,2411.26918710739,2906.64744147494,250.817341556731,5154.76422231237,17947.801339693,19263.9224272454,22206.3860944404,18213.2046733032,24075.8319571538,22124.08097364,2159.11298876668,1510.13750895912,1872.52376055743
"PG(14:0_22:5)-H",6.23109196471576,1276.24320339814,2825.30207630395,1087.28890986833,5599.29253017035,177.376702191683,830.939576436385,56.5219161131326,1551.07271348555,3536.00218870558,2166.66037090269,4435.80105332264,39.0503440979905,2.38416706609242,3866.98823467959,6214.8200950848,5954.52321016961,7255.12052005957,1974.09197894252,30.051552240623,289.521099423551,515.507098675624,696.135560231111,41.8903167642349
"PG(14:0_22:6)-H",48.968325409166,2324.65143394291,5474.57532100769,51.1490913500672,1192.29932586225,536.308895572837,2129.70999315844,4133.63688204832,82.408711285191,243.837010788399,145.488813780166,42.0038779021129,4113.62643999257,26.759796575171,532.596717906064,92.2006292163968,330.015072340171,58.4759408926099,17043.4308724655,31314.6888625986,25289.2739731455,174.522145322835,1944.27919424657,2395.33411227049
"PG(15:0_16:0)-H",76.3129204486851,82.2846133080291,287.369971651236,810.68512527585,456.961360332421,943.150832305667,3226.52963372818,7271.44060100037,2222.46497497352,380.884195986148,3009.34276697092,5323.39625623349,61.2490017791348,826.840578804762,22.184422835521,2055.27651934086,473.542471175684,117.33546386596,41.134022499201,589.895507689245,5594.67569261865,6961.93192772482,7721.9138048951,8143.43579972946
"PG(15:0_17:0)-H",38775.7059931202,12452.8476457647,28972.4732744804,25222.1477807589,47815.2326822446,15817.6868319264,44259.3371001537,50655.4005415082,54929.4800804004,9228.91009447087,17181.0252802986,6192.67770676688,29483.5422037781,30821.6528244897,35792.0639405065,6531.60261961095,5381.37227583483,7093.16535652273,21289.1739292795,20003.9452929134,26798.9250239082,25234.9365417966,8389.1942701093,18999.8845645741
"PG(15:0_18:2)-H",2535.80004605424,1803.72396862897,222.447116170515,11.1652414206587,6679.84377676587,68.983594314152,1136.77213639171,24.175661952377,2270.85657021822,376.357779843109,122.261494396798,1173.07675674232,7255.12052005957,1946.02137772658,61.7319315756845,5.92664636395512,539.720013703521,47.6409237949426,1843.49968048759,46.8355211907666,1593.93038456024,8157.748682922,16944.4254628407,13779.2917240036
"PG(15:0_18:3)-H",19901.3697238746,41867.7626878549,40214.7545271137,23227.6850470808,14564.8675161033,20628.8760427865,45612.2195613816,49411.9005472553,54993.2044026173,169.6681843031,668.356000148289,3852.24144875153,27458.7108196247,46618.1070389057,44625.346583319,26256.8871468795,9967.16310226515,21438.1502257368,39999.397336895,34166.4991314619,38822.0368239058,9633.13093494002,48759.2971664197,31698.8852741923
"PG(15:0_19:0)-H",3512.49136802708,250.561205825531,5433.78047249253,1362.95459881496,833.067818871047,2093.9043699615,329.655238750017,3828.4313083265,1162.70862405949,3081.02549539112,3043.60427466872,2482.19427388861,2349.26921812407,979.077301072629,1440.95020065752,24302.4046884777,15299.3983600836,7099.70638386031,50259.3354602217,21916.2007528232,37809.9290584761,22325.5084116922,24315.10482324,25874.2164845419
"PG(15:0_20:0)-H",43764.5990786851,23681.3026222106,42762.2827385319,41607.1063802988,29292.1712101214,38716.8906252794,64034.6955859318,65710.1563641825,75087.6646263386,31523.1441859397,51900.5714239163,46469.0802810621,52853.1582996877,44478.5036598511,58959.6390063944,23403.4687990629,13973.4537486764,22195.5377933767,71327.5770648584,37225.9031773171,56855.7161641289,31474.8843486568,26485.8887388863,32295.6532104229
"PG(15:0_20:1)-H",17886.5278527218,23954.7244901655,27011.1141442925,880.681576715636,357.58730540258,445.129353116143,52042.097674144,20959.8365247613,42253.8398984501,798.052316526205,12.9503871567379,1021.15331282266,30728.8367621431,21547.4323383906,31712.2648322341,25608.0923953027,21470.6731450336,28035.5629870995,31094.2915093196,43190.3354586767,38860.6473374357,17645.4703907978,25875.6747199853,24022.8013717115
"PG(15:0_20:2)-H",15638.1971139251,18414.7661915876,21926.9526291857,53934.518860511,32431.2390767694,47135.0027426716,368.495668089688,306.949259042639,30.0132230339543,3614.13080631503,727.619327595283,467.179809155922,33116.1557243514,18855.7424055854,31577.3622275771,22305.45675056,21267.2208350876,7249.28136532749,25917.3409174317,49831.0343762181,39611.1860847268,16832.0069915854,15866.8394068898,18184.675505646
"PG(15:0_20:3)-H",147.15229842975,1221.69874819429,4372.17809143992,468.378985057293,2790.0727546663,3612.68724485575,604.446192471825,5.08697153912046,667.86457347223,4474.19444831893,392.243781893589,282.271054609008,2130.77119139641,357.991611868245,3456.81321972494,10070.4110380786,10649.9254818241,12363.4616744756,14027.2247122325,46027.0223862352,31387.1251740478,138.053943995561,1994.6010740278,2971.04537681317
"PG(15:0_22:5)-H",57.7015539442184,202.02458854414,3605.01878545106,33677.0397921075,36193.182733132,38217.7476359972,68.5325558451693,318.446322202723,2530.9710256265,29.828401686481,477.771401521556,34.2039236512725,5342.79043785791,343.836024523738,217.049574955028,10310.6029132838,12470.3988745293,9048.64458867795,23996.0144834703,22713.66393277,24446.9793578912,9073.11164139876,21051.5132153714,16509.0688834579
"PG(16:0_16:0)-H",2134.79388148472,360.139246452638,2515.2438240373,762.396519375143,257.981051057733,2255.5523075128,50978.9441670888,29406.6750033158,46525.4982570709,48695.0689673221,47163.401395957,55050.6076215034,103.195981095908,32.9662710943063,5165.1165760312,35515.6172396374,19257.0005330347,32500.7920100688,705.670328445555,278.55480472146,6870.8836595483,19625.5697689533,25659.709847239,25044.5400150634
"PG(16:0_16:1)-H",140543.801634836,133148.841227152,175458.494733318,1002902.04802978,599268.072701799,874380.598636491,349676.067871673,225265.354564341,332759.106875399,509184.527424896,376132.610856428,516317.965008104,192244.887641446,134043.856202562,197944.654767339,226739.337028191,171297.571568232,236824.065735462,191622.672245026,248036.28355074,230019.477859314,207604.862716564,251881.677508956,254435.525719835
"PG(16:0_18:0)-H",214.090027178975,1423.59935949028,3717.90930002601,1659.41700307195,1233.35788461367,406.149341307364,794.113800228415,6842.05981600555,246.575821452306,9.66709218301207,4198.10258665005,3322.13658601666,50.0514326507176,523.526131412341,4067.01818815087,2261.15497594765,1651.55674644298,866.290210398767,150.430497052201,0.774328398892338,6513.12253469432,21040.219609761,8093.27034078777,16431.1014467928
"PG(16:0_18:1)-H",31475.6081189759,19133.5013908621,32158.440163445,793.990453211334,96.1988495610385,2832.53488319167,619.826385866105,6984.26949807132,177.940203508454,10865.8046228874,12852.4139967775,12159.8385178144,40.4904286656171,5398.36206472679,4199.21080678477,801.941848850308,130.920466130096,1713.39935355969,4964.99792879123,2913.51211600702,2536.66941395047,3383.70724396106,2844.87973195848,1696.83630190618
"PG(16:0_18:3)-H",258.951559857822,1669.0576756582,511.253644559603,27434.7419555419,26923.111788998,29722.1786878424,7176.95079160184,2511.87075241879,1284.92411112278,19230.8875930717,16052.7877137887,20436.5249609468,76.4735328702602,1320.47048663884,3769.87779197641,608.54284636443,750.540348527665,954.161015471023,21336.9744777633,15580.5118986732,19328.1514014035,3237.07284944255,24.9916735760573,1248.20477481763
"PG(16:0_19:0)-H",60.2145926297948,119.04385878584,305.041939957529,351.823952458764,915.260567440396,818.328614659456,15940.6390122925,19486.7993327576,20502.5372318842,1110.73140798227,902.23352565198,1248.75357727336,3403.77625719031,5298.46080761659,1320.55910453664,9005.9596133116,8372.17732513756,10357.8323958415,1549.67974551701,444.183587799048,130.324056808244,2788.37597369741,21.4021947489222,1018.05940353356
"PG(16:0_20:0)-H",162.693926511746,392.429689727038,86.8852632544813,288.668311098298,13.9853193257151,2891.27029421275,14.0907091746105,14.3394711482396,3383.77647440229,1085.12573293855,330.542344966951,1751.580712671,4772.10252556876,2.04789838987568,334.387843907217,5104.23043933383,5779.05656404983,6497.63688491207,2117.28556789059,16.0514962622264,2602.28636364378,999.28672630743,2.41785765698133,278.019396456507
"PG(16:0_20:3)-H",80804.4594946159,106054.223047863,120580.615834464,322032.93202378,172421.990017733,269740.271848551,135882.256822421,115105.806460694,145259.039576662,242677.343411261,145085.828448996,228752.300274588,79535.7152247672,53729.7872401579,80865.8863541302,113804.644224503,85356.2613257961,118489.586100536,90182.3183169822,77132.7750979191,87580.7129293552,51179.7736585933,78642.9078250361,71604.2894520981
"PG(16:0_20:4)-H",942.114797037324,3199.48358672549,1999.67579843735,98339.1260577845,68134.8349180439,90903.0783730748,33587.2681385719,56138.6118804465,51923.8861639509,76846.9675949671,62063.5634293315,10140.6653188342,1393.82062468242,419.243325463155,1090.41583974675,39878.8987080002,23970.0919539155,37917.4812980994,60402.8023558517,29652.1011824452,47170.173438745,27309.4143618004,35616.9987916012,7385.63927186669
"PG(16:0_22:4)-H",2510.30060406888,984.385699477446,0.903230206145299,865.369324896341,116.036422124064,1177.83089498542,831.800113725444,247.805280860168,191.200608919099,27139.924853396,14496.9215603188,24706.3000486246,546.426394021301,3205.43134911846,50.2680631138515,9459.59684318609,12555.1747287544,13161.0680139912,80.5559951189777,1389.85002687052,743.893541742783,18966.8802651579,12250.5938832453,17470.7369453191
"PG(16:0_22:5)-H",63855.1715523289,22980.9124362048,54664.7979646983,170221.025432261,152461.834150433,176375.752340829,85475.9719201492,90815.7320687765,102025.380818677,32152.5499053551,46461.6919183341,44114.7409847461,41903.470508523,72541.6712280299,68933.9692470606,52195.9212983087,38891.7599074854,54189.0865484669,67164.1130842465,59795.4608443125,66453.3817843458,48520.3799005025,34641.0911656841,46464.8998556865
"PG(16:1_16:1)-H",683007.933184994,517092.032125301,765879.934606959,3710362.51089357,1710219.88730137,2955550.26001947,1500578.23465456,1058399.67734247,1481042.72183285,2724826.7199128,1516213.04923259,2511277.81296318,1017954.05807787,563312.509208384,960955.554095574,1323518.3581416,937150.678540126,1344325.6885103,1480291.46736158,509961.589911723,1042863.11543497,1287777.81185799,951955.974856975,1250688.67632642
"PG(16:1_18:2)-H",1013803.73958324,808592.21561368,1164234.74925019,3956945.20314657,2321903.18132491,3426438.72831705,2006433.29567261,965494.444198765,1720128.44371587,2616494.23073793,3046389.12518277,3217615.76728393,966625.119155085,908036.725683587,1134600.02257861,761650.511206512,874280.929825174,976812.274911776,970191.396538178,921279.814320064,989956.99274982,1304421.68373128,941438.355527107,1254607.29369347
"PG(16:1_20:0)-H",632479.586303776,671530.082322602,837908.36056177,1175298.06707648,616716.963880184,977528.851969372,955295.558539688,916597.871607431,1083337.22749935,593384.779389263,723402.312255153,746196.452011661,3233.23492271381,1530.60403089025,523.572126776415,386451.118350534,193787.306029701,344092.027458882,1725.93409748953,808.798140239278,6176.04602566595,359522.973173584,379108.614586049,409987.300211819
"PG(16:1_20:1)-H",1542.426864289,109.831135323598,5440.94861832472,125599.843433682,37634.7940311073,88884.1384765373,7073.11031562995,3995.81476497156,4947.49853341158,63249.2892071548,69873.7513035488,75870.6780062142,23714.9694386636,37754.3515800089,37048.3569154073,43377.7419177022,40552.9655011097,50027.3405475561,5667.60763294696,6407.32141105565,156.671664519654,43466.0852635861,37297.4998062011,44986.4931009533
"PG(17:0_20:0)-H",6.04569037971812,472.978507688144,564.766647004951,3309.93446855301,69.1306206014966,3535.2148087121,16306.0332928564,19845.5292786083,20921.6146212985,1699.26718867388,2635.20899500204,3324.35538720285,6065.78248966222,2341.29947525165,766.920100865488,769.417177228846,1974.49485799522,1323.45097324352,90.643223637002,1035.41443028989,63.5003564361778,2666.41152706569,1874.87197093445,414.685170814489
"PG(17:0_20:2)-H",3903.92484070551,1529.44863171154,1106.40600288888,3890.30282959542,190.715318640133,1388.19418946744,4.94865266947784,7143.10732859283,238.001611082143,930.599312787478,574.346590011303,1916.78048416436,201.125289288196,6249.92274944016,906.352789952371,9989.22387900512,7728.70647205021,7040.41582352833,377.079909633578,71.4150946391342,347.25796228865,2932.72979416019,775.968285990481,1715.1864663093
"PG(17:0_22:6)-H",128284.320474376,137709.912749358,170956.096129307,457378.875734803,351194.907769207,441695.265518795,186745.953249573,105983.990090533,169426.264770975,264907.106777729,136488.850305977,238612.211871026,174484.582199755,172200.780250501,209741.225989885,145124.842207466,120973.953608942,158454.936951957,268899.951721616,116862.806710655,202086.680704322,165470.353769115,108570.833533264,153327.027632045
"PG(18:0_18:0)-H",162.87525681219,77.9700253529217,93.9708339824603,144.721606442751,1559.81420243057,48.4516973408896,71.2375278252825,24.0463682053735,680.668611180069,3701.77669746682,4372.41139931906,3511.75444390878,28392.5859219809,23966.3085275089,31716.1663359307,7939.27034350689,15112.8226969867,13821.2292598026,24133.6646359464,27288.1968510744,26907.2566987468,425.744085549425,3099.0686414682,1209.8670864799
"PG(18:0_18:1)-H",3037.89161715549,1772.99458194079,3281.39972792671,3292.76274493543,255.891999792024,4293.90965633056,57955.8144036487,23347.7952132175,47058.884625996,1679.09762820961,551.941176634261,2478.0785508652,38734.5061517886,72114.9775560749,66732.2864755469,27328.0599663892,37910.3475395002,39015.7486864827,58.2628608198916,1741.12592236569,1234.7697056468,49295.0016761399,15000.6047252423,36370.8071796958
"PG(18:0_18:2)-H",19372.6783492708,11424.8949561461,19558.2463813641,65.6520855080294,1825.32352856332,1287.73480511063,5.67655945176777,3213.47247704536,1481.56286677309,44.5443178508906,289.111794605026,4245.03796095122,22.2645403740215,5872.83658616249,295.08944825009,24.9785187209514,527.071387041524,143.438669152026,6125.33525253294,150.918251949998,3251.19588256805,2083.244706446,3674.62159533991,482.522788357286
"PG(18:0_19:0)-H",2347.47644296719,283.219198807918,341.574349498781,217.070053385552,6103.04697200385,6412.60787978152,3131.25309275873,1415.55994000427,19.1100022610099,299.002884824621,121.533029699067,40.7811125193614,6732.64545313227,2173.15963084038,1455.0408972005,133319.439231407,209935.147997442,205496.069187574,331.298184715534,2848.26338179954,1298.19694917144,72950.4654845963,56415.835917189,72185.0946903167
"PG(18:0_20:0)-H",9581.28139459939,38058.5571687181,31316.47829623,20690.0277348937,11564.8562148376,17598.7444477626,4.73583815396254,68.824031841576,370.016045649998,829.492358438543,105.667793951157,1142.41832088426,4016.01742676745,3117.16982777766,11.6889220516699,1311.4130182865,96.4362568122574,2887.09874830151,7.34545309695808,25.3404702017314,107.340202894102,519.494035825852,1711.30780336514,232.448755663864
"PG(18:0_20:4)-H",437.744362811772,304.586393162061,2523.04268490119,1311.06544571406,192.387093817962,3248.42387375758,2681.49904203094,6838.07679374779,590.487820573486,4531.78405824039,375.606488315689,709.571501564764,510.825937534926,19.5069874885363,256.471591113272,2157.10288129164,2543.29419255757,16.661895576121,18201.9133536961,14706.2171723303,22844.8237965233,1183.04293747112,102.584601526201,2217.14327574887
"PG(18:0_22:4)-H",27.553452722225,180.391662718921,3810.10398864535,18427.9319179547,24624.7994340782,17439.481961227,138.819553366738,4248.15750267182,495.874884882209,331.05788706729,1950.54627336635,84.6652126258117,2985.79346247292,5755.09424054969,375.862527461328,10538.6247536384,6348.9177750486,10029.0513153696,427.4400484965,96.9893767363271,1784.75426426149,10250.4593007995,9255.49541228489,10855.7163951278
"PG(18:1_18:2)-H",1274131.83130832,1155823.57485951,1556420.37864819,5636367.19696705,3176488.17576401,4808567.92895185,2111987.79683314,1441862.91891502,2056847.75713482,4440738.85032883,2424602.24301607,4069181.82827845,1570918.8664193,1283236.34313965,1729341.41519545,1454836.82686725,1388644.08822767,1695172.11097759,1894161.37863294,1087626.27609871,1561563.28048024,1944390.61075273,1356120.77609825,1844808.12745491
"PG(18:1_18:3)-H",86236.8212793555,75276.0122194935,103370.520383342,370452.761886683,248185.55497978,337764.380423191,99587.1750714608,145004.470528188,141546.477753573,279248.084948748,159778.689638489,259589.633006203,119301.162012523,69692.5370176267,114808.004180411,52324.2946414966,105940.969337722,94934.7600686272,118605.834409627,88675.9837940719,108519.266141576,89793.8670722208,72996.2523707232,90759.2240222217
"PG(18:1_19:0)-H",730.066486695373,1290.79099227793,72.4394674318554,1479.73549856925,4428.37835911769,3118.71525735597,6.20503660950288,386.230492379714,333.524862892211,3603.17258492081,5.2925887763068,4580.8766817397,182.856338897092,1682.69485373082,142.806128997166,19290.1801016138,20566.7422099151,23783.5741067466,201.892654160788,2185.52583342331,1047.90973208611,6654.68011221854,9440.50480731309,8889.11088307115
"PG(18:1_20:3)-H",575967.488209768,568237.913961187,734129.766575738,2983802.93600207,1436492.0361617,2410506.58192038,1016058.69644212,873734.053266666,24288.1275195384,1765639.8541655,978552.895449993,1625273.61118898,432157.391528947,408225.455710966,508601.606367093,661811.687342933,567235.512244428,732038.485249123,646146.213180472,664345.652887885,685816.045071986,806509.926673092,634724.04841024,803958.496325941
"PG(18:1_20:4)-H",147495.245684558,190579.906788283,218093.462422631,1013752.52855682,371869.230113193,754944.745556745,309855.952985577,251938.228038678,325139.556016416,553442.119516932,288007.712636728,499954.740702286,278052.274368119,196980.431440231,288145.42490832,151044.897715954,183513.506875011,199860.362569722,221750.85685306,211369.568556125,226685.216860761,226698.219405365,224901.223740391,250927.445312126
"PG(18:1_22:4)-H",56171.0434013854,78580.2041998515,87064.9478588719,526840.539055607,214425.684394235,404005.639361336,144805.032774496,78233.787152221,129091.245971924,194719.790575888,215007.004652552,233521.912324197,143003.436769971,102330.327424708,148802.999610084,153775.31163718,160605.563169133,187565.584659574,143721.643560598,126857.028735918,141628.240996643,164673.118251975,148796.187696421,174454.02139697
"PG(18:1_22:5)-H",335835.228790557,232344.240417649,361950.978011222,1570591.314366,1054855.40040182,1433455.90805895,540513.461440517,502254.325837598,603492.812511092,1001288.82093641,606280.901974052,947714.446098275,437685.465917166,374317.14679997,491815.824146402,439310.730938159,343239.639385374,465733.535972071,451644.888162641,402204.491410197,446923.045242538,462327.516285575,470744.293696376,518223.509060657
"PG(18:1_22:6)-H",2145454.25451053,1913160.94636611,2598695.78451726,11021831.6140969,5744256.7440153,27173.8387875695,3743370.72953333,3236604.53162256,4039640.77051258,6308471.19101409,2849306.45151031,5479013.13476905,3840140.59698141,2222246.34415755,19751.0701717878,2548202.67361581,2964272.24591571,3291862.6990867,2990809.65491943,1695030.14570971,2454013.17192354,2987556.63904234,2442887.5443136,3027299.88374825
"PG(18:2_20:1)-H",875.224812080875,164.559639674906,675.58023572924,84345.5504780742,49665.8264281539,73132.4594750823,50579.4012539491,13664.4761581771,37186.1879281565,62215.3087383461,84303.5558672588,82523.6346925514,61350.6910320329,39768.9646185646,61379.0824408557,44988.0752710915,36933.1895104714,48775.6821103007,50630.2471039772,58203.7286326076,56947.8256117834,66370.194595882,40733.402847632,59989.2992396233
"PG(18:2_20:3)-H",375272.910384856,372948.951776521,480135.256992299,1008864.47987691,571803.889136333,862479.567014051,666219.592987288,431998.22088931,635615.466050459,801464.163185597,458443.831577668,744975.082222156,300612.624175624,223865.05746883,318014.085813567,245466.945628002,251423.617230577,296405.073027509,314938.947971821,207048.998133994,273321.579431214,287695.404359578,237583.023243454,292777.227756565
"PG(18:2_22:4)-H",1395.7667425853,1596.86098359716,4959.04189246135,191.636182161021,3750.43821883068,2626.28294498152,146.28134256083,7319.79634051383,2121.68377379805,151.829947173919,3014.00378697216,765.858295761291,456.923298264091,7.78332169662717,576.650463353094,1485.21335061467,3.80180881477516,1402.13905869449,14118.7931700664,15050.564317985,13916.3417223878,1.05318758310688,1379.01970203762,3289.88385110949
"PG(18:2_22:6)-H",860638.762383491,1035872.76835352,1221714.42700054,6094123.29303374,2753869.44960914,4824008.32853742,2674473.52784203,1796665.97657905,2587748.89368828,3259167.33534612,3169851.98620348,3691234.93929717,1605221.93192946,1416089.25230728,1829503.43899067,1130987.44271851,2074267.80176719,1921207.79059977,1659033.77971414,1389790.68783811,1595941.64962731,1946009.5827517,932062.588741785,1618187.55291891
"PG(18:3_20:0)-H",277.831307851451,47.2656485252638,915.893995889293,22840.9661525553,31264.93614377,15107.5635368822,2144.67659372707,1270.9287911127,1437.62885193382,696.655058989873,73.3712368965734,947.655612402893,24.926963930811,1616.02404675001,224.0090596446,381.378316499952,250.134477969619,1117.54562097771,1939.98630589663,6035.68286144498,5176.25993414677,662.398067051358,20.0991582389208,1028.27624137962
"PG(18:3_20:2)-H",235.536829713713,1004.27761898743,2734.663835452,28820.4949436176,24714.0324517962,29256.5520938099,37276.334612359,21764.9616747879,34171.8011015919,25911.4552716279,21793.9571065569,27619.3662533635,31306.1568500989,25516.8791656389,34429.8514787313,2188.01340310439,99.3502475430862,1600.5011686266,6680.1892628257,293.795423087289,3647.63608800882,17511.9062939136,20561.4975166686,21094.4635712979
"PG(18:3_20:3)-H",21438.8462010761,43372.6776450678,42166.4601011829,69410.9830614008,42556.479311444,61111.7821995474,51095.0292029165,89641.0025449947,81442.6733124919,129512.878280309,43849.2740624945,105059.7655427,2173.71733013374,40.1621309909452,4202.83543309197,7413.12725215445,18222.0137933148,15398.7533139898,13876.4908041144,15949.0845664663,15606.35882863,25048.0495998232,27960.084921856,29394.303093107
"PG(19:0_19:0)-H",94.080483474162,1416.650625193,2943.32288424749,71.5613897955961,4733.25869365994,68.9280459267943,42571.7193184684,38404.4483670224,46864.4485945006,169.685092323317,466.541874295356,2158.25229553976,720.503613656803,5793.65775562681,478.406845923195,1222218.66177837,1002905.25591735,1324826.90942034,374.622052603352,16.0354892611444,102.134857420816,274481.330597556,296903.715622309,317016.986806841
"PG(19:0_20:0)-H",1482.0199919722,307.114315391382,5867.82922740643,13562.23797123,13483.4835292779,14570.4128792952,480.109868156074,1776.71755728556,1.17191623471713,54.3772348763325,463.160012779105,181.34447376569,216.730960499611,2915.3433597262,594.863835085843,718.903910079669,5.96726748211122,21.7581425663765,194.513479169564,1297.10715700126,3144.56215308187,2268.53409859379,1604.21155575249,2383.88035312381
"PG(19:0_20:3)-H",49.5702670462885,2346.80099555264,128.080830869667,3023.92266086579,7395.47601269961,7305.14574235866,7151.81057897001,1868.54506897779,1352.32780553847,1355.74399080437,5043.32963376471,1491.4051995494,864.360587929652,28.7865470983142,131.316324645319,29352.5981170065,31731.0590128622,36454.3673670897,805.604752979842,464.605386443219,2551.95310884,18110.9001292624,15749.8174915654,18856.6433669417
"PG(19:0_20:5)-H",33.0910796269551,4846.1070117389,382.13343720558,296.114771712971,61.4083002932463,13.4347437503042,2089.42990232217,307.230514861187,6662.35592497892,1398.38102580023,420.903976114552,4304.32003786094,10.5729393232195,331.516483895864,3094.12079013434,9336.137533351,6182.67541307822,9223.29071864269,5355.85769106513,1142.60218133532,1557.04763679408,230.612514124728,3389.87778162491,1217.32796193098
"PG(19:0_22:6)-H",26.5812646198707,580.602404884973,749.324924936344,25575.7094764665,36437.1100271297,33956.8747492555,309.193534893656,3739.7313600007,456.425192773426,41.1615014735466,132.869561586517,71.0162745390567,30666.3824575908,24506.4141150494,33435.1705052995,998.644034637688,1950.30697482818,294.406354402254,4.30894250786437,1635.12043992779,163.759414216455,2071.69667374431,915.083940686764,364.623580372298
"PG(20:0_20:0)-H",3842.98128833192,20.6847712660403,1836.96179218036,38.8212020814021,2.78025359718767,2071.12431682077,42331.8209937158,31154.1695082404,42530.7542909847,3065.38392782443,437.804654809701,1625.83635420455,33956.0981891017,27366.0581084243,37159.2476601933,17917.9381713382,15960.5432551443,20185.1303051798,2177.57957893211,449.426689067461,1649.64923627971,67.8505435801641,3235.45945245434,172.862845848929
"PG(20:0_20:1)-H",175.857391303965,47.3589750553944,2135.87386402168,7.46849603978692,157.059726503407,918.094347669476,2345.97329994027,1955.58718531982,28.3561683367744,49.2590361651096,2466.71122787091,33.5249653509649,16408.1589501568,13656.8721589686,18213.7901161282,390.244754919221,2670.45129228243,689.172453905352,22.1884839063791,149.802876786733,923.874052563636,180.461943566876,844.527519437172,2373.51415465815
"PG(20:0_20:2)-H",3409.06202228745,3390.37044198649,176.868524800582,259.995684806527,2200.22871084667,4544.46933736062,6885.12884308258,2161.2248589955,152.030883378902,3441.46054476773,1495.1496937157,207.728692833042,64.679447649154,1182.08270771096,2442.11411861033,8682.4278836463,11330.1029441114,6614.12121345899,20171.3112544197,32010.9302993615,27293.8014659492,196.499235828647,739.31562637757,595.961669932751
"PG(20:0_20:3)-H",157980.649331666,148787.479133352,196638.910293669,132373.121037888,134905.187662561,146165.995200321,248049.128136404,145778.339946997,227938.465285219,86821.999179059,138153.271376107,125557.11843201,191428.378645458,168406.836511575,217896.881996162,63432.3414264105,45655.2985354002,64878.6983673607,237040.657217539,125519.292115617,189890.431403012,78091.3992930263,54775.5241850066,74258.5184582718
"PG(20:0_20:4)-H",2377.08040484315,3134.19376383107,2862.05962652029,59496.6620769215,52263.8248209813,61082.7095900915,3014.29439551929,6358.67679605759,263.50611580929,53929.6374052473,33258.9816884171,51350.5517507363,728.731936137899,2507.00828485618,7588.35821321147,16178.8019065418,15520.4231787658,18898.6477643592,78311.9487373499,25720.771437138,54514.0591766331,3506.91399707671,1118.39399200757,1967.80896852818
"PG(20:0_20:5)-H",27693.623503559,20762.9620670257,30917.998179408,33494.8690437786,14072.29781022,25927.7832474101,1326.86668995723,785.239953333931,589.745798857046,92.7516225734849,1260.49278799329,2192.66349937747,31980.5748167972,29262.0176923123,37073.5998618339,12017.5979661726,6838.1451053953,11192.8083436495,31472.4422867457,61524.8893985788,48630.2932120007,16517.3646702346,11647.8378032084,15739.9769468814
"PG(20:0_22:5)-H",61773.4435834793,63802.3998948286,15710.3617123535,30903.7896382511,74621.391318256,57891.4690250975,103860.170377714,70665.9893603449,101009.843432137,31319.1030602657,40359.8054028348,40488.7289918726,141062.231992631,80405.6820913854,134559.573669431,25553.1082622254,25916.3414832384,30699.9643990951,117174.386022692,124211.954266052,126319.202805393,28214.4275535733,24097.7324278982,29140.9329963486
"PG(20:0_22:6)-H",7.75229688812499,16.3119195229817,1962.06503236194,710.71687526686,44.0685547759793,2993.49127999401,227.806997328814,236.022744985311,4933.88574128855,1080.94571674398,3581.63311933777,2058.05282640548,18171.6742015344,26558.3273497142,26977.0814717952,1557.44387644348,693.028911652136,802.513827120322,968.423669816083,841.745091787402,4651.36251418132,685.490313893642,99.6557524161674,977.985053567751
"PG(20:1_20:3)-H",65560.917608363,80679.5255868134,94248.5383063079,104595.140275835,136999.253428892,132249.368010997,85186.139065706,128122.251576672,123442.15345869,71725.2125868533,35160.6578758715,63696.0878506778,103998.99029913,83673.529405083,113725.012259741,44991.5257802497,21432.2776729511,39375.2290300594,75672.8865405797,40283.415833538,60731.6391422018,37404.794040328,52471.3492406955,49646.4280360449
"PG(20:1_20:5)-H",14409.8730802495,15771.8651228804,19405.6066844255,316.057365237722,1563.76808323389,6821.0272533629,40027.501498238,19357.7742530237,34371.7102474791,26756.5247659441,21625.4317457294,28074.4283602102,514.202625450142,34.5336134070545,4.49120278225572,26.0388940863302,192.652150660003,45.5862557004001,1157.66884373342,297.384035744782,1128.928926735,253.686444376184,731.107016893047,185.801138528637
"PG(20:2_20:4)-H",1878.84101560324,241.155073209678,1585.58537659487,52.9531703894106,309.75428871283,1098.91885586053,1574.01115000408,2.97945292511585,5351.22433719631,639.733020183448,3980.06828941866,2656.0774760166,2088.22720250337,175.662901823138,1244.14980282749,194.496679840529,1526.30456734261,783.027902582818,452.550004209049,731.526373324107,2936.08736895733,4485.65541206747,6859.15462800862,5981.30454393248
"PG(20:3_20:4)-H",38170.4666463605,59613.0267704345,63314.4968541381,136743.750766927,94843.4034680615,126458.631496594,97083.2678500228,70040.0782182189,96724.5763051214,1462.24538438483,136.423560309315,5015.33263895781,842.413910873918,658.548738926786,478.719015231083,2105.67926319111,446.532804062413,1059.27639217045,3647.66224622661,2589.10505643322,2909.27462199767,52.2604372325724,1032.21401461749,34.248819001313
"PG(20:3_22:5)-H",74983.1075587599,70822.7714819827,93467.2750282766,284625.762614467,158092.75310245,241548.302134343,125501.828937167,133589.855148505,149944.213319699,223304.315403862,140357.756220642,213965.20460598,123539.559338706,54388.9354607757,108303.747713675,65679.3373659322,53226.7168530324,70788.5703347193,103773.866853168,48988.7365149205,80019.4996830158,102415.769836918,61674.4740318225,91935.5867705769
"PG(20:3_22:6)-H",752524.085275452,484929.660730076,16878.9704283703,2381150.12136457,914878.998326691,1796074.41775624,854970.897450081,759827.093819374,934556.149731342,1344161.90656279,1112974.42990022,1423843.27669532,772223.310639586,321102.55325216,665753.269726064,496709.932069725,397177.370183682,532099.408817926,658658.373051862,567518.564150305,641833.688672884,673115.462190445,579353.429693669,697607.393697195
"PG(20:4_20:4)-H",23486.5047627461,22510.9377618263,29494.9396901333,93563.2859436425,52242.8808862178,79553.7105602227,54138.9209174424,43865.2419835155,56720.1415938918,108343.979958465,84962.2124657054,112360.238763706,2079.29073320456,7892.48742345432,471.429315453514,17718.6252548169,17442.373775856,20967.1314195607,39576.574901683,35467.8201327947,39279.5325924615,40372.5102853627,36824.2254616874,42955.1820761244
"PG(20:4_22:4)-H",12564.7907844934,14877.4146442668,16021.3128429641,39963.7560822166,19944.5530313006,32673.7023509251,1291.71489057679,208.452697330325,5889.17496174362,162.302263376267,2280.63727376494,324.393923471907,269.673004242569,122.681053904358,2241.2351113215,8783.65190583176,8954.22341225252,10580.5661672805,15749.7096389893,35325.2995067654,26704.1852233741,18020.1944018859,14229.3054604202,17988.6195346474
"PG(20:5_22:4)-H",5170.06502631751,685.513971515628,1112.40494908701,4706.05499768558,2113.95981240307,5556.54108785821,74.0389397273736,76.4039001980238,608.191579888538,497.908171413964,14.1745171365958,436.047758742287,62.9003451751605,718.874241087726,428.562001047019,91.9233693647628,404.6998886001,137.954255330204,85.7233248336723,2.61933969867147,3870.22304972724,6462.96973659245,8571.46635631069,5653.73082239035
"PG(22:4_22:4)-H",0.0694173144864053,169.667762919389,250.537266031137,431.558915853588,5141.15736001601,3977.70748207787,102.408724337484,4145.97340559351,8.88459357458834,9935.99710039458,16611.8537071319,14775.1289716683,365.965327500648,2792.20573887523,169.136946914655,2702.46461680843,39.4677814786425,129.653488687143,125.746782282849,3.34337917279271,152.061560689863,395.014396081838,76.7055413544161,509.118892722196
"PG(22:4_22:5)-H",100.509564052354,476.107064608323,353.092342049363,41.5914997583294,5303.11585749857,1695.64993137537,955.693088361166,90.0806293568936,25.817460492334,59174.5225901161,52182.6050725961,64297.1667647011,24777.0360531712,23454.7563906315,27512.1866929424,38082.7927439027,23283.5806113651,36448.1470366321,462.493202006749,2984.50820075031,527.317894115192,26250.2654039767,26809.4548199485,29467.5807159539
"PG(22:4_22:6)-H",186479.869896766,133810.812852258,204184.563624109,595554.891541254,350970.558373913,516537.790548745,284374.903091404,275041.010210615,323755.293931893,396693.33482291,310791.081639695,411250.72104633,264740.453943244,162700.819546338,259559.309359278,183839.071997569,200962.999883445,229669.400290783,222974.119403972,227657.211966169,235829.701793526,196845.79963121,220283.151291133,231298.273110296
"PG(22:6_22:6)-H",12767461.0565592,7681384.35680518,12991182.1842378,33418000.929993,20742039.0391865,39090.0210771483,17628135.1643784,11253265.2872275,16715721.4937952,21576399.7943303,22731264.2581758,25321881.3665093,13103512.6694128,9294896.76710583,13586295.3306266,13041585.0644257,9818532.82540096,13600920.6831527,9910700.89365805,9085380.50657769,22506.3908562262,15308481.4749055,11697071.3757546,8709.85830096719
"PI(14:0_14:0)-H",10384.4419247984,8199.17946456146,11869.7026936451,16.0879088106116,23.1846275825769,2453.59868107061,368.274968551568,92.56416996042,26.6893829027937,116.360615722471,897.869697831476,207.240436658181,17.6078421747087,71.1014847085182,2535.87576867647,10.8288346134065,288.654919635125,2541.35830622454,4980.27626322417,319.237487064703,4847.98259545761,1423.71284101665,59.5110063550797,1448.46334610529
"PI(14:0_18:0)-H",1076.54269728927,2038.23974145289,5351.99871826043,58069.2498603488,21378.2448809308,43286.804440835,1.62971056022586,1471.36807025575,505.973050300849,21391.6226287669,24399.4414600174,26049.2780510255,350.300436323593,2507.89590456341,5418.12263582755,189.18254917577,1312.39750097092,1299.37483244655,1472.08345192505,987.461928617747,2910.80941932673,84.2025404174367,1665.04698808228,1870.0250648254
"PI(14:0_18:1)-H",908.34710333142,2045.34557183915,1346.01396090377,87536.5988538879,21637.4864165615,59416.9239123354,45.283606380017,1382.5837373193,1796.20293079901,3441.86570083523,159.913848469061,947.324899354131,6289.81382822076,616.356564285705,3158.57696202547,33774.417849724,45191.0612711787,47211.0361742488,2370.73435762428,53.2583111895832,3567.18599229163,61.6817199760628,188.998936863838,1794.77178835984
"PI(14:0_18:2)-H",139.244523901701,2721.88463019523,955.743642548412,1470.07641472616,132.015280292532,615.786384967962,389.610234507204,1677.50606187742,458.618163736162,1512.03343903395,4277.19079298292,13.3477477891885,2522.83058684507,349.115749056503,4169.96595502492,238.436927176558,46.0322649786505,1800.74164146793,1028.24387260521,211.537460348119,1095.37620454228,8381.53788567185,7396.43596751073,8784.38937124243
"PI(14:0_18:3)-H",98554.2693245678,119283.016369225,140344.338156831,187889.046695179,143248.498838139,180883.78193461,215590.993754013,174934.060271678,226017.255129292,130053.492646199,256498.927502742,213194.64238185,215717.833996516,239807.266624925,275325.669904259,98603.408520965,60168.641769742,94300.1211409924,176677.09232533,164225.003249603,178425.892888834,253625.073835119,164889.484196293,234195.268685323
"PI(15:0_15:0)-H",17459.0193130617,18644.9489432796,28307.5043488398,18148.7389058485,61581.963744305,43785.1187875512,1609.68854458051,1311.3214081565,4373.62457658378,811.846955119271,1293.36128645775,3096.0647854255,1681.15850748413,2832.82280413568,203.305401556322,15961.0963242656,10218.1389373485,15554.7878373391,986.42779284815,217.096729221774,6216.39162981883,16235.0644216568,9861.95892690013,14619.4798300913
"PI(15:0_16:1)-H",1271.45452765121,1029.7897309805,5564.4849295362,19261.6467160331,15974.5167844932,19254.0146983924,331.939645145015,1052.76087479495,687.614244463963,7.2167043124319,2645.0707732145,2992.33918416392,501.614426364659,1409.84068155613,54.4661893550574,1777.13933031586,92.1768287193161,46.5921595966262,10.6244141952487,553.808519690133,4078.41006031068,20.1870305917927,334.310255707038,86.4700179876239
"PI(15:0_20:0)-H",74788.4507379863,121426.354295869,127142.541601523,222217.367671656,107296.841574781,179694.845362502,175469.489856709,169665.575355098,199742.813772917,158588.378343879,143936.604999708,174388.583605381,165550.811747422,173841.421561381,205226.946377362,101720.654787732,70891.0921679722,102631.490597809,179888.858380562,156978.915984655,176328.272236084,103289.855801743,111916.35010761,119397.696020221
"PI(15:0_20:1)-H",14295.3459333836,12821.7447251166,17364.879621428,223.549319198052,227.884721103538,5308.40050722467,3649.28781104319,6484.3097133149,3727.55589440099,2085.01710546791,5546.83093806805,662.873971343727,2328.65571136834,456.327339996013,1621.01672329183,830.886963462293,367.926309874606,2151.51802606938,4342.71049152076,148.694698653361,381.063903440389,1072.18516864307,2799.39129764269,2255.95487455271
"PI(16:0_16:0)-H",69275.203501659,49998.9752391013,76045.8025068228,114056.587526447,78506.8394569195,105146.604013458,120311.157620956,118625.32533117,138281.269470349,50102.6152793409,35429.6593190688,50003.1703639589,4.75071484180899,1899.97502580569,682.448769090995,55.4295015500537,12.5177858531504,1330.63442012998,116102.174710254,67686.1993509724,96248.3372526299,56.948459751095,1088.66875256879,644.892919268259
"PI(16:0_16:1)-H",5171.55145327993,935.60426028257,242.077940226929,255755.278222474,128693.128420994,209682.333256026,24.5972215644738,73.6170442988639,761.268715229643,3164.13053474934,86.2085619465421,54.611413133829,5191.74064981272,939.698455089527,1228.6944380467,69552.171490579,82169.4603365902,90614.866799843,8.1212798522598,1748.05321146024,224.09946304915,43044.6906789629,36419.7296025806,7994.66578155984
"PI(16:0_18:0)-H",62075.4708876655,48082.7129792597,70332.990898397,50830.9783993746,52646.4648994153,56592.0983684245,81630.3210858711,36632.9439906954,68450.4287643417,45209.6799080576,43053.0634586626,50737.9678667942,61511.7875362277,33248.8242368051,57597.0757347278,12445.4292602582,27100.2245627917,23734.0958252996,34626.9187254057,38665.9160866957,38352.1699902384,33068.3841160311,19899.1456093865,29676.7027658961
"PI(16:0_18:1)-H",48452.10922909,41318.3307009231,57427.2205873133,134683.602274373,75767.7502603939,114828.056820931,83995.8830337353,37797.9016449235,70493.859960036,28356.5241822557,47763.6053404258,42346.8197812995,64439.4817864455,62634.6229125958,76887.9586604194,98528.850795982,73751.1270869931,102495.21891724,68375.2543968107,47159.2149449952,60492.2762244999,74260.537341965,65778.2696785408,77961.6761303891
"PI(16:0_18:3)-H",230.555410925424,135.645188144479,66.8210812530191,5695.05938967542,13409.4584244001,10479.9439737932,13320.6821412791,11609.9522797072,14428.5174558091,264.494180379878,1179.14768920728,53.5765588239949,1241.7813764611,3183.81085782821,36.2757526477006,1403.698412294,953.839789028243,85.9536798278786,5044.23569529293,1437.6104865535,1625.05984496357,550.892870264793,165.731532516388,1227.57081229921
"PI(16:0_20:3)-H",2775.01648501085,659.186966445162,315.244907259513,525.558805179897,5829.64110111061,1150.0549481711,56633.059307204,72121.7985564172,74512.4811825431,3330.81051059111,283.679115948994,1061.03931467468,38216.1822369373,38739.1383380888,46547.229652432,28431.787509601,28521.2615778573,33967.5847978765,1633.78600122463,884.383399075693,1032.91121950739,643.877104967752,470.469316846342,1396.85155033036
"PI(16:0_20:4)-H",461.184232137985,678.711454412842,2.03226078604377,10475.2549389869,13085.0629186559,8310.30259201699,2819.57907618955,48.3662892608292,135.832408508003,42.4265443046935,1322.0770582877,342.311063156958,5418.89903860664,1263.33651677057,4356.90085225878,187.405244373837,141.298579590186,57.7792197980083,376.167772975015,47.7770431966931,368.023616184618,7706.38274765842,6292.67355351754,4651.56779240638
"PI(16:0_20:5)-H",5229.13112752529,2020.13428873463,216.851605463841,1301.90974051561,47.7173571502784,1312.84962475893,9716.24530412729,8362.76694263291,12642.7208815064,1048.45217355359,299.063032752302,346.653688894993,43.4794997195079,74.1388313437391,1918.01665859681,118.172544264143,2.98188413628206,316.301287766191,6686.05251623248,1519.68702631366,29.3082919789683,628.491801273251,2880.82927099575,922.261926760008
"PI(16:1_16:1)-H",2482.3242556552,161.669195436062,2646.62165586996,1142.00276159658,344.102453932616,7365.24425497197,5447.84303066198,5780.96929168063,939.127855122519,52.592322030105,4.23898350478315,1294.43875705374,5667.52250788375,2117.89439616453,1101.84485095785,792.182647872409,1332.18971788134,863.455471803812,13702.395300384,13296.9992777886,13387.7685246939,641.244089453958,1189.51176390786,2336.49951030385
"PI(16:1_18:3)-H",605.141962371178,1475.8675558877,13.4746742518378,1615.13016069417,2571.2616408214,798.494122038177,665.237542871269,24.8444219692588,5794.3348369533,1655.13893511031,2991.34243295691,476.294011256179,2173.46876532131,48.2759347076451,1264.97084868995,11522.773044229,14952.3957999556,8880.00010671575,3137.93039834607,6870.26379004894,1407.0827988126,111.606965063554,3132.4022727899,1314.53393710724
"PI(16:1_20:0)-H",782.525597061646,831.370453841049,2618.76012655272,3811.6456383317,78.4511793506111,376.811660042144,11.3076464772276,26.8523169230938,6471.97473798591,2107.5525525014,2884.64913128442,779.82090343554,746.868661325344,921.870187162816,1299.43575555383,585.982220277687,66.965551366571,949.907537691,15552.8839907088,14158.6546708345,17857.1814626249,137.022448073099,128.286670716556,567.457691073867
"PI(16:1_20:3)-H",269.646563790828,442.844528980338,1632.9243850115,1724.24763040277,2269.59565120466,70.7540269711332,1802.68165185728,11.9551938242311,2940.39916331371,281.739547882512,48.9988568592776,367.55029453074,1538.31488170237,1439.693721394,253.742158590437,7433.66246784837,7255.12052005957,8887.59526136378,1487.92272086001,3361.98051672684,512.336013527366,270.689235998366,186.751013691778,89.1604345031931
"PI(16:1_22:6)-H",11.4927874756455,2975.8424539499,620.158387901883,984.971512081556,42.1591352398544,749.580779459583,913.412137456896,39.7865997749091,626.115233024393,319.123955041405,196.511044187268,607.108021991227,34.1127012085375,608.234320867429,3358.42101251536,39.2468375009408,427.037575879481,651.452377207044,205.142406607752,24.7160546811267,182.780717081023,7444.71143775099,9362.19316499587,9300.9851340667
"PI(17:0_20:0)-H",117976.90563679,162797.284858226,181363.927882677,270459.300955369,158248.392515755,233948.189551613,195894.953035632,180275.961366239,217705.948560614,114425.276046281,163872.664124857,156248.279338954,283932.979884241,268987.122381897,334620.749278679,112561.636195101,94207.4224312476,123129.808861251,249981.003342159,187820.637582253,229203.054660309,109906.660592044,96028.8512020912,114673.973987492
"PI(18:0_18:1)-H",83238.899473634,76933.8457954729,11606.0683271198,175466.417796704,104675.661046734,152885.964482904,97981.722811353,76919.4108118072,101224.887766811,46693.8372776416,78463.1614559221,69636.0774764719,147505.298106041,82129.4875745364,14227.0210787688,51393.6460798836,39657.6820701249,54183.3665330906,126443.536848743,60610.2937358785,97980.1541205408,34977.4171642071,39479.5531819862,41280.3964369526
"PI(18:0_18:2)-H",183.155747836658,1841.66053758624,2802.03071805487,22352.2412386561,53241.2257517676,41468.9941127853,28685.2627413453,36002.9512903248,37436.1720800758,22128.7386565817,39398.1760351979,17954.837898877,62153.0059529485,46875.7877783952,66102.4326837539,10997.9355672816,18595.0095370843,17726.4896885214,7255.12052005957,35.5103516513317,16.4924062059207,27949.2453211384,34173.3011862098,34395.1542225773
"PI(18:0_18:3)-H",43642.968096216,23556.260092303,42603.8830589398,27842.5211942439,27792.0681268279,30422.3096822715,27774.8623141492,30941.3215262165,33980.6197449592,217.218682313647,73.8746193108174,4342.28741561071,35462.3077002307,16154.8670146948,31411.6901799609,11323.2604477353,10569.0841287966,13048.8706248646,32699.0865860268,30872.1591384881,33272.1181176908,11246.3239129408,20138.4527979875,17267.6933491427
"PI(18:0_20:0)-H",211.87321996321,77.3467994955969,215.768792198325,141.685202633428,261.422653032858,6510.66203890657,13435.9000747224,20439.9176109886,27044.4945335969,316.180147753254,3389.64594694389,3092.73171475551,426.605584799584,2102.19332623946,1271.55779775673,8291.31522390669,4459.16669924389,7271.14763227785,2050.13442585155,523.123600716571,2791.4453384844,9594.17432982449,7753.20524693712,5617.2833944296
"PI(18:0_20:1)-H",699.690370812592,1438.21759937987,1864.15308811576,6822.24781216293,7.26513361224408,124.612232361859,640.601240791607,2172.70162381994,1462.86525250952,174.856531063308,2042.78359309211,4582.91284963177,6137.01828638289,5479.59987217865,213.06935570727,74.8931784924594,89.2203784832165,2937.34634381927,692.198198000676,5108.2600667209,73.6612180281358,20707.5010937386,29369.9029411047,27657.0409502127
"PI(18:0_20:3)-H",13391.7392990882,13028.0631127871,18311.4196996907,691.469762043923,305.045869078129,2433.79891387805,453.49266227145,34.3186995375216,13.2615774597952,1283.25656010545,238.05523284653,5184.99375165812,2013.79669784023,1861.45112686688,2962.33802871809,480.88986882491,112.650255495526,1167.46576873926,297.644531918402,1690.59504396563,356.304602181587,823.734426451451,1773.93409544319,656.547654098366
"PI(18:0_20:4)-H",21487.4797686267,13107.8780732954,21984.3463798668,0.702030891087832,695.951594733912,2790.76392897415,47.6099463973709,833.223770156275,7410.41044905412,1787.83196438116,340.434996333105,60.4236695951446,738.825086525438,7251.74516295675,315.403309612802,64.4573685751962,165.08760020068,20.685397847074,2246.81401933562,102.437195664819,166.066333499113,62.4006833051248,79.1475953475485,631.53450543297
"PI(18:0_22:6)-H",66.6872206241553,1717.58947102565,724.459153338817,70.9055191202844,33.5834333144255,247.686741945365,6569.27668719094,4177.48061051525,8.38157941280827,445.683522055815,317.544106597289,298.733476625079,7121.37198716563,1222.65883475652,217.650914235369,2290.49828305018,1477.81825802497,1070.56653870772,18210.7634888943,27849.84975631,24092.962841345,9357.4165194179,10519.8721716867,11827.7347555716
"PI(18:1_18:1)-H",32882.2288217694,49554.6067703477,53340.9774081677,5611.91660327504,896.031510583589,64.2388383653394,50148.8644708194,68183.2297473116,68480.0465124952,290.586424983087,25.5445244278751,135.145965667233,3529.04196222892,5325.79279610513,1705.06137070172,8.99570075619549,309.549521624993,1095.76029879114,61541.9460102142,42978.7153440067,54724.7691248337,158.373973957014,324.896660168301,417.769450827236
"PI(18:1_18:3)-H",105795.766091626,107982.365504224,137256.075235789,273722.770909543,145375.926257577,228624.559809007,95558.9188301943,43551.4773076773,80516.5372619354,188100.784216785,140886.481100724,191717.912831242,217317.038680721,184288.413547809,243261.773169108,100614.097576348,81407.2776206018,108361.666796713,248263.337941834,143248.833288197,205033.905991716,348000.716372621,227135.192999431,321818.089378095
"PI(18:1_19:0)-H",577.249155699762,411.997560442074,994.875669060323,2016.44311163379,130.130668537275,1305.88577693132,6951.75088802215,823.667691319819,34.0247768517782,69.9610146732783,1222.48945228808,179.330360662304,555.893790671737,7663.64085006747,35.7513724503874,88210.8091892088,106776.82961684,116479.164170356,957.906288157107,640.483103654906,255.577421897374,27954.2365774985,31789.6880390752,33118.9688570046
"PI(18:2_18:3)-H",731.253128830399,992.600769846181,352.120025643486,354.398205184598,5129.93595965865,327.271432904352,3971.28776257797,1279.43747922709,1747.08393333102,1847.27501112667,59.1144240229231,2210.87364297272,11.8406031493658,69.1280220922587,4781.76409526026,673.968356843842,971.835835872274,1471.28913957485,386.174021525336,549.644541011983,128.767723417226,12484.7367697954,15528.2076972714,15505.3288825035
"PI(18:2_20:0)-H",1509.20537490726,91.1796653223604,2493.20413282991,2692.56528663165,48.5644638925674,1588.5113674118,31.5701454620863,324.439083243231,238.074486059862,76.5497548473791,13.8409998786499,796.144754477315,5084.9860452351,7752.23469419146,54.4048001235001,25825.8477225261,17544.3238106973,25781.5875680237,5533.32034164652,85.2764266588189,2194.34328802915,22546.126276311,16678.7178063283,21903.2629466569
"PI(18:2_20:4)-H",288.180362681632,634.396292434868,3730.09178216277,605.384452821879,1478.72046234696,2869.15194461844,195.625774156814,3482.37120158735,923.688826744121,367.653689158279,6.43569585516429,622.112517818586,61.1816160370439,43.9906402357113,1939.63365930215,4510.71689610888,6758.39009057098,6743.74727222667,27.1763319087529,6479.32622762918,170.015493547656,433.695602682781,1039.90104714818,2547.78345683519
"PI(19:0_20:0)-H",2841.37499346362,2580.31220027483,1951.14405504008,205.120234186317,336.466649352127,709.032360815257,28191.052767055,23031.363339294,29645.060721005,22662.1967509856,19422.6926504253,24339.2615115118,40872.0252322109,66847.0806963223,64910.4026499059,15414.9606516331,31622.3204351618,28217.8877293736,2534.01734419953,780.705862590129,29.9374490758917,443.830211679567,299.510994820181,677.194177029242
"PI(20:0_20:0)-H",3925.63152114578,26.1207777440531,1007.07054011877,48.4382147812228,4333.78134557495,719.066663572697,493.929737647881,1257.95378648426,143.546422221387,223.23494116384,1310.56972492599,298.219939175902,14381.1173163893,17313.9785919367,19144.7755341077,7475.8641865287,7924.862790734,7915.94585114035,13.3039170108118,109.702420153572,188.367124908586,2597.89387964362,69.6633780976083,103.624092208049
"PI(20:0_20:1)-H",24325.2030921223,14012.7526790517,24335.9149682675,27073.5022986284,79476.6185659293,58489.1644189689,57.1635583777478,1908.67829703936,1182.41227832052,49511.3530987391,62339.2314800881,63265.0969321084,60528.5352567778,48073.515467398,65816.9353980275,21649.869656511,33242.1287196901,32855.4522000957,106582.887684246,101643.1949642,108980.650267758,41014.2549010204,52913.9345636804,51957.6630272255
"PI(20:0_20:2)-H",135195.562779033,90166.3779086805,143460.021896786,167192.505687828,197046.18372939,199303.71494555,140080.042189934,132117.608936883,157531.701573914,111819.955015607,171634.14455072,158516.166481059,227221.699602745,229287.121545322,276134.177486814,89792.1287630892,78675.5710022418,100360.625781142,303197.444230421,160787.695420725,243011.373111759,154653.231744465,120781.786882412,153664.698682532
"PI(20:0_20:3)-H",1029205.85676963,815199.451857388,1178130.79500631,2175405.25520166,1104282.48905149,1788832.28698591,1181516.46396906,1397908.64549027,1492769.4980473,764059.787217205,864452.095344653,926852.051114695,2474260.61438179,1194989.00979948,2232022.70617248,576650.676997581,570967.576909413,684379.179625979,1631803.05020785,1701660.47255971,1744461.226472,636431.256361511,474855.820827051,620457.539293031
"PI(20:0_22:4)-H",241.713944145294,172.273314864742,6313.7460753235,49.7403910617267,2365.19010673737,673.972222721385,19710.1115812401,18721.8616528785,22242.1028042447,18.2606955063588,410.817952149398,1218.52190346509,25640.6311820104,17981.8431351805,26462.6014630185,15438.0633807522,6805.27455378032,13178.0150111714,43336.4003900287,26618.2136600543,36632.365216789,15849.7550692299,13112.2083005951,16142.2003886885
"PI(20:1_20:3)-H",15360.4194319906,8930.65251247814,15422.0428762459,810.426939033598,2.29347009317789,1046.28316020835,8.9155216237602,38.3590647646678,1924.47513463361,9256.04470624359,21064.0951881415,16597.0269688861,39750.8608235292,60748.2168308161,60591.0552828659,9062.78383661068,14375.3832647693,14032.5424990121,3310.34064317339,3139.9490689061,1251.78880924663,8229.52033794002,10769.2657981486,10506.9199973252
"PI(20:1_20:5)-H",975.619927715944,3268.50157584561,2777.65537876913,307.782155679287,610.404962367745,1457.70653797801,1391.68497232512,28.3287088666194,420.434453212077,3792.13410007262,74.5234353264894,4.91502268327089,5.08360135225358,678.242318364927,4477.57307650105,12156.0800246386,18097.7292981925,6549.26342240311,2158.30840155002,79.2810808278896,6445.95756626891,1935.82120035577,1579.73437830547,27.3040504645915
"PI(20:1_22:6)-H",116.692876432455,55.4267475933099,109.043519985791,4148.34737502596,659.611459434101,1456.52695498841,102.936258737972,2994.92779939671,6244.02267838945,198.783885507538,37.8162360107961,1029.49043228241,3745.42175104979,22.3371836714585,439.895764703387,24926.3713356161,20036.7026195957,26766.11286694,335.438734461474,396.791578902058,80.4230753503692,9964.52102431003,7370.06571513202,9679.70989475509
"PI(20:2_20:3)-H",1852.39188165193,227.284019276992,144.479768389291,2103.04282992207,1792.0297399112,761.307529153941,2505.71184829924,97.6073919801064,322.125820745664,128.421961584793,446.210323168938,238.025672796662,49039.6286394267,27502.7660718248,46511.2161051259,3.75235404007282,200.928622416423,566.115184362227,19123.1149307944,30670.4963851385,26044.1062290339,531.310181063508,925.679241232057,578.515371121223
"PI(20:5_22:5)-H",57.6281155995489,1432.06321245096,5114.6729401271,14512.2966618509,15359.2436147505,14564.6811440473,42.2857903949859,88.0036074495075,114.937542113898,23.8008718926797,1406.9116425021,17.4369161269912,0.551674808813481,1306.35439854127,463.277007319292,874.450193538286,427.772606546603,946.663871551179,47.7231775309616,110.467269082323,3400.39637421369,1788.92604763464,769.467014377091,2203.10385149372
"PS(14:0_20:3)-H",1590.19029813783,179.715264276342,901.387608275243,1274.72435952007,1326.59902736691,305.531219947128,2951.21841101784,14.6926013064056,31.4501546611838,4930.19492543689,7147.02610289759,6775.95577268877,800.499323987362,1158.06709980365,5080.76265376488,6.83737754219685,1064.44441692089,303.376792040361,193.782159494644,4039.62419569398,3124.32478251467,64.4766309379767,568.399061102966,174.099940635047
"PS(15:0_20:4)-H",159.993721563192,428.232397205548,526.132879705166,679.299040890798,4601.20776488585,6564.05344566628,929.157091681609,1220.21644663309,106.154671246531,4090.75985984985,601.810348456146,588.646467111641,7772.36857243193,11261.955038613,17260.0036287833,201.864864821983,1290.78591182545,1439.88346931131,5102.579131628,2372.44584877076,1231.13071589014,86.1618933669127,1895.78201483907,407.392648653872
"PS(16:1_17:0)-H",442.845572981607,593.181670157734,413.748597034832,3506.41094151234,254.948417074141,3803.56190372078,27.6323350889399,1692.1829987341,6976.91468091423,662.923903530989,3505.9129742954,1819.70402663026,49496.1598642845,33119.3859291631,17602.6940327314,1993.86739186694,1108.45284899383,661.895005067497,4.70691149611083,3502.86342463102,26.7695816273058,2970.06991027245,457.753972626815,282.173457494414
"PS(18:0_22:6)-H",1757.1415695784,132.365470860359,878.422920071732,5506.38848620568,6964.21484410579,1869.35862639008,21936.5099714142,28663.4846781498,17628.1056029498,12083.7940419956,15644.3216186637,16262.562155316,58.8721840846026,587.199308138369,3712.02023321326,755.667117904627,1457.25077881028,535.701194547244,372.090635722425,3677.81340494871,515.583061294192,601.006836669663,1465.46648848762,1290.36322402798
"PS(15:0_20:3)-H",570.093319735851,296.721566674778,5057.40748836415,1975.13299960831,3276.54295594072,392.874541361644,19060.6138661482,13089.7398889609,18607.5149465805,11385.7392799778,18432.0053188569,10442.2846416641,200.242355181516,1010.45712615076,552.445554681482,7618.5706946772,7475.2459774575,9000.46057624811,5242.64570100343,36.4537072816878,696.80582680751,7255.12052005957,10196.832539304,9639.92916684464
"PS(18:1_18:1)-H",265.537701676651,17.1477138485567,1134.85686033716,2221.32757296028,1469.44932095929,1188.08877176376,42750.4408946656,31536.048360722,21445.4934128284,936.851887285916,15.1025125935783,41.5620063738421,361.406333392667,4012.78347810644,3538.53759755205,1095.9236544885,192.514591078899,896.793363415419,219.920366765425,56.9640703892681,927.561665996558,285.455763022425,1488.92813826527,2129.06152195943
"PS(16:0_18:1)-H",27850.0592027603,13362.0749457413,26071.7074310328,990.311514964657,3549.87423047284,1129.53837570997,382.023948656259,2040.53765973463,16.7919384794554,3.02059096500165,4989.87506705522,261.763213369756,6859.02414293465,4167.12600817983,2794.29399791107,523.369055822145,2082.62858879213,118.618399007136,1888.38776123748,1375.84423889742,53.8502302969268,486.432943920243,459.790841485697,2212.69612950199
"PS(15:0_18:0)-H",109.351157318931,4771.48544220095,417.534879698519,498.718591806772,76.0905916656807,593.614678416018,27486.7313118671,22806.3261951602,29107.130337124,2247.48479020563,4676.02926758634,72.7656383203598,76.8561040744012,385.211164131987,7995.13682637954,164.296248967755,1104.33129592253,519.364191228025,25627.3481494009,17023.4979730521,22332.4153843241,54.5799974765986,74.8687342363161,131.361165787481
"PS(17:0_20:3)-H",8797.0693274779,9410.59931826884,11701.3532146593,31965.6628409454,27490.1667113615,32492.9013768896,5851.88252996437,6597.11978059252,518.925412564761,23055.4718983523,10725.3103055681,20182.2098454881,46605.189053745,23898.3288722109,42869.4788569755,28386.5640663505,9801.22636974972,22585.9561895104,28113.2578435355,25461.3366697566,28041.4989763606,12514.9214950909,11817.7937435408,13531.6531631646
"PS(20:5_22:5)-H",884.909692267162,3106.46473945533,2.46163940831392,14.6031320465227,2160.08493474979,302.932007763465,5141.41844023749,3950.75643447488,1214.15212839167,3215.55934396555,1839.43947366399,17.8554090297491,2779.6359397767,2627.07711161632,7514.3061732288,5455.80404522239,11647.5099634435,10263.3973521693,402.297929204009,2373.17630135486,71.0654510016649,567.624417417505,1297.8903746306,3716.63285390237
"PS(20:5_22:6)-H",1693.90890476859,35.6271295828822,912.563993592537,4699.98533625744,302.591320130965,1.18020484746961,2375.53048315297,528.612311682878,8.6786829797246,1398.14635494033,113.11423265936,1730.4039867888,161.009473841768,4559.16943111365,3687.31879933216,6077.24202554687,4230.45711002936,6128.69297420795,3030.17364993619,4892.1380086798,22.2590700674878,533.596194948289,1047.83751574694,742.7253706001
"PS(16:0_18:0)-H",18821.9753323638,97373.5142498708,43899.2553847381,47769.5905495588,47656.9378175422,52181.3714425531,49701.2738762633,33186.7712591029,47972.9209416689,37132.2965013152,41016.5604472295,44539.6014898524,79239.7873107076,62915.435017351,26461.037557387,39215.7367355455,33070.6927006969,6628.39337352794,42632.6520092542,42268.7938923636,44433.2610039583,35079.7628320269,35331.026695106,39113.0870037238
"PS(14:0_18:0)-H",86111.7936215168,359278.850394655,218453.965187033,242345.255578116,174081.959390725,34865.5591657559,174482.091143061,131064.832351901,44660.9153949288,124882.318272049,106277.89749072,21046.9497802528,234879.132631322,192492.56199995,61454.7762403382,105992.574826437,139472.14014789,18081.4222661626,43072.9134185196,143957.573182313,14889.8864529305,106477.005453613,101685.547138007,16095.9517560044
"PS(17:0_20:2)-H",2986.42940951874,164.512354465632,1060.28051626761,13010.2420001333,20914.2126530964,18584.7062554191,2702.47613410119,1023.21841547719,585.25681936846,85.6551529966168,4.82244573352787,1352.84200190696,3750.18841713656,2466.82621040308,52.2213882999341,86.0824911158487,1492.49132867069,1263.56498269103,1826.59019347089,143.195963779438,6677.48152817398,78.4628060356348,14.2200584173853,42.627376242116
"PS(15:0_20:0)-H",10189.3958687555,13691.8602324323,15417.8426183193,3481.09870186721,57.9216820812458,1481.66727402106,1035.51239756721,3078.04163291431,1253.87693959995,167.257558066288,92.0918655005734,738.041565823506,5160.83274300473,5851.88146702494,7644.01886073981,340.640420419596,517.22505483193,19.6458751031848,77.3458912255214,1696.15439138042,897.593144976387,6244.08586976418,6610.65779527582,7134.70904653636
"PS(18:1_20:0)-H",226.676293715251,931.767186578814,20.5473616038529,40.3516540646679,3267.22642755207,92.0392715788576,2117.41452989107,3195.32516132419,6729.5507356551,8004.88822341713,10118.8250958624,10220.722598013,4395.86250914304,215.741446826847,572.711226160636,0.026071319966981,448.403708655318,785.81741036318,4742.5226965291,944.700450722055,2496.42304090311,883.287479879419,3375.0180997374,2153.41595257511
"PS(19:0_22:5)-H",37.5069700376249,22.9100096869129,2326.29795024444,3023.24125464207,1192.18273042811,189.48704432473,1351.56965401724,41.7809819496918,339.851974055516,87.9104094001588,1091.02641689689,883.774258825759,1944.61070347492,1290.77539912606,765.185350642193,6984.41821547285,11661.0236343793,11167.6985741473,100.681442191149,889.985969228707,6579.80974767093,673.137955654153,2508.32710656505,343.153743260954
"PS(20:0_20:1)-H",95821.5186200664,106031.296801951,16511.3187056064,190974.176331287,144453.774853313,183221.836030387,191548.872772952,173727.800264832,211401.42255677,128667.095318543,108269.516163199,137172.537138856,205256.380762984,216161.012206741,254820.791047937,98462.1281127357,83722.1741174699,108504.299186956,137915.899652321,165874.574082521,158950.667833915,75844.7028144947,69619.7326081616,80933.1652469323
"PS(20:0_20:2)-H",430989.550005339,495437.328716721,596244.072820564,903547.615228878,487163.319240226,758694.237145017,803597.761373324,755493.582489169,902309.117853992,480921.273700451,417897.089328298,519411.323057802,602045.261235501,597342.897724412,725587.012995888,258554.694872596,267673.364612278,313934.074293027,736030.929168849,680353.671747775,741331.465512132,209513.053951539,325722.298386528,295154.906792497
"PS(20:0_22:6)-H",3268624.6197126,3320214.67280195,4229947.10924486,5895279.47234275,4904579.58663354,5901413.84053726,6287892.09627133,5188240.28441781,6641822.06337184,4566537.07226192,4094928.73031076,4996304.17796734,5698220.35829731,4450096.92950327,6151079.29868255,2424616.40055364,2025279.54902247,2649843.84197986,5235503.60210713,4242432.61068312,4961537.70251784,2702592.61496773,2470886.59159414,12927.7126755081
"PS(20:1_20:5)-H",17852.2661953887,30169.356795767,31140.4014838524,82.4721099083275,118.755219069328,71.2382320988149,46983.8417578414,30314.5093344969,16440.2511081972,20949.5077811103,19617.1556464889,23342.439186516,0.805439923384068,1207.85033668696,365.060415645813,17321.5591813279,12606.8299268066,17801.2401519926,3967.42776612127,486.613948168213,132.691101475286,14.3795098952996,210.512581142485,87.5428956722174
"PS(20:1_22:6)-H",42501.6681331421,35330.1146638097,49764.2131646721,126014.872669909,32629.0562677615,86350.5767548824,103783.842182935,66242.0051949075,98406.0581116958,57208.7560351464,29420.3640094017,51502.0525012949,56690.6839413247,52968.0087937319,66371.5029809408,15214.7576265135,27759.7927517415,25757.6094362021,100503.45045833,55163.2124041575,81526.9322529419,84.8947593673263,331.034162246689,536.141565453636
"PS(20:2_20:2)-H",292.379310608161,2.27558579209121,1780.1840305199,20526.2765007656,21090.888237775,22759.8322418589,4279.24892839846,2.61997264523016,4912.52605890564,28282.3013176819,12146.2872205607,24245.4319320595,797.318533827789,3122.2485227378,38.7524539635828,40.6009532680913,340.963794736758,125.547198544671,7267.85601093968,755.854193085639,3541.15968845168,494.507587852911,908.711927809348,3057.14166800508
"PS(20:2_20:4)-H",4636.05571185444,718.64036964352,1528.53044458478,84.2197771410587,124.452850228057,260.513894054275,16071.1278685153,19180.9545513071,20401.123274327,623.068408243671,2309.92163896393,2288.13336312382,18350.1599036099,23857.190401635,25478.9690831807,21195.0927522165,8981.78363712531,17873.1180507374,2429.94591148321,167.920072768577,84.698648637089,12247.2643015147,17337.4633464644,16339.7451594756
"PS(20:2_22:4)-H",3930.94497628892,344.32227342333,362.55434286864,0.508853657379752,19.7973218014307,276.792956731216,5256.28351371223,329.065616469817,10.9371825616325,689.37614279876,2932.55459915951,261.266977292039,42.0618392967371,233.897986341423,5385.49377260768,636.78864320572,2133.5661553173,251.048098053769,373.170685515619,1567.68324086806,3171.17688917632,6620.20775785255,8213.39102325777,8210.83305476415
"PS(20:2_22:6)-H",98.7601633738269,0.233465128586604,200.636213314632,37.9863060795093,6680.73634591775,145.586093130581,1.08067626518752,6066.56426159493,34.0576200848666,4108.74894707439,334.672769088969,9.37695667620181,7284.69820602209,1417.97460826694,92.5703588939545,8048.46720823759,6869.36539540336,8884.96208465889,43.1905853211994,3463.88872896106,1767.85399586357,448.736104530466,65.2264775298034,3593.37804961077
"PS(20:3_20:3)-H",4461.82942126339,865.359362527287,3424.84153834235,795.837542086435,203.877509336162,86.3315485164772,2503.0667606453,1096.49605589587,97.7366462216021,344.654839145206,396.081892921722,871.179942239469,259.838151027258,154.291990778423,0.797434844222611,9975.07551749731,5933.50374008605,9446.7074545169,310.619933823408,6852.25850935764,4512.98385735778,692.622380860769,1093.17145523093,219.160601356132
"LPA 16:1",3254.6616181101,484.193801652179,1310.54232799509,276.859061033728,2863.29519536755,2404.73475285729,4722.83054107323,5464.5456582281,4612.85795236555,567.526170558879,14.0339961692319,1847.35922367216,214.419076789023,903.434735669375,440.946287800849,93.968743896905,1216.46576741509,2796.43888911787,773.121018807733,37.8826117074217,2277.51225319883,53.6722018734194,286.029449372811,3215.69444198934
"LPA 16:3",1588.78947964106,1082.12859445189,4613.81680025396,1002.6605589802,511.034866906664,3576.52578189133,244.66446967942,406.395683110591,1181.41185261197,4529.31460438117,1485.41147105496,2071.12472023626,7246.00846093736,4149.39447283812,6923.38746495238,196.595741777629,92.7343163660608,2633.51558532943,1371.04584771691,5057.9544043828,4047.55279812682,2477.40068024176,601.417125203517,418.708301218249
"LPA 17:2",689.658565927925,10.9715527666831,1511.41872147034,2210.54009980879,201.68298984506,1603.61794240624,331.747388793201,190.398111471878,9.39023237897854,2311.48191861745,2977.34044794849,2895.11942054155,6434.15705398925,51.4050862629255,6426.87702528023,762.579047584258,1320.78815574154,821.453621504566,1659.72923025816,988.361100859493,2190.32851983458,609.405246538998,874.09111730453,279.165153044049
"LPA 2:0",24527.3859831649,23027.7723318647,30480.9991470699,58039.653341305,36516.2212150972,3445.49475345815,15847.1325747222,38918.330874634,31690.9719417203,29574.3860621475,38981.9634026007,38674.443092349,14143.7521120398,46304.3593767027,2481.99478145579,10457.2817048773,18471.6261848276,17334.7062573253,38927.048471672,27693.9303366654,34880.524888342,9392.52972180634,6328.58292676947,8792.22152559331
"LPA 4:0",45772.2751302066,36836.312400519,4575.21774918655,52306.5600774575,15516.2697388136,4509.33434452903,39936.7952078044,8219.27258001014,2528.27786900102,24745.9961795116,6599.55714179355,4743.22251147775,35201.993074523,35948.4864511625,5162.19845127687,5299.81185172402,9524.33810383952,8884.08723936798,65217.8681596991,31362.161165389,50589.1426085737,11378.4241720001,14523.3130944975,1420.94473320301
"LPA 5:0",6255.37207197602,3098.83956139647,11267.290341683,11373.2932269034,3816.17148612071,9299.27981189653,4053.05543404221,54.4872199716807,256.567016362484,4739.83547933406,9151.95396910008,12493.0265131304,12845.8313561692,4340.74203961363,17049.6961808368,1619.99212480426,3340.59546095846,5966.1488628035,4892.44166122052,3895.69901770522,2567.27368192527,7635.71561208826,4957.43469557126,12227.4377958277
"LPA 6:0",564.634818771033,103.822890601095,741.588388648765,2885.74404683107,4584.48675739997,4092.20955290442,1052.12231402147,28.1261904412552,354.051976872789,702.506719984317,161.245697398836,1100.34358353309,619.270006047213,487.515213735472,5217.70941897222,479.85300761803,96.2562161638616,37.2739190983957,177.362439555779,90.8506141549272,3216.80589791152,3408.1400773477,218.809027305355,466.594437817713
"LPA 9:0",223.993197490431,318.892387303377,100.307675107808,1014.74335373962,5878.83261107268,1143.83476049174,2611.72490465312,141.181765946382,0.23325923556959,1000.9166058343,679.071629019581,80.0572390943955,83.8601040682901,17.6434325760505,2562.60704793919,1156.86114143888,911.828824476343,856.02247127371,4404.29167988484,575.452292823691,1243.11412663371,1904.55473393948,29.023412110914,874.942366644382
"PA(14:0_18:1)-H",147968.910859884,37056.1126061081,115855.703690718,131381.690074461,114544.108748587,134406.82760797,186582.369861107,249180.513800529,252181.252186941,228057.876452897,162859.57353678,228411.317127986,156694.222667551,305329.686581316,278050.025830605,53537.4748255676,153917.198486352,124747.163412329,162215.134093116,183003.690452557,180641.414527437,158741.769892951,124087.560690322,157787.572176276
"PA(14:0_20:0)-H",3619.21427926974,61.056938250023,2282.68027014497,117.724373085537,2524.56457750728,150.905033998317,582.830867281823,3506.01205485755,7467.96691318678,8084.48744884204,10326.3445148612,10404.913812392,39.680533601659,6957.07895114717,1782.5037207722,6441.89342579627,7714.94767313501,5746.06740630526,0.383653500410569,755.471368784531,258.112136425903,144.421269536875,696.268361209833,3683.8702586936
"PA(14:0_20:2)-H",259.983954499607,381.669073272423,60.874398202455,13206.0574126202,17870.2656770226,17013.3823843291,3454.1628940743,2860.64609470043,2038.35042954584,548.505830064741,1288.77262339858,5378.86457747868,1199.59849868472,300.884031959875,539.716380352183,1421.78349913257,3.79363957480496,421.326357124552,249.479323127218,683.544679897352,69.2922513831441,267.092933772082,98.6298506315567,624.524625059561
"PA(15:0_20:1)-H",2669.30978558396,155.519194173339,50.3924195196831,5514.3630586638,164.379170489663,1542.24241031226,4951.58978382321,1547.77702447546,93.3096612379758,50.2000789607506,5520.00711866716,1011.37831370325,263.718022913928,844.502287820309,141.875308568868,440.42107726849,114.58621295963,314.046030035178,16021.5003757881,20270.3952144788,12459.5709686567,2610.17026322036,157.930176529865,985.455774299374
"PA(16:0_16:0)-H",145497.779758998,129473.760853147,176054.414547358,480943.398826523,378483.187303486,16101.5608816463,405079.602045107,69155.8334225992,274511.271038509,82762.4759143552,255413.969303154,182398.545019553,329814.529701407,366636.57787919,420944.75974835,88904.5464531607,25615.8455643433,67655.5692947524,286424.900810973,318186.806611171,316379.094496281,108804.143405258,122526.572702861,128259.291103234
"PA(16:0_16:1)-H",1713431.75194903,1861329.08256951,2298073.38881731,4727001.48592416,1003301.6586703,3117526.15486456,4436812.34267417,2138362.54539417,3805658.86679787,779085.87190364,1547640.31454725,1282760.84110048,751436.7724713,1666399.34938561,1453745.99106213,999081.214942464,999218.937028563,1191783.24997405,2306702.5508437,1471832.46312254,1978574.54969977,446362.157070732,650319.178387572,605411.284007812
"PA(16:0_18:0)-H",867.779029985343,193.63154363364,1937.93661474351,54.9961576151177,4815.68196987039,7031.05684460196,2285.8555046222,687.003045881165,5486.10144929493,818.302509739843,1628.25957037818,2576.74236271708,65028.9490549952,43035.8925642127,65584.3942016065,214.801487071121,1267.79290176676,553.431269582387,20541.4041827916,17922.1260522237,15869.371262556,19998.5866408085,8995.85809970414,16316.9832723611
"PA(16:0_18:1)-H",296907.61194614,480906.73301947,503982.375259943,262715.016878356,617556.777385343,482877.876270718,532554.015857407,462448.217243636,575854.358038393,326380.208397713,170008.344661791,10175.3246408106,672455.464167942,789818.588506063,883430.698488866,228461.81860331,189153.532697502,248664.810255974,581053.159447982,412962.211321209,14429.0998633999,201927.30227881,395752.01697956,328374.795405599
"PA(16:0_18:2)-H",2829.41786113349,511.05143513543,580.09493957865,730.178650043834,928.933365679269,3613.75523398864,31133.8056040326,29052.5824734935,34832.3294909082,28990.1283114512,12832.0138986054,25045.725503787,3280.47156380138,1106.16834041592,259.911211840949,24544.3805834102,24095.1720032551,29003.9510057599,23471.0634837042,49027.4884400114,37908.2502722493,8710.83564642829,14167.0064893419,12606.6864082214
"PA(16:0_18:3)-H",147401.967662074,177078.078880996,209018.961445421,152417.362536189,310677.155767821,253911.211577728,284339.197606081,153462.413638012,253392.494159389,93498.9223582812,281222.736451259,202347.407155206,168171.778120373,151828.314326164,193734.852946402,80017.2215959829,60002.4307164189,83303.7075582147,144431.584495477,120416.349133621,138638.468236971,77762.4597650623,77409.0183076353,86214.7245111838
"PA(16:0_20:3)-H",144720.788659074,129092.653797757,175321.483117856,214199.752423444,80372.3258203569,160506.482143764,251463.474977469,190839.997449704,255986.493927508,74193.1536385512,102211.723524187,99261.7615465902,175639.572036318,171355.962329373,209948.236774925,70009.8122558135,46250.7407164646,69095.7238758196,64368.2247393958,158554.348419891,116541.917422798,68665.0674106271,56655.4815726953,69851.6005877723
"PA(16:0_20:4)-H",72586.7381876674,85217.556951178,101605.19152512,50853.9499926311,35261.4284390632,47023.4244984541,92227.4632701536,73799.5807184388,96088.7111456571,34977.2539087559,33199.4845001603,39198.9246690782,46156.7911935937,50473.2800812581,58412.2416600232,25119.539472102,13623.9589980989,22989.5376883384,68534.3618383349,50032.5121798518,62075.7097587859,21695.787431301,33298.9389426997,30333.1717278023
"PA(16:0_20:5)-H",49642.7809811787,12055.8133299361,38617.6527608526,49188.0098335733,34422.5267662628,45657.2530452829,18519.2358405525,31408.3346654566,28892.7624340491,30280.3945732073,32679.574735534,35931.3963903095,44488.5170087386,27272.5426877945,43576.988152423,11586.9076867352,13582.3713696042,15031.2126009248,30698.1931714357,22759.6991474524,27987.3605142009,2522.32877214238,590.143777774823,1164.30750503135
"PA(16:0_22:5)-H",18109.4565052628,29377.9160935342,30770.2037940781,185.535055149359,2628.75258831593,4149.03389209312,495.303173273499,191.612442195536,883.468023924033,17.6288443687687,2508.53016059065,4073.47305887017,24760.179050931,27996.6452118396,31882.6268209085,2110.4158038753,1553.64055622036,311.959807940575,15616.9390469392,15653.9419096506,16300.4179020827,428.323931431345,143.379104922095,1362.60533129883
"PA(16:0_22:6)-H",79323.1728359596,49790.9069450257,82093.630200849,23322.8091927648,60792.8634629205,46157.3803454065,73320.8743888242,24691.3805337055,56731.0413987869,22478.2323987849,19080.3983991276,24048.0983955545,79589.3717298184,47777.4324326734,22818.0904366565,13994.7333160712,16702.1460397448,18335.1074585567,71270.2743122151,81890.8281885062,80142.2263402429,7837.32117752265,34266.0280828535,22890.0134434303
"PA(16:1_17:0)-H",47.1078224051544,4337.87679915284,201.730867320684,33362.3916688479,23829.5548047006,31233.2697132633,7002.60527979737,446.848801814562,703.924886908603,20472.227735636,12380.1430626516,19368.8431271233,1512.25746030582,3050.13848318715,3472.86459559623,1539.19526446777,960.09212107039,277.725532262085,26488.981482162,90332.2219446139,61054.0669235015,158.475462416834,566.687534790155,791.364466081055
"PA(16:1_18:0)-H",16752.2268718561,49378.4539065854,43291.6928201176,5289.06976937354,4131.28206069131,27.5575785091587,7065.93745628135,4216.36030940556,3808.12646115914,23646.4436930319,38606.8191478772,34692.9246019526,31480.6774571017,35528.3580217885,40496.3029708401,14754.33882583,17659.1593365696,19360.9043529395,13.6755217256291,798.675576661374,30.7341739609079,38.2679375055128,303.816455240317,980.74017898992
"PA(16:1_18:1)-H",1239257.73762999,1463624.28581131,1740509.31157356,2045172.61883166,981973.847776224,1650769.72569168,1551403.61957592,1601992.30465795,1824973.58882298,549138.358490655,1434589.97022967,1078388.5561657,1663566.87093426,2262800.21129991,2369355.69908315,950196.168748134,572770.015727502,904452.323351102,1297105.76283108,875729.384357134,1137696.27474905,632797.507864345,410722.65788262,583955.821357989
"PA(16:1_18:2)-H",806413.651760225,835179.864599843,1054295.83298664,1271172.93563778,989192.508983269,1234821.39412294,1656077.43152593,923212.161238044,1492844.92428102,357220.148324986,531643.062021906,497951.419136573,1034986.58272161,712485.72523137,1060217.2358664,277433.481022334,179971.572957527,271803.423597955,919785.621054478,831476.700830944,916631.009347694,280483.87704659,452228.056110581,403813.071728113
"PA(16:1_19:0)-H",330.79381884952,196.622387770244,1639.39621884999,12.9124972703837,111.063528283696,6479.99004099665,476.950569939202,3492.51085563359,772.339970643448,71.3179701367541,3226.85583207691,2962.93364148417,1559.43345299447,5755.51304928288,302.439200712454,32547.9329491572,33029.6379051133,39115.2228165446,5134.61158788376,68.274613490847,4946.35873115479,15758.8024665182,25052.5750518079,22497.1771510876
"PA(16:1_20:0)-H",621.17680146967,78.5770710150514,142.410194279022,2153.53469638187,3771.74549675459,1601.94558960883,35849.4916977518,13478.0320640298,28551.2091437341,1730.43169148088,4535.68621267459,1776.58671240443,2618.81884922641,2447.81153650269,1794.469078805,92.7935027484984,534.921401751311,730.671085467179,4135.69197111387,1716.87454940537,141.184826828093,30.217190358623,266.079710443088,121.4666085303
"PA(16:1_20:1)-H",16130.7940420257,12318.6043649252,18158.9930753135,67.9941459676012,1435.73431420123,2570.66407456728,16848.3382132295,18431.9447685789,20417.6913052583,174.274707759805,5294.38493956235,3337.80419201002,928.521865210487,4063.76042473218,1141.29314112272,672.02099898129,495.886319537302,1627.42816550489,2.13404924086037,816.010816322826,5729.99559528888,3562.62469336912,614.11533929921,547.614119010372
"PA(16:1_20:2)-H",1968.33014596142,3092.29628992233,49.0656875421873,78.3012301353529,9.08146816742382,1091.50302637587,3665.82040745167,236.278129766316,3434.41860675301,1212.31760943841,1202.6658343253,1229.34870963323,5168.16069416138,6434.35263867017,2912.071810835,31.6531720282152,2383.76663829205,188.910529782462,3000.2408746761,344.626485503676,3156.77259973909,12034.438744627,12861.120348036,13815.4532993274
"PA(16:1_20:3)-H",171361.103657782,175852.596460588,222952.769400228,286140.449911428,277652.43655218,308261.097072714,420668.713912897,154636.413506868,36232.0666180488,183862.662264024,84127.7245979302,160237.10236596,310725.990737479,235371.825250903,331079.170627681,41296.2773050886,53288.3493848378,56532.1183100501,153239.884996161,206604.664698575,188252.974045317,72205.5852336195,29058.0847237988,57076.8986690152
"PA(16:1_20:4)-H",29120.8502884491,15602.5159536832,28350.4222690954,23381.9316903823,26095.6943455852,27067.3612297156,6842.60180165069,20.7694033432775,50.5331926486619,13226.2635972658,24295.7197440241,20774.3442816862,64.7080484720347,1685.77735881956,1785.47603770328,86.517109503349,100.887089122781,179.052023967594,91.0301527313787,2523.77781840932,549.785510486353,209.358751674464,1396.29155438398,3.09235729741927
"PA(16:1_20:5)-H",2671.63982817364,3674.77061539084,609.296074861935,7.89125337690247,2365.68278626444,2255.01733272106,1152.6132659033,295.13875685893,192.180749374098,12961.7838069976,13095.791900776,12289.6192940996,29422.8148123844,21373.5011231534,30806.0314298191,6817.39392295878,6831.65435155298,8140.40773487078,1931.01481140561,101.914835609834,141.971332518096,212.952983731169,795.330151258958,34.0552374530673
"PA(16:1_22:5)-H",46.7209377726404,2409.56897564448,58.2993155771824,22314.5908457286,24312.4741370863,25505.5273438145,2871.21976543814,2170.13219797403,137.407441216182,924.730507917964,146.127139198962,281.916407487253,384.967231174061,3933.94108444073,2439.10874959578,2327.84664240764,2070.91127943503,701.215177910245,2488.02288230509,3108.12680554558,5173.17003023402,9339.04513059845,15024.7121899757,10665.8601977409
"PA(16:1_22:6)-H",19454.0142057734,16914.2284636145,21227.3877380585,58680.6819733066,31377.7902051403,49129.4208653511,73.4099148185615,2418.55180697359,6816.57319028287,0.715314381283491,39.8013995883465,2229.648001182,34857.7562484263,49464.8058251076,50867.3823909962,5281.6153558047,21958.0508014711,16415.4075831972,24175.7608282202,46716.5288335964,37071.5774387414,2369.91196607224,931.265861256033,158.827866281429
"PA(17:0_18:2)-H",33440.7220622613,60763.0339077583,61170.2970455187,709.316950058915,210.489747934603,1965.50290693746,47072.4649989224,46368.2465238553,24312.1118833937,14341.3230983608,16174.4606650551,14449.7243661136,1859.60870201765,14.7143264668164,81.5660563795155,39.4340683743705,1833.56677829054,927.705074147539,37780.1192002164,27411.7804582084,34131.4880761321,15047.3280545498,12489.976372292,9518.34019692785
"PA(17:0_20:5)-H",819.156056077945,162.905539128062,3500.68444354951,392.987799406258,5439.4094122108,671.746074496117,5119.94572480184,28.3342816469427,2835.53727754641,741.328338544548,42.0068070962683,3698.83155675238,1282.7439778218,1373.99468440636,1.01942018689758,49.7241268574723,1814.51553567762,37.0764775881875,134.19194628518,1412.87976696688,1473.26892127464,7329.30404049322,12063.1286680677,10684.0091428203
"PA(17:0_22:4)-H",1079.8158199979,4330.96460242893,324.735362729563,1724.33349639513,261.156107797163,123.908432574345,429.155364573494,135.526224716091,2528.97312429186,16.6422240234312,1566.12182471563,70.0570250598143,4909.01310099978,2024.54414887415,584.070303851716,197.261071387885,14.7511685123556,17.7809036912744,22570.9866808008,20221.7409120416,22398.4610440361,1193.83883709099,413.337891727592,1648.42747289396
"PA(17:0_22:5)-H",13927.2943533078,12320.1874619736,16803.3008788997,5287.2186522662,5897.21543720824,3580.87337298437,810.202184105464,402.564177789192,112.136176180439,2163.57721239939,2149.93070984046,5359.20129605001,5174.4241984313,5236.33160831625,417.399162518816,27.0355750825035,236.910945657412,1371.59232284083,3451.36217547476,747.821942247539,2447.56690438043,1564.25307886184,1238.99116202285,1259.49802052579
"PA(18:0_18:0)-H",36220.1904059744,32365.4182570774,12105.6624030134,28877.7290729452,20146.8942668109,26770.5901885447,60971.8003722408,44882.9133027042,61264.4756006257,31018.0781874351,29300.1085363379,34690.1965092328,25661.0386321804,55744.2713548558,48952.6840662698,16051.5531428651,31653.4653490627,28609.9627093238,33003.4778247406,59536.4568842717,19862.2440574356,30711.1715143485,22853.0385774412,29907.4806754214
"PA(18:0_18:1)-H",75748.3587292934,75986.0813859264,97386.7265918691,110894.164103048,117917.012858973,125150.357463756,61340.174211519,72543.1928020158,77481.2254983272,54221.4507161464,57535.8144404983,63842.772723178,159550.565802773,96141.9276566564,155289.591702645,43125.6248850966,16297.5299608913,9567.48124319166,96054.3954343433,64813.1144100982,84230.2709398392,15115.8071000589,47584.8016193799,34218.6083566593
"PA(18:0_18:3)-H",9.78830027701939,132.900149386024,1515.47220697794,16062.8421751133,84979.303672631,55548.0355771253,35069.0403403846,16203.9344377084,29676.5421710101,13441.3003215546,30775.6837641205,24196.4788434964,749.433599495465,945.50707667997,5975.90423309862,1634.71532301486,40.1094160312428,29.8404181332863,39733.2670976116,54049.3393293897,49061.9125980784,2408.8597949963,2724.70610100879,62.6726235813139
"PA(18:0_20:3)-H",51811.1991897561,113719.670283013,107848.041853533,159128.11048399,81025.0708433835,130987.590059104,170910.52838694,30402.2904809967,116529.624116937,109939.147068162,106530.452106815,12607.0538051253,114.557379964658,1490.81953664728,1105.90569960459,47223.155249659,35399.6589873778,49155.7283456237,7225.99730070883,146.161372812031,63.6052238870424,13869.4751656364,18535.40899824,17914.5742637573
"PA(18:0_20:5)-H",767.798887252827,976.099482958155,1796.95112458524,196.617427455088,666.206112842925,973.422452191713,921.649761976485,5118.88447949887,1549.29956339942,1071.74392572652,502.162215274322,3632.6105545625,16305.6744374302,20215.7168155505,28088.9624196575,1735.34450331848,1696.21524826487,1228.64613887603,3036.22096596311,774.171384688554,3160.30772502979,320.584839094771,25.5814315375764,2321.01018971225
"PA(18:1_18:2)-H",953196.229167425,690149.763100642,1047816.53503133,961293.031016081,275441.274849437,673340.516549682,1474681.45569183,780570.748175226,1305306.74162255,537675.837769752,942350.616710813,821548.222122577,1518894.74779686,577685.043542724,1277397.28698005,267830.566513297,331735.60701009,358230.372520253,344059.337875264,998858.821829596,701950.844173259,346351.800536494,456079.6581383,443722.931405572
"PA(18:1_18:3)-H",547219.881035636,535067.462765904,694276.580853212,720946.178623295,935529.724943592,906726.454749988,934121.981735313,604813.722857312,890689.913533158,662854.06350632,180960.233209321,515671.014722008,459797.310097738,269410.27994824,442961.843726885,158099.464627992,55374.0403899054,126269.609065535,527138.881879355,912938.052309659,753151.42969521,99472.5420213577,234808.586836834,183148.828423216
"PA(18:1_19:0)-H",15462.9943300994,20181.304664873,22998.8418483238,24767.1332485593,42552.712697441,36888.5831377335,40222.1417825635,23275.7838770054,36751.2427751908,15579.4838769702,19525.7627584296,19861.5809132158,52438.2395366532,24682.1730637322,46921.1430740418,20739.0343839313,12950.9627351785,20013.3749596592,26045.2897490012,12382.8663960597,20129.1278047836,15654.7997005451,12189.3914623482,15535.0068276586
"PA(18:1_20:0)-H",2108.58555502762,3218.9180927196,1674.95656976691,610.480988111723,270.776606122732,4913.50261477982,979.197844708362,5794.28171805195,7255.12052005957,10747.1930320695,12585.4489179769,14735.7661722481,1435.3019963519,27.7614417643669,1268.85566541059,1668.41509734861,0.364461259957593,2907.04321473372,4809.45815085152,7255.12052005957,97.5021422683203,12.6132167487053,114.147451083619,735.36478561435
"PA(18:1_20:2)-H",169254.240908728,112725.604548177,179496.760414962,359760.211286298,237735.457552149,326204.037351017,165182.053206773,127146.717999583,169187.167181755,184473.388626778,136244.570070481,187045.002351854,210900.018271511,253716.651965297,280643.918883049,97649.3563239215,40444.6025784843,81776.7145855075,48888.9798119098,118211.190924778,14060.439401896,109926.387323062,23416.774762786,75721.4792247675
"PA(18:1_20:3)-H",819108.845821252,965851.057371308,1149380.09266819,808677.473261918,635560.691472731,789007.155013808,854969.91468759,594328.412300238,25139.515367603,325001.871208523,427844.272811694,424731.27384148,234965.716725194,411045.920221094,389083.08145991,147904.805491175,185022.542759595,198934.922228034,591042.771398568,325562.674898329,480049.635459825,155046.230866817,380344.518477783,293172.52266494
"PA(18:1_20:4)-H",241110.966660827,105412.549985268,218856.776106785,540204.202181796,249112.459725322,430372.343145987,94654.0866605874,461361.332428306,321726.359312755,55462.4967699308,283769.197995037,179311.029513106,231079.583275049,349750.502424631,350209.38568262,39937.8277513241,76543.5015032725,69841.7773072991,218921.916996072,122843.785908047,178987.592827444,72135.1371344853,134507.778483543,113621.00303481
"PA(18:1_20:5)-H",85536.4148199209,130569.522615917,139866.507891576,140050.752150948,137630.208984435,151833.222990869,257775.115584762,159018.717558764,241229.343684894,150426.579823252,109580.560947047,151753.907413491,173821.558368616,149260.072638255,195678.595460817,28011.0732090823,16254.8903293979,26280.4714287449,121238.295646749,169299.303485414,151988.458004408,48297.8348453933,56439.7550039918,58034.2606023377
"PA(18:1_22:5)-H",1650.45191468947,1884.58918833363,983.617880451887,417.320791439139,316.211503124988,6893.74468188616,47368.6798950596,19418.5375991472,38656.6558152342,617.925963625241,1104.49880285017,132.814306422535,32958.8143249235,28974.2749938747,37503.5678593682,805.622013635282,45.1543697944219,846.690831267867,256.133269302848,260.375328318537,2719.61088461396,10409.9830450719,25226.6050548338,19517.5063437804
"PA(18:1_22:6)-H",92680.7904230501,33618.4102196276,79517.5987474938,64400.8379349442,32195.1083337613,52683.2760121147,110852.043706277,139213.343421338,144717.090052105,59995.9047287472,63086.3365575104,70349.4500393689,216839.844776938,112336.85172822,200140.353984681,26415.923344468,17232.0941940534,25938.1107974038,148263.006551354,91889.7206410748,125756.805435942,41971.5820399091,67060.7933035946,60098.9169807606
"PA(18:2_18:2)-H",665481.88234339,751995.346798246,911966.655165468,2561463.37662921,1812423.49768667,2388551.10404267,1580660.6239499,1181859.64834173,1598832.85645533,1224253.98750264,353599.205903369,962236.578505846,1171952.84888455,1805498.98482208,1794999.39025866,260537.057866904,182376.220202082,263357.003357407,1713812.05882555,955771.84494179,1398109.23928624,338331.785228081,432046.711922152,426219.052996851
"PA(18:2_19:0)-H",243.764583331409,4125.92334002404,123.060169530321,50.9678495858465,145.62455141704,2503.9376438046,5069.44082270593,955.223007358236,2726.92012849399,934.957746556223,166.891419582765,11.1422202433383,1495.99750543741,732.966992161746,918.179461166974,40750.5086151695,64125.9112673568,62785.9790613053,479.726573919759,1153.92925684037,3826.05889557773,6868.64193304653,19417.5273183209,14365.7344394067
"PA(18:2_20:2)-H",13487.8242813327,12590.0073697308,16712.9049070029,6024.26954575816,5851.34330394781,6492.32579016714,3711.55928158616,4781.52418842317,75.8817778270936,870.579799058797,233.759348378903,88.3422008173754,7188.86417631096,383.069153026866,5643.30870316483,1183.413291168,931.037688540222,463.291001769756,15640.3418374466,20229.2539802451,18766.1673564944,871.994671219371,1633.21211433277,3993.68681775671
"PA(18:2_20:4)-H",30294.2365557623,54396.4286236268,54981.0510173134,164727.692253537,56155.1430476728,120319.428020006,113845.563497662,68013.3843266423,105255.635682927,68611.2724551428,21016.6487977505,54535.0909629149,1758.5518502586,2329.64715885101,44.1712621488928,47028.5495905089,14387.9463085576,36296.4531229763,104364.869744362,45345.6211738623,78427.7466420166,24011.9308778264,26014.7005725468,27755.1238050653
"PA(18:2_22:5)-H",20637.7663038683,14511.3338844079,22398.4413268235,33451.2122302428,30057.9926045779,34714.0377588517,63117.6999782426,25802.1780470262,51467.1274456167,14562.5643698272,27245.1721303976,23124.0445776916,33380.9381832499,25703.9682221486,35816.4095212556,20418.6725519761,16288.1251901547,21849.8139757085,30168.0138868174,26146.3118086488,29477.1222057995,17169.2430552249,19591.8554210879,20377.2808937429
"PA(18:3_19:0)-H",352.819607658731,127.285845545382,808.488600848951,7.06192531552768,76.3317122579264,946.570513977017,1347.1557535827,12.2028415415821,1240.99907724029,22.6100369953789,4002.22698655942,1494.97537632859,809.77313406035,2966.40812045518,22.4871720857788,20960.1144606352,17975.3322570605,23190.6367781222,565.703609762719,49.1901613247914,1003.88205177695,524.436034253371,2282.82363464056,1028.41729495293
"PA(18:3_20:0)-H",1881.3209900801,825.845292049227,8.84793374725045,819.246841363939,4166.91331299312,558.918714133412,40476.5444913359,27351.4087407202,39256.5635880927,36.7580100886856,106.672205912228,983.542808162497,37.3938662610321,118.901265276875,679.663206687061,98.7991917078832,1757.92877345523,840.745194568879,30051.14137769,39786.7634294617,36536.5729958424,770.050688456908,1680.81393214602,2507.55225477486
"PA(18:3_20:2)-H",12831.0615450308,11210.3331601873,15387.117486385,769.657510771577,1437.33985381935,1805.11974300926,1315.53760563466,300.715051935911,2681.75741917652,184.977213804864,4693.67296308319,2315.78040905813,1840.71471493833,2184.60326937702,19.0091526484623,1345.01411724378,1678.09326641302,1502.98205685732,3093.23903053024,4937.96141769001,1307.19539834151,3355.82812959142,24.1522526473213,3761.76723824826
"PA(18:3_20:5)-H",8510.68952200744,7759.50298294164,10422.3530722088,375.262472812552,3920.65631435722,7468.92806527455,176.586302087287,1990.09400236868,139.860569529457,34.6335924814907,3.30729532383578,3670.22386540348,207.176238332778,578.039155557541,1349.56371077748,4285.3983927355,5269.97652970468,5708.82562627318,52.905687682776,440.240410645685,771.238366812992,741.51669863808,29.5730245511952,1598.21676111888
"PA(19:0_20:3)-H",351.977229769591,37.1306497561783,1909.82895660783,1127.76523487725,1635.69928651354,453.098852647089,1214.00649686739,455.246959437323,5989.71196881189,1078.01492573474,5.55498873227615,1771.37239800292,507.506570151699,938.61093328512,960.089027555991,9807.34655750537,10637.612893924,12201.779505553,475.126201096203,688.707823422725,554.793954909057,236.100094562912,3538.84754519137,212.937995896065
"PA(19:0_20:4)-H",203.835205881288,1221.57704804061,488.048434097956,6750.15341310512,708.435881133192,1045.11800138081,672.791038075632,4943.06649317267,63.919556001778,166.135442873006,81.8936266244073,1085.69109651975,466.402034501024,52.079469922911,132.005566276824,20988.4411422173,18851.7173890923,23738.8363350391,1872.09136175561,1325.28654118335,745.693137093044,512.949054620246,16.8891456008835,680.300257042358
"PA(19:0_22:4)-H",13.1984854833403,1137.23201140628,815.459844388906,20.6948742097353,3438.45954944489,7786.84367288236,500.39249847457,4792.24002198645,265.274340321253,2748.20651477842,19.3104056483165,781.83939136095,10.0791490792795,1924.34391992947,2067.94679437935,90703.6709629798,92835.9125414489,109484.308548602,2597.30637955955,59.2737217708754,1126.50194279034,27564.5927624648,17014.7236685141,24966.8227392735
"PA(19:0_22:5)-H",1436.65082794184,147.492799965393,1413.10474512431,2322.32648975707,56.043305550891,7040.03909129283,1.52891300995492,3573.10831979304,1299.55107913694,217.630199816156,29.8804296419318,3140.10642960428,4899.40199321371,3601.606987046,1262.36443997909,9619.38734665544,15946.4504100589,15311.8056853102,3158.93537103106,1971.78023457208,587.22998196258,2196.2863914718,2449.95840609743,127.007215950747
"PA(20:0_20:3)-H",93.0522919472357,126.564019775945,172.261565109642,3059.52031635024,6519.32058697735,2.06402052880102,23168.4697626958,18176.7086774643,23928.7266102976,88.7448518257508,1545.77797846404,3753.71204308628,577.910840374853,4103.53069845005,255.050608591407,441.732650550136,1007.81040173329,347.957359039374,10.033383947654,1036.94614464035,3975.61387470072,2323.85068479041,2045.33005270869,406.279986211866
"PA(20:1_20:1)-H",1162.67165092424,284.778157408648,274.414472609691,6.47484227185213,1071.59687971459,1176.07346410392,43.3592149956118,791.85306240295,77.9729490182116,16587.9148668732,18392.6340583864,19932.1810893601,427.82461410296,932.541726552671,11.4892197632428,1970.79989667291,304.587876088227,994.619592724559,27111.7939263228,24807.0755014875,27174.5272196259,3133.60361206986,55.5817403917901,1246.87636161875
"PA(20:1_20:2)-H",49.9677714775356,212.579483687044,4092.93592920978,100.345744566473,5475.76308364445,6156.32852253379,2775.88190364206,92.6563693208606,61.3562984539489,15157.9481601833,20429.6358059131,20050.1377627053,654.736146639461,2024.15371664896,5667.77172281902,410.694156940853,417.12616855487,535.100409424729,311.107908795831,4726.22945659711,175.986758165795,610.266169461911,3093.2082589156,198.954168437564
"PA(20:1_20:4)-H",37289.009708945,43195.2601814499,51807.3126332721,51252.3766854551,21105.7416183817,39438.1902322526,74381.0327997621,35414.2994409244,63548.7589979259,159.922212260325,831.980867208172,151.110693463979,43147.2410896929,25756.5273141439,41850.2308534298,13039.3305939274,12712.0189448064,15354.7173218106,77329.0276507031,26861.4814124494,54593.8506186014,26176.1998734885,9502.52600339755,20138.0850215775
"PA(20:1_22:4)-H",226.838006721628,119.266455290291,3431.23482109829,14018.263624961,12826.5350863581,14674.3671159282,23435.8282928841,41508.9021227392,37582.8839666994,170.28583029909,269.282243351507,47.4816592314995,1.47378354840951,5065.94748185171,2640.41341913223,504.85521775853,283.970687085019,1849.63036689615,1309.06542158143,953.619079394332,80.3238698475727,290.063471483518,8.00770940704443,2579.27952529599
"PA(20:1_22:5)-H",2577.43819955527,516.699255423998,1341.03837040779,1.32288144160347,1187.27720056159,354.968907218121,95.2326125631652,731.93870162252,561.128323651739,35.7595877062911,246.669839476647,33.0944706130237,407.867056245307,4591.59138070493,7045.43076208347,1169.01054010042,115.383521424805,707.077570500133,28519.969523924,16735.2188489104,23699.5600059043,1279.82330867564,305.798218383567,709.775366512185
"PA(20:1_22:6)-H",318.383688801981,2719.70390806284,231.477756128406,22.1330097473646,6861.52104748631,1173.43310450737,2236.43604208062,6001.69428236154,1589.21275085726,2569.90685870565,3690.80640989287,1698.28346966,20515.8216549201,23570.1643206065,26639.1735943285,484.527357358524,57.4624978396051,263.626975662228,7092.45589824479,1666.59903304416,229.025578305868,1312.87468879997,13.279647120639,918.847205355424
"PA(20:2_20:2)-H",31713.7078856436,11454.3496032324,27176.5955969498,168809.887562256,97252.5190323164,145183.525817034,199595.729596709,18055.4295783852,125991.85013023,135134.739589436,66491.9097901553,120132.599986351,59035.0213601774,148073.427158183,124422.499006415,14112.421292239,53933.4386878278,40987.6944335248,124875.335997822,122599.156014039,129517.630775359,20605.5697940301,44026.5305278608,14351.4985458502
"PA(20:2_20:3)-H",267946.705867849,168736.704898566,277670.641572806,222736.837057518,352791.73103843,315272.348228562,337600.578971144,308445.153515315,373894.247898898,318684.78404444,108068.412313882,258601.144852489,317694.351803817,207117.466471714,318544.045289969,16287.4743372958,98616.4660569679,69366.3908152739,107403.889429494,212722.06349535,167398.254215617,136326.426273421,141079.373989925,154027.141985809
"PA(20:2_20:4)-H",22599.1923530558,77535.1249539735,65695.97962442,72099.8089843078,129416.736169897,110440.483960334,54726.2888722783,142826.098578125,114316.27688639,171434.737003944,131214.234036333,176156.001566407,92780.4225854751,81997.7188534581,105832.387234512,10706.6305454418,14425.0624385122,15026.3324504384,159059.47944378,54179.7752538762,111735.413296983,28121.0128537887,27004.0290928176,30646.7897951012
"PA(20:2_20:5)-H",56006.1324860498,56992.8295547199,72546.4852254157,40309.5227223195,58491.931306046,54105.2946151043,27466.1774355424,41625.7836147724,39983.6673538585,24432.7500087276,39211.9657857361,35502.5666910827,65888.07158439,37189.4621656081,62632.4223268916,15986.6553538191,9292.03691832863,15008.0201069992,81206.2326265411,58351.9237583696,73067.11275758,32803.6456876603,31714.9483090339,35864.99301264
"PA(20:3_20:3)-H",4521.20009930118,647.848627944782,75.589572436433,34845.2770652428,43304.0848539447,42770.4820456066,21113.9973853,33435.3214647072,31567.6237419705,697.501263122713,2168.02801994937,2489.29135007373,39969.5489569013,57313.3913877779,58680.93451714,7255.12052005957,21042.6799583504,17017.0740540835,44084.918839536,47875.9634931673,48122.3326765298,13385.575520496,8735.46574369878,12377.8845909555
"PA(20:5_20:5)-H",4744.15601097218,2086.71129686581,3840.00090167155,2736.01397111874,6623.85076600271,4966.06883823402,2473.04660756157,6394.07739200692,535.582653299666,304.223429501735,396.527762142986,1973.09986804379,1377.58797717675,5902.49601290521,498.504803310934,17.0454732298599,324.219515562937,1098.58035171235,5021.37494921318,160.337623016112,2575.50442297378,16104.2296118817,12565.0559186866,8465.04898867034
"PA(20:5_22:6)-H",3814.32360594959,77.3312676627955,613.618115362863,28.6003442404968,4010.18761937062,3334.1792319981,764.578509363137,19.8158060744524,54.5959487924739,3598.17135111936,1338.46852769165,1874.63207634355,2325.13586405183,1279.75547427324,899.451724701221,20.9983129413267,791.761379104049,630.059514376645,215.624226417298,47.4700046703102,3490.21444278248,9670.51095447718,7437.70640511688,9547.0885393296
"PA(22:4_22:6)-H",22.3905944540031,4953.45819102558,1272.37000581432,120.779786039005,1928.66345876039,4600.97000237411,671.362897564422,1655.54462850915,421.692506372459,2526.96844493689,2408.06513054059,438.084897641533,19573.6658894472,26861.7192757998,28019.359129452,14.7883879475651,737.255305422965,56.9026983868078,128.469354379766,4650.63050692376,111.996991507947,926.018692551472,3690.927055532,433.520207190573
"PA(22:5_22:5)-H",24626.6621107413,34775.1409356439,38387.4943431946,168278.151017533,110127.903965521,151990.841721526,84910.2506837718,64131.5221065645,86259.1147884559,100533.076737528,114353.05324683,122262.384236207,71872.8445629137,45606.8877134399,71321.1167952578,43661.362890919,50215.6056240273,56054.7271425337,75453.7636041474,46026.9666100701,63614.9989102365,42837.4282762744,42747.4096316294,47549.7467072488
"PA(22:6_22:6)-H",24032.9432188907,100338.877905108,81808.0451955563,146254.950250891,110010.199360987,139977.481574924,136614.845031362,39371.0859136814,101865.045757039,42502.2431185505,44727.0444194318,49854.8766161496,54484.7860568589,46969.7947566203,61445.3702800856,24493.4974584001,26745.226484157,30581.5808489327,61174.3522178423,65020.1323165054,66038.2600491888,16851.1501922062,40923.8454703391,31641.3282201089
"CL(72:0_18:0)-2H",1435.06810360205,40.1425340413854,3661.61313006931,15192.5258273669,18134.2992054511,12982.1463053443,17990.1883145987,19082.1235061981,21454.8814856979,2923.95033079543,1911.98719077194,3845.90574050195,40.2469035381553,1556.80108982123,916.017396021171,1519.60224713348,2046.65925320617,53.3806827198876,995.884035955269,42.3106678129582,350.754896674013,125.133223304837,34.3357773189125,3699.28287874295
"CL(72:1_18:0)-2H",1222.50848874172,852.166900393764,3066.88919385273,7236.66824124522,820.667030422613,61.1090758629756,298.445111795386,69.7644898595208,1175.58916934745,4154.53061289483,2363.93656916067,759.731049534581,5139.84783892743,4493.4959219034,3615.8342853727,4676.30930531467,5040.63088534849,5798.86992528705,265.864812729375,5865.67817139614,219.180487614789,13.3453064493907,718.072826001205,1123.00761631746
"CL(72:1_18:1)-2H",57603.8289142356,51325.8446611458,69745.5845979414,37865.1618541129,25308.4820691245,34491.2651002935,49220.9354779049,108671.721972918,91368.4313787042,52626.9633735088,32329.6070255293,50046.3072127597,69052.0339652449,79845.4795836426,89967.4256631081,11120.9988729111,22077.877629653,19911.2548702703,92521.3640002714,36320.6534133788,67502.6279276716,21709.6586216519,18856.8181259455,22591.461689018
"CL(72:2_18:0)-2H",9482.00892397609,10567.5327675642,12895.7345287313,573.279738593589,172.566956864915,2346.19560425282,2308.00392986022,2027.52779670658,5009.79748016821,191.236645239702,9.91877606702142,947.729745824939,1236.00177536838,1880.9905488662,2804.29966016546,6957.07304156234,5115.10882975914,7181.07569023317,2135.21660304718,879.465087949962,130.717247056304,5480.84237617783,19461.5409224948,13592.0201539797
"CL(72:2_18:1)-2H",922.835517044475,1.90829482645962,5470.52724087956,1212.02622511697,2669.67110946902,1485.09804369922,187.126066917449,63.2118387992559,1713.86724332098,395.640843109079,95.9415603823884,3027.54188088622,4617.00185672356,94.8857401719973,3567.80774286256,13382.0934350453,8781.61490778501,5617.15454207461,665.139517489433,241.845915303912,294.000383751552,5206.91202886757,11813.6852871198,9330.77987690585
"CL(72:2_18:2)-2H",86119.9135368252,76499.2639417884,104115.474415667,27175.2222479323,89522.7000711504,10793.2852788345,1370.55475552341,4827.19630322366,7469.85216082598,331.176232219272,906.346216327924,32.0714676185196,94112.5781966309,49768.0834342664,87466.9279324924,24532.7632670269,18115.9769189921,25370.3064948121,78067.9175135061,94867.9437153616,90483.1471409277,21312.8361225018,28345.5180948816,27455.1363558872
"CL(72:4_18:0)-2H",29988.9286645608,19240.6147074232,31314.5893315639,34608.2404567348,21853.7371595277,30820.2931241208,19342.1760965354,27273.2469602795,18292.0706703235,471.089469628746,702.239970649287,3851.04824728266,24358.2968047884,39333.395505388,38383.6599678518,10797.8336451911,12034.8966671905,7837.7054034656,24575.5630304538,64559.6204661548,46596.0232492493,9133.29824262527,14561.0026548846,13060.8230912349
"CL(72:4_18:1)-2H",3497.85310015959,84.2623549804493,5454.12896392153,2542.60892015597,4489.88749203811,5845.63081548013,18592.5333497791,26758.8502688205,12088.7685647323,189.040710863495,2192.58602228722,54.5885643332616,933.730211799356,2665.9671437644,1404.72457123522,36.0735508422267,62.8781051565824,2300.08764134496,15009.2034555604,21385.6944285292,9170.68724715646,6878.24443843036,9244.12501688394,8912.17732983718
"CL(72:4_20:4)-2H",13467.3341323286,10887.3513887744,15563.1860067748,3933.46005362884,473.627476266103,5207.79882613363,134.628427401275,586.677599583311,4603.18374814964,82.9269485267089,105.899852059822,3214.48215856652,5058.75879109224,467.704650330488,5106.07915960138,1172.62840368496,45.7967624029691,75.147724441705,165.962572545263,793.847873559366,189.616315257041,455.18256783299,2515.4512915471,2950.68532715314
"CL(72:8_18:0)-2H",10.8954343487952,482.068382805668,45.5232393360466,18644.5635984132,32759.4437599029,28169.6299146013,633.27292395828,520.394896143118,765.221375108554,7343.65188038423,26777.4309041359,18269.9179002802,10425.2031896302,19466.2806560783,17994.5299682631,5862.21271888557,7592.47907090254,8041.95919163632,11751.3029540155,21548.7807262036,17414.5901912816,4001.84995452725,11883.0300186513,8675.64645586067
